ISO-10303-21;
HEADER;
FILE_DESCRIPTION(('FreeCAD Model'),'2;1');
FILE_NAME('Open CASCADE Shape Model','2026-07-17T23:36:06',(''),(''),
  'Open CASCADE STEP processor 7.8','FreeCAD','Unknown');
FILE_SCHEMA(('AUTOMOTIVE_DESIGN { 1 0 10303 214 1 1 1 1 }'));
ENDSEC;
DATA;
#1 = APPLICATION_PROTOCOL_DEFINITION('international standard',
  'automotive_design',2000,#2);
#2 = APPLICATION_CONTEXT(
  'core data for automotive mechanical design processes');
#3 = SHAPE_DEFINITION_REPRESENTATION(#4,#10);
#4 = PRODUCT_DEFINITION_SHAPE('','',#5);
#5 = PRODUCT_DEFINITION('design','',#6,#9);
#6 = PRODUCT_DEFINITION_FORMATION('','',#7);
#7 = PRODUCT('Body','Body','',(#8));
#8 = PRODUCT_CONTEXT('',#2,'mechanical');
#9 = PRODUCT_DEFINITION_CONTEXT('part definition',#2,'design');
#10 = ADVANCED_BREP_SHAPE_REPRESENTATION('',(#11,#15),#2843);
#11 = AXIS2_PLACEMENT_3D('',#12,#13,#14);
#12 = CARTESIAN_POINT('',(0.,0.,0.));
#13 = DIRECTION('',(0.,0.,1.));
#14 = DIRECTION('',(1.,0.,-0.));
#15 = MANIFOLD_SOLID_BREP('',#16);
#16 = CLOSED_SHELL('',(#17,#50,#76,#177,#197,#230,#268,#306,#403,#428,
    #466,#504,#521,#546,#615,#639,#670,#695,#720,#751,#776,#802,#859,
    #916,#933,#957,#981,#1006,#1031,#1048,#1291,#1303,#1316,#1336,#1477,
    #1501,#1519,#1543,#1561,#1600,#1625,#1664,#1689,#1728,#1753,#1776,
    #1816,#1872,#1896,#1952,#1990,#2016,#2041,#2072,#2089,#2120,#2144,
    #2168,#2185,#2248,#2272,#2296,#2345,#2362,#2379,#2396,#2413,#2430,
    #2442,#2458,#2496,#2507,#2524,#2536,#2576,#2609,#2626,#2643,#2660,
    #2672,#2705,#2717,#2734,#2751,#2768,#2785,#2797,#2814,#2831));
#17 = ADVANCED_FACE('',(#18),#45,.F.);
#18 = FACE_BOUND('',#19,.F.);
#19 = EDGE_LOOP('',(#20,#30,#37,#38));
#20 = ORIENTED_EDGE('',*,*,#21,.T.);
#21 = EDGE_CURVE('',#22,#24,#26,.T.);
#22 = VERTEX_POINT('',#23);
#23 = CARTESIAN_POINT('',(3.,-16.5,0.));
#24 = VERTEX_POINT('',#25);
#25 = CARTESIAN_POINT('',(3.,-16.5,1.5));
#26 = LINE('',#27,#28);
#27 = CARTESIAN_POINT('',(3.,-16.5,0.));
#28 = VECTOR('',#29,1.);
#29 = DIRECTION('',(0.,0.,1.));
#30 = ORIENTED_EDGE('',*,*,#31,.T.);
#31 = EDGE_CURVE('',#24,#24,#32,.T.);
#32 = CIRCLE('',#33,3.);
#33 = AXIS2_PLACEMENT_3D('',#34,#35,#36);
#34 = CARTESIAN_POINT('',(0.,-16.5,1.5));
#35 = DIRECTION('',(0.,0.,-1.));
#36 = DIRECTION('',(1.,0.,0.));
#37 = ORIENTED_EDGE('',*,*,#21,.F.);
#38 = ORIENTED_EDGE('',*,*,#39,.F.);
#39 = EDGE_CURVE('',#22,#22,#40,.T.);
#40 = CIRCLE('',#41,3.);
#41 = AXIS2_PLACEMENT_3D('',#42,#43,#44);
#42 = CARTESIAN_POINT('',(0.,-16.5,0.));
#43 = DIRECTION('',(0.,0.,-1.));
#44 = DIRECTION('',(1.,0.,0.));
#45 = CYLINDRICAL_SURFACE('',#46,3.);
#46 = AXIS2_PLACEMENT_3D('',#47,#48,#49);
#47 = CARTESIAN_POINT('',(0.,-16.5,0.));
#48 = DIRECTION('',(0.,0.,-1.));
#49 = DIRECTION('',(1.,0.,0.));
#50 = ADVANCED_FACE('',(#51),#71,.F.);
#51 = FACE_BOUND('',#52,.T.);
#52 = EDGE_LOOP('',(#53,#62,#63,#64));
#53 = ORIENTED_EDGE('',*,*,#54,.F.);
#54 = EDGE_CURVE('',#24,#55,#57,.T.);
#55 = VERTEX_POINT('',#56);
#56 = CARTESIAN_POINT('',(2.,-16.5,2.5));
#57 = CIRCLE('',#58,1.);
#58 = AXIS2_PLACEMENT_3D('',#59,#60,#61);
#59 = CARTESIAN_POINT('',(2.,-16.5,1.5));
#60 = DIRECTION('',(0.,-1.,0.));
#61 = DIRECTION('',(1.,0.,0.));
#62 = ORIENTED_EDGE('',*,*,#31,.F.);
#63 = ORIENTED_EDGE('',*,*,#54,.T.);
#64 = ORIENTED_EDGE('',*,*,#65,.T.);
#65 = EDGE_CURVE('',#55,#55,#66,.T.);
#66 = CIRCLE('',#67,2.);
#67 = AXIS2_PLACEMENT_3D('',#68,#69,#70);
#68 = CARTESIAN_POINT('',(0.,-16.5,2.5));
#69 = DIRECTION('',(0.,0.,-1.));
#70 = DIRECTION('',(1.,0.,0.));
#71 = TOROIDAL_SURFACE('',#72,2.,1.);
#72 = AXIS2_PLACEMENT_3D('',#73,#74,#75);
#73 = CARTESIAN_POINT('',(0.,-16.5,1.5));
#74 = DIRECTION('',(0.,0.,1.));
#75 = DIRECTION('',(1.,0.,0.));
#76 = ADVANCED_FACE('',(#77,#147,#150,#161),#172,.F.);
#77 = FACE_BOUND('',#78,.F.);
#78 = EDGE_LOOP('',(#79,#89,#98,#106,#115,#123,#132,#140));
#79 = ORIENTED_EDGE('',*,*,#80,.T.);
#80 = EDGE_CURVE('',#81,#83,#85,.T.);
#81 = VERTEX_POINT('',#82);
#82 = CARTESIAN_POINT('',(13.499999999999,21.1,-4.440892098501E-16));
#83 = VERTEX_POINT('',#84);
#84 = CARTESIAN_POINT('',(-13.49999999999,21.1,-4.440892098501E-16));
#85 = LINE('',#86,#87);
#86 = CARTESIAN_POINT('',(13.499999999999,21.1,-4.440892098501E-16));
#87 = VECTOR('',#88,1.);
#88 = DIRECTION('',(-1.,0.,0.));
#89 = ORIENTED_EDGE('',*,*,#90,.T.);
#90 = EDGE_CURVE('',#83,#91,#93,.T.);
#91 = VERTEX_POINT('',#92);
#92 = CARTESIAN_POINT('',(-13.59999999999,21.,0.));
#93 = CIRCLE('',#94,0.1);
#94 = AXIS2_PLACEMENT_3D('',#95,#96,#97);
#95 = CARTESIAN_POINT('',(-13.49999999999,21.,0.));
#96 = DIRECTION('',(0.,-0.,1.));
#97 = DIRECTION('',(3.641531520771E-14,1.,0.));
#98 = ORIENTED_EDGE('',*,*,#99,.T.);
#99 = EDGE_CURVE('',#91,#100,#102,.T.);
#100 = VERTEX_POINT('',#101);
#101 = CARTESIAN_POINT('',(-13.59999999999,-21.,-4.440892098501E-16));
#102 = LINE('',#103,#104);
#103 = CARTESIAN_POINT('',(-13.59999999999,21.,-4.440892098501E-16));
#104 = VECTOR('',#105,1.);
#105 = DIRECTION('',(0.,-1.,0.));
#106 = ORIENTED_EDGE('',*,*,#107,.T.);
#107 = EDGE_CURVE('',#100,#108,#110,.T.);
#108 = VERTEX_POINT('',#109);
#109 = CARTESIAN_POINT('',(-13.49999999999,-21.1,0.));
#110 = CIRCLE('',#111,0.1);
#111 = AXIS2_PLACEMENT_3D('',#112,#113,#114);
#112 = CARTESIAN_POINT('',(-13.49999999999,-21.,0.));
#113 = DIRECTION('',(0.,0.,1.));
#114 = DIRECTION('',(-1.,-5.329070518201E-15,0.));
#115 = ORIENTED_EDGE('',*,*,#116,.T.);
#116 = EDGE_CURVE('',#108,#117,#119,.T.);
#117 = VERTEX_POINT('',#118);
#118 = CARTESIAN_POINT('',(13.499999999999,-21.1,-4.440892098501E-16));
#119 = LINE('',#120,#121);
#120 = CARTESIAN_POINT('',(-13.49999999999,-21.1,-4.440892098501E-16));
#121 = VECTOR('',#122,1.);
#122 = DIRECTION('',(1.,0.,0.));
#123 = ORIENTED_EDGE('',*,*,#124,.T.);
#124 = EDGE_CURVE('',#117,#125,#127,.T.);
#125 = VERTEX_POINT('',#126);
#126 = CARTESIAN_POINT('',(13.599999999999,-21.,0.));
#127 = CIRCLE('',#128,0.1);
#128 = AXIS2_PLACEMENT_3D('',#129,#130,#131);
#129 = CARTESIAN_POINT('',(13.499999999999,-21.,0.));
#130 = DIRECTION('',(0.,0.,1.));
#131 = DIRECTION('',(-3.730349362741E-14,-1.,0.));
#132 = ORIENTED_EDGE('',*,*,#133,.T.);
#133 = EDGE_CURVE('',#125,#134,#136,.T.);
#134 = VERTEX_POINT('',#135);
#135 = CARTESIAN_POINT('',(13.599999999999,21.,-4.440892098501E-16));
#136 = LINE('',#137,#138);
#137 = CARTESIAN_POINT('',(13.599999999999,-21.,-4.440892098501E-16));
#138 = VECTOR('',#139,1.);
#139 = DIRECTION('',(0.,1.,0.));
#140 = ORIENTED_EDGE('',*,*,#141,.T.);
#141 = EDGE_CURVE('',#134,#81,#142,.T.);
#142 = CIRCLE('',#143,0.1);
#143 = AXIS2_PLACEMENT_3D('',#144,#145,#146);
#144 = CARTESIAN_POINT('',(13.499999999999,21.,0.));
#145 = DIRECTION('',(0.,-0.,1.));
#146 = DIRECTION('',(1.,7.105427357601E-15,0.));
#147 = FACE_BOUND('',#148,.F.);
#148 = EDGE_LOOP('',(#149));
#149 = ORIENTED_EDGE('',*,*,#39,.T.);
#150 = FACE_BOUND('',#151,.F.);
#151 = EDGE_LOOP('',(#152));
#152 = ORIENTED_EDGE('',*,*,#153,.T.);
#153 = EDGE_CURVE('',#154,#154,#156,.T.);
#154 = VERTEX_POINT('',#155);
#155 = CARTESIAN_POINT('',(4.45,13.4,0.));
#156 = CIRCLE('',#157,1.75);
#157 = AXIS2_PLACEMENT_3D('',#158,#159,#160);
#158 = CARTESIAN_POINT('',(2.7,13.4,0.));
#159 = DIRECTION('',(0.,0.,-1.));
#160 = DIRECTION('',(1.,0.,0.));
#161 = FACE_BOUND('',#162,.F.);
#162 = EDGE_LOOP('',(#163));
#163 = ORIENTED_EDGE('',*,*,#164,.T.);
#164 = EDGE_CURVE('',#165,#165,#167,.T.);
#165 = VERTEX_POINT('',#166);
#166 = CARTESIAN_POINT('',(7.75,6.6,0.));
#167 = CIRCLE('',#168,2.25);
#168 = AXIS2_PLACEMENT_3D('',#169,#170,#171);
#169 = CARTESIAN_POINT('',(5.5,6.6,0.));
#170 = DIRECTION('',(0.,0.,-1.));
#171 = DIRECTION('',(1.,0.,0.));
#172 = PLANE('',#173);
#173 = AXIS2_PLACEMENT_3D('',#174,#175,#176);
#174 = CARTESIAN_POINT('',(1.653267373456E-16,1.523367794113E-15,0.));
#175 = DIRECTION('',(0.,0.,1.));
#176 = DIRECTION('',(1.,0.,0.));
#177 = ADVANCED_FACE('',(#178,#181),#192,.F.);
#178 = FACE_BOUND('',#179,.F.);
#179 = EDGE_LOOP('',(#180));
#180 = ORIENTED_EDGE('',*,*,#65,.F.);
#181 = FACE_BOUND('',#182,.F.);
#182 = EDGE_LOOP('',(#183));
#183 = ORIENTED_EDGE('',*,*,#184,.T.);
#184 = EDGE_CURVE('',#185,#185,#187,.T.);
#185 = VERTEX_POINT('',#186);
#186 = CARTESIAN_POINT('',(1.75,-16.5,2.5));
#187 = CIRCLE('',#188,1.75);
#188 = AXIS2_PLACEMENT_3D('',#189,#190,#191);
#189 = CARTESIAN_POINT('',(0.,-16.5,2.5));
#190 = DIRECTION('',(0.,0.,-1.));
#191 = DIRECTION('',(1.,0.,0.));
#192 = PLANE('',#193);
#193 = AXIS2_PLACEMENT_3D('',#194,#195,#196);
#194 = CARTESIAN_POINT('',(-2.279066887566E-16,-16.5,2.5));
#195 = DIRECTION('',(0.,0.,1.));
#196 = DIRECTION('',(1.,0.,0.));
#197 = ADVANCED_FACE('',(#198),#225,.T.);
#198 = FACE_BOUND('',#199,.T.);
#199 = EDGE_LOOP('',(#200,#209,#210,#219));
#200 = ORIENTED_EDGE('',*,*,#201,.T.);
#201 = EDGE_CURVE('',#202,#81,#204,.T.);
#202 = VERTEX_POINT('',#203);
#203 = CARTESIAN_POINT('',(13.499999999999,23.,1.9));
#204 = CIRCLE('',#205,1.9);
#205 = AXIS2_PLACEMENT_3D('',#206,#207,#208);
#206 = CARTESIAN_POINT('',(13.499999999999,21.1,1.9));
#207 = DIRECTION('',(-1.,0.,0.));
#208 = DIRECTION('',(0.,1.,0.));
#209 = ORIENTED_EDGE('',*,*,#80,.T.);
#210 = ORIENTED_EDGE('',*,*,#211,.F.);
#211 = EDGE_CURVE('',#212,#83,#214,.T.);
#212 = VERTEX_POINT('',#213);
#213 = CARTESIAN_POINT('',(-13.49999999999,23.,1.9));
#214 = CIRCLE('',#215,1.9);
#215 = AXIS2_PLACEMENT_3D('',#216,#217,#218);
#216 = CARTESIAN_POINT('',(-13.49999999999,21.1,1.9));
#217 = DIRECTION('',(-1.,0.,0.));
#218 = DIRECTION('',(0.,1.,0.));
#219 = ORIENTED_EDGE('',*,*,#220,.F.);
#220 = EDGE_CURVE('',#202,#212,#221,.T.);
#221 = LINE('',#222,#223);
#222 = CARTESIAN_POINT('',(13.499999999999,23.,1.9));
#223 = VECTOR('',#224,1.);
#224 = DIRECTION('',(-1.,0.,0.));
#225 = CYLINDRICAL_SURFACE('',#226,1.9);
#226 = AXIS2_PLACEMENT_3D('',#227,#228,#229);
#227 = CARTESIAN_POINT('',(13.499999999999,21.1,1.9));
#228 = DIRECTION('',(-1.,0.,0.));
#229 = DIRECTION('',(0.,1.,0.));
#230 = ADVANCED_FACE('',(#231),#251,.T.);
#231 = FACE_BOUND('',#232,.F.);
#232 = EDGE_LOOP('',(#233,#242,#249,#250));
#233 = ORIENTED_EDGE('',*,*,#234,.F.);
#234 = EDGE_CURVE('',#235,#134,#237,.T.);
#235 = VERTEX_POINT('',#236);
#236 = CARTESIAN_POINT('',(15.499999999999,21.,1.9));
#237 = CIRCLE('',#238,1.9);
#238 = AXIS2_PLACEMENT_3D('',#239,#240,#241);
#239 = CARTESIAN_POINT('',(13.599999999999,21.,1.9));
#240 = DIRECTION('',(-0.,1.,0.));
#241 = DIRECTION('',(1.,0.,0.));
#242 = ORIENTED_EDGE('',*,*,#243,.T.);
#243 = EDGE_CURVE('',#235,#202,#244,.T.);
#244 = CIRCLE('',#245,2.);
#245 = AXIS2_PLACEMENT_3D('',#246,#247,#248);
#246 = CARTESIAN_POINT('',(13.499999999999,21.,1.9));
#247 = DIRECTION('',(0.,-0.,1.));
#248 = DIRECTION('',(1.,7.105427357601E-15,0.));
#249 = ORIENTED_EDGE('',*,*,#201,.T.);
#250 = ORIENTED_EDGE('',*,*,#141,.F.);
#251 = SURFACE_OF_REVOLUTION('',#252,#265);
#252 = B_SPLINE_CURVE_WITH_KNOTS('',6,(#253,#254,#255,#256,#257,#258,
    #259,#260,#261,#262,#263,#264),.UNSPECIFIED.,.F.,.F.,(7,5,7),(0.,
    0.785398163397,1.570796326795),.UNSPECIFIED.);
#253 = CARTESIAN_POINT('',(15.499999999999,21.,1.9));
#254 = CARTESIAN_POINT('',(15.499999999999,21.,1.651290581591));
#255 = CARTESIAN_POINT('',(15.460932969154,21.,1.402581578595));
#256 = CARTESIAN_POINT('',(15.3827978897,21.,1.161540935116));
#257 = CARTESIAN_POINT('',(15.267606260685,21.,0.93584961704));
#258 = CARTESIAN_POINT('',(15.119367000556,21.,0.732361232048));
#259 = CARTESIAN_POINT('',(14.767638767952,21.,0.380632999443));
#260 = CARTESIAN_POINT('',(14.56415038296,21.,0.232393739314));
#261 = CARTESIAN_POINT('',(14.338459064884,21.,0.117202110299));
#262 = CARTESIAN_POINT('',(14.097418421405,21.,3.906703084475E-02));
#263 = CARTESIAN_POINT('',(13.848709418408,21.,-1.382948303619E-16));
#264 = CARTESIAN_POINT('',(13.599999999999,21.,2.775557561563E-17));
#265 = AXIS1_PLACEMENT('',#266,#267);
#266 = CARTESIAN_POINT('',(13.499999999999,21.,1.9));
#267 = DIRECTION('',(-0.,-0.,-1.));
#268 = ADVANCED_FACE('',(#269),#289,.T.);
#269 = FACE_BOUND('',#270,.F.);
#270 = EDGE_LOOP('',(#271,#272,#281,#288));
#271 = ORIENTED_EDGE('',*,*,#211,.F.);
#272 = ORIENTED_EDGE('',*,*,#273,.T.);
#273 = EDGE_CURVE('',#212,#274,#276,.T.);
#274 = VERTEX_POINT('',#275);
#275 = CARTESIAN_POINT('',(-15.49999999999,21.,1.9));
#276 = CIRCLE('',#277,2.);
#277 = AXIS2_PLACEMENT_3D('',#278,#279,#280);
#278 = CARTESIAN_POINT('',(-13.49999999999,21.,1.9));
#279 = DIRECTION('',(0.,-0.,1.));
#280 = DIRECTION('',(3.641531520771E-14,1.,0.));
#281 = ORIENTED_EDGE('',*,*,#282,.T.);
#282 = EDGE_CURVE('',#274,#91,#283,.T.);
#283 = CIRCLE('',#284,1.9);
#284 = AXIS2_PLACEMENT_3D('',#285,#286,#287);
#285 = CARTESIAN_POINT('',(-13.59999999999,21.,1.9));
#286 = DIRECTION('',(-5.834392068008E-15,-1.,-0.));
#287 = DIRECTION('',(-1.,5.834392068008E-15,0.));
#288 = ORIENTED_EDGE('',*,*,#90,.F.);
#289 = SURFACE_OF_REVOLUTION('',#290,#303);
#290 = B_SPLINE_CURVE_WITH_KNOTS('',6,(#291,#292,#293,#294,#295,#296,
    #297,#298,#299,#300,#301,#302),.UNSPECIFIED.,.F.,.F.,(7,5,7),(0.,
    0.785398163397,1.570796326795),.UNSPECIFIED.);
#291 = CARTESIAN_POINT('',(-13.49999999999,23.,1.9));
#292 = CARTESIAN_POINT('',(-13.49999999999,23.,1.651290581591));
#293 = CARTESIAN_POINT('',(-13.49999999999,22.960932969155,
    1.402581578595));
#294 = CARTESIAN_POINT('',(-13.49999999999,22.882797889701,
    1.161540935116));
#295 = CARTESIAN_POINT('',(-13.49999999999,22.767606260686,0.93584961704
    ));
#296 = CARTESIAN_POINT('',(-13.49999999999,22.619367000557,
    0.732361232048));
#297 = CARTESIAN_POINT('',(-13.49999999999,22.267638767952,
    0.380632999443));
#298 = CARTESIAN_POINT('',(-13.49999999999,22.06415038296,0.232393739314
    ));
#299 = CARTESIAN_POINT('',(-13.49999999999,21.838459064884,
    0.117202110299));
#300 = CARTESIAN_POINT('',(-13.49999999999,21.597418421405,
    3.906703084475E-02));
#301 = CARTESIAN_POINT('',(-13.49999999999,21.348709418409,
    -1.382948303619E-16));
#302 = CARTESIAN_POINT('',(-13.49999999999,21.1,2.775557561563E-17));
#303 = AXIS1_PLACEMENT('',#304,#305);
#304 = CARTESIAN_POINT('',(-13.49999999999,21.,1.9));
#305 = DIRECTION('',(-0.,-0.,-1.));
#306 = ADVANCED_FACE('',(#307),#398,.T.);
#307 = FACE_BOUND('',#308,.T.);
#308 = EDGE_LOOP('',(#309,#319,#338,#347,#355,#362,#363,#364,#372,#381)
  );
#309 = ORIENTED_EDGE('',*,*,#310,.F.);
#310 = EDGE_CURVE('',#311,#313,#315,.T.);
#311 = VERTEX_POINT('',#312);
#312 = CARTESIAN_POINT('',(15.073091986265,5.,0.7));
#313 = VERTEX_POINT('',#314);
#314 = CARTESIAN_POINT('',(15.073091986265,14.,0.7));
#315 = LINE('',#316,#317);
#316 = CARTESIAN_POINT('',(15.073091986265,-21.,0.7));
#317 = VECTOR('',#318,1.);
#318 = DIRECTION('',(0.,1.,0.));
#319 = ORIENTED_EDGE('',*,*,#320,.F.);
#320 = EDGE_CURVE('',#321,#311,#323,.T.);
#321 = VERTEX_POINT('',#322);
#322 = CARTESIAN_POINT('',(15.366352173265,4.5,1.2));
#323 = B_SPLINE_CURVE_WITH_KNOTS('',7,(#324,#325,#326,#327,#328,#329,
    #330,#331,#332,#333,#334,#335,#336,#337),.UNSPECIFIED.,.F.,.F.,(8,6,
    8),(0.,0.456131540056,1.),.UNSPECIFIED.);
#324 = CARTESIAN_POINT('',(15.366352173265,4.5,1.2));
#325 = CARTESIAN_POINT('',(15.345424316939,4.5,1.147191479282));
#326 = CARTESIAN_POINT('',(15.322506371888,4.506507188596,1.094738195466
    ));
#327 = CARTESIAN_POINT('',(15.297967638714,4.519363101088,1.043714577486
    ));
#328 = CARTESIAN_POINT('',(15.272356845897,4.538154081992,0.995021470074
    ));
#329 = CARTESIAN_POINT('',(15.246346947355,4.562363941528,0.94937123108)
  );
#330 = CARTESIAN_POINT('',(15.220687806548,4.591464563587,0.907319561376
    ));
#331 = CARTESIAN_POINT('',(15.166929104788,4.664864227188,0.82406398551)
  );
#332 = CARTESIAN_POINT('',(15.139281950245,4.711046455348,0.784537068718
    ));
#333 = CARTESIAN_POINT('',(15.114588730684,4.762626354186,0.751612944598
    ));
#334 = CARTESIAN_POINT('',(15.094353339672,4.818622794695,0.726095068452
    ));
#335 = CARTESIAN_POINT('',(15.080180090521,4.877882935006,0.708702328706
    ));
#336 = CARTESIAN_POINT('',(15.073091986265,4.938929692722,0.7));
#337 = CARTESIAN_POINT('',(15.073091986265,5.,0.7));
#338 = ORIENTED_EDGE('',*,*,#339,.F.);
#339 = EDGE_CURVE('',#340,#321,#342,.T.);
#340 = VERTEX_POINT('',#341);
#341 = CARTESIAN_POINT('',(15.499999999999,4.5,1.9));
#342 = CIRCLE('',#343,1.9);
#343 = AXIS2_PLACEMENT_3D('',#344,#345,#346);
#344 = CARTESIAN_POINT('',(13.599999999999,4.5,1.9));
#345 = DIRECTION('',(-0.,1.,0.));
#346 = DIRECTION('',(1.,0.,0.));
#347 = ORIENTED_EDGE('',*,*,#348,.F.);
#348 = EDGE_CURVE('',#349,#340,#351,.T.);
#349 = VERTEX_POINT('',#350);
#350 = CARTESIAN_POINT('',(15.499999999999,-21.,1.9));
#351 = LINE('',#352,#353);
#352 = CARTESIAN_POINT('',(15.499999999999,-21.,1.9));
#353 = VECTOR('',#354,1.);
#354 = DIRECTION('',(0.,1.,0.));
#355 = ORIENTED_EDGE('',*,*,#356,.T.);
#356 = EDGE_CURVE('',#349,#125,#357,.T.);
#357 = CIRCLE('',#358,1.9);
#358 = AXIS2_PLACEMENT_3D('',#359,#360,#361);
#359 = CARTESIAN_POINT('',(13.599999999999,-21.,1.9));
#360 = DIRECTION('',(5.390302858158E-15,1.,0.));
#361 = DIRECTION('',(1.,-5.390302858158E-15,0.));
#362 = ORIENTED_EDGE('',*,*,#133,.T.);
#363 = ORIENTED_EDGE('',*,*,#234,.F.);
#364 = ORIENTED_EDGE('',*,*,#365,.F.);
#365 = EDGE_CURVE('',#366,#235,#368,.T.);
#366 = VERTEX_POINT('',#367);
#367 = CARTESIAN_POINT('',(15.499999999999,14.5,1.9));
#368 = LINE('',#369,#370);
#369 = CARTESIAN_POINT('',(15.499999999999,-21.,1.9));
#370 = VECTOR('',#371,1.);
#371 = DIRECTION('',(0.,1.,0.));
#372 = ORIENTED_EDGE('',*,*,#373,.T.);
#373 = EDGE_CURVE('',#366,#374,#376,.T.);
#374 = VERTEX_POINT('',#375);
#375 = CARTESIAN_POINT('',(15.366352173265,14.5,1.2));
#376 = CIRCLE('',#377,1.9);
#377 = AXIS2_PLACEMENT_3D('',#378,#379,#380);
#378 = CARTESIAN_POINT('',(13.599999999999,14.5,1.9));
#379 = DIRECTION('',(-0.,1.,0.));
#380 = DIRECTION('',(1.,0.,0.));
#381 = ORIENTED_EDGE('',*,*,#382,.F.);
#382 = EDGE_CURVE('',#313,#374,#383,.T.);
#383 = B_SPLINE_CURVE_WITH_KNOTS('',7,(#384,#385,#386,#387,#388,#389,
    #390,#391,#392,#393,#394,#395,#396,#397),.UNSPECIFIED.,.F.,.F.,(8,6,
    8),(0.,0.54388206116,1.),.UNSPECIFIED.);
#384 = CARTESIAN_POINT('',(15.073091986265,14.,0.7));
#385 = CARTESIAN_POINT('',(15.073091986265,14.061075712683,0.7));
#386 = CARTESIAN_POINT('',(15.080181250449,14.122122178104,
    0.708703870708));
#387 = CARTESIAN_POINT('',(15.094354979771,14.181378096506,
    0.726096744484));
#388 = CARTESIAN_POINT('',(15.114587711736,14.23737106244,0.75161232461)
  );
#389 = CARTESIAN_POINT('',(15.13928022702,14.288950173693,0.784534529974
    ));
#390 = CARTESIAN_POINT('',(15.166927685588,14.335133835101,
    0.824061787609));
#391 = CARTESIAN_POINT('',(15.220687652358,14.40853522589,0.907319322584
    ));
#392 = CARTESIAN_POINT('',(15.246346877621,14.437636049076,
    0.949371114452));
#393 = CARTESIAN_POINT('',(15.272356868559,14.461845944115,
    0.995021495765));
#394 = CARTESIAN_POINT('',(15.297967697158,14.480636935139,
    1.043714661593));
#395 = CARTESIAN_POINT('',(15.322506456622,14.493492889048,
    1.094738365398));
#396 = CARTESIAN_POINT('',(15.345424447243,14.5,1.147191808086));
#397 = CARTESIAN_POINT('',(15.366352173265,14.5,1.2));
#398 = CYLINDRICAL_SURFACE('',#399,1.9);
#399 = AXIS2_PLACEMENT_3D('',#400,#401,#402);
#400 = CARTESIAN_POINT('',(13.599999999999,-21.,1.9));
#401 = DIRECTION('',(0.,1.,0.));
#402 = DIRECTION('',(1.,0.,0.));
#403 = ADVANCED_FACE('',(#404),#423,.T.);
#404 = FACE_BOUND('',#405,.T.);
#405 = EDGE_LOOP('',(#406,#407,#408,#417));
#406 = ORIENTED_EDGE('',*,*,#282,.T.);
#407 = ORIENTED_EDGE('',*,*,#99,.T.);
#408 = ORIENTED_EDGE('',*,*,#409,.F.);
#409 = EDGE_CURVE('',#410,#100,#412,.T.);
#410 = VERTEX_POINT('',#411);
#411 = CARTESIAN_POINT('',(-15.49999999999,-21.,1.9));
#412 = CIRCLE('',#413,1.9);
#413 = AXIS2_PLACEMENT_3D('',#414,#415,#416);
#414 = CARTESIAN_POINT('',(-13.59999999999,-21.,1.9));
#415 = DIRECTION('',(0.,-1.,0.));
#416 = DIRECTION('',(-1.,0.,0.));
#417 = ORIENTED_EDGE('',*,*,#418,.F.);
#418 = EDGE_CURVE('',#274,#410,#419,.T.);
#419 = LINE('',#420,#421);
#420 = CARTESIAN_POINT('',(-15.49999999999,21.,1.9));
#421 = VECTOR('',#422,1.);
#422 = DIRECTION('',(0.,-1.,0.));
#423 = CYLINDRICAL_SURFACE('',#424,1.9);
#424 = AXIS2_PLACEMENT_3D('',#425,#426,#427);
#425 = CARTESIAN_POINT('',(-13.59999999999,21.,1.9));
#426 = DIRECTION('',(0.,-1.,0.));
#427 = DIRECTION('',(-1.,0.,0.));
#428 = ADVANCED_FACE('',(#429),#449,.T.);
#429 = FACE_BOUND('',#430,.F.);
#430 = EDGE_LOOP('',(#431,#440,#447,#448));
#431 = ORIENTED_EDGE('',*,*,#432,.F.);
#432 = EDGE_CURVE('',#433,#117,#435,.T.);
#433 = VERTEX_POINT('',#434);
#434 = CARTESIAN_POINT('',(13.499999999999,-23.,1.9));
#435 = CIRCLE('',#436,1.9);
#436 = AXIS2_PLACEMENT_3D('',#437,#438,#439);
#437 = CARTESIAN_POINT('',(13.499999999999,-21.1,1.9));
#438 = DIRECTION('',(1.,0.,0.));
#439 = DIRECTION('',(0.,-1.,0.));
#440 = ORIENTED_EDGE('',*,*,#441,.T.);
#441 = EDGE_CURVE('',#433,#349,#442,.T.);
#442 = CIRCLE('',#443,2.);
#443 = AXIS2_PLACEMENT_3D('',#444,#445,#446);
#444 = CARTESIAN_POINT('',(13.499999999999,-21.,1.9));
#445 = DIRECTION('',(0.,0.,1.));
#446 = DIRECTION('',(-3.730349362741E-14,-1.,0.));
#447 = ORIENTED_EDGE('',*,*,#356,.T.);
#448 = ORIENTED_EDGE('',*,*,#124,.F.);
#449 = SURFACE_OF_REVOLUTION('',#450,#463);
#450 = B_SPLINE_CURVE_WITH_KNOTS('',6,(#451,#452,#453,#454,#455,#456,
    #457,#458,#459,#460,#461,#462),.UNSPECIFIED.,.F.,.F.,(7,5,7),(0.,
    0.785398163397,1.570796326795),.UNSPECIFIED.);
#451 = CARTESIAN_POINT('',(13.499999999999,-23.,1.9));
#452 = CARTESIAN_POINT('',(13.499999999999,-23.,1.651290581591));
#453 = CARTESIAN_POINT('',(13.499999999999,-22.96093296915,
    1.402581578595));
#454 = CARTESIAN_POINT('',(13.499999999999,-22.8827978897,1.161540935116
    ));
#455 = CARTESIAN_POINT('',(13.499999999999,-22.76760626068,0.93584961704
    ));
#456 = CARTESIAN_POINT('',(13.499999999999,-22.61936700055,
    0.732361232048));
#457 = CARTESIAN_POINT('',(13.499999999999,-22.26763876795,
    0.380632999443));
#458 = CARTESIAN_POINT('',(13.499999999999,-22.06415038296,
    0.232393739314));
#459 = CARTESIAN_POINT('',(13.499999999999,-21.83845906488,
    0.117202110299));
#460 = CARTESIAN_POINT('',(13.499999999999,-21.5974184214,
    3.906703084475E-02));
#461 = CARTESIAN_POINT('',(13.499999999999,-21.3487094184,
    -1.382948303619E-16));
#462 = CARTESIAN_POINT('',(13.499999999999,-21.1,2.775557561563E-17));
#463 = AXIS1_PLACEMENT('',#464,#465);
#464 = CARTESIAN_POINT('',(13.499999999999,-21.,1.9));
#465 = DIRECTION('',(-0.,-0.,-1.));
#466 = ADVANCED_FACE('',(#467),#487,.T.);
#467 = FACE_BOUND('',#468,.F.);
#468 = EDGE_LOOP('',(#469,#470,#479,#486));
#469 = ORIENTED_EDGE('',*,*,#409,.F.);
#470 = ORIENTED_EDGE('',*,*,#471,.T.);
#471 = EDGE_CURVE('',#410,#472,#474,.T.);
#472 = VERTEX_POINT('',#473);
#473 = CARTESIAN_POINT('',(-13.49999999999,-23.,1.9));
#474 = CIRCLE('',#475,2.);
#475 = AXIS2_PLACEMENT_3D('',#476,#477,#478);
#476 = CARTESIAN_POINT('',(-13.49999999999,-21.,1.9));
#477 = DIRECTION('',(0.,0.,1.));
#478 = DIRECTION('',(-1.,-5.329070518201E-15,0.));
#479 = ORIENTED_EDGE('',*,*,#480,.T.);
#480 = EDGE_CURVE('',#472,#108,#481,.T.);
#481 = CIRCLE('',#482,1.9);
#482 = AXIS2_PLACEMENT_3D('',#483,#484,#485);
#483 = CARTESIAN_POINT('',(-13.49999999999,-21.1,1.9));
#484 = DIRECTION('',(1.,3.635408286775E-14,0.));
#485 = DIRECTION('',(3.635408286775E-14,-1.,0.));
#486 = ORIENTED_EDGE('',*,*,#107,.F.);
#487 = SURFACE_OF_REVOLUTION('',#488,#501);
#488 = B_SPLINE_CURVE_WITH_KNOTS('',6,(#489,#490,#491,#492,#493,#494,
    #495,#496,#497,#498,#499,#500),.UNSPECIFIED.,.F.,.F.,(7,5,7),(0.,
    0.785398163397,1.570796326795),.UNSPECIFIED.);
#489 = CARTESIAN_POINT('',(-15.49999999999,-21.,1.9));
#490 = CARTESIAN_POINT('',(-15.49999999999,-21.,1.651290581591));
#491 = CARTESIAN_POINT('',(-15.46093296915,-21.,1.402581578595));
#492 = CARTESIAN_POINT('',(-15.3827978897,-21.,1.161540935116));
#493 = CARTESIAN_POINT('',(-15.26760626068,-21.,0.93584961704));
#494 = CARTESIAN_POINT('',(-15.11936700055,-21.,0.732361232048));
#495 = CARTESIAN_POINT('',(-14.76763876795,-21.,0.380632999443));
#496 = CARTESIAN_POINT('',(-14.56415038296,-21.,0.232393739314));
#497 = CARTESIAN_POINT('',(-14.33845906488,-21.,0.117202110299));
#498 = CARTESIAN_POINT('',(-14.0974184214,-21.,3.906703084475E-02));
#499 = CARTESIAN_POINT('',(-13.8487094184,-21.,-1.382948303619E-16));
#500 = CARTESIAN_POINT('',(-13.59999999999,-21.,2.775557561563E-17));
#501 = AXIS1_PLACEMENT('',#502,#503);
#502 = CARTESIAN_POINT('',(-13.49999999999,-21.,1.9));
#503 = DIRECTION('',(-0.,-0.,-1.));
#504 = ADVANCED_FACE('',(#505),#516,.T.);
#505 = FACE_BOUND('',#506,.T.);
#506 = EDGE_LOOP('',(#507,#508,#509,#510));
#507 = ORIENTED_EDGE('',*,*,#480,.T.);
#508 = ORIENTED_EDGE('',*,*,#116,.T.);
#509 = ORIENTED_EDGE('',*,*,#432,.F.);
#510 = ORIENTED_EDGE('',*,*,#511,.F.);
#511 = EDGE_CURVE('',#472,#433,#512,.T.);
#512 = LINE('',#513,#514);
#513 = CARTESIAN_POINT('',(-13.49999999999,-23.,1.9));
#514 = VECTOR('',#515,1.);
#515 = DIRECTION('',(1.,0.,0.));
#516 = CYLINDRICAL_SURFACE('',#517,1.9);
#517 = AXIS2_PLACEMENT_3D('',#518,#519,#520);
#518 = CARTESIAN_POINT('',(-13.49999999999,-21.1,1.9));
#519 = DIRECTION('',(1.,0.,0.));
#520 = DIRECTION('',(0.,-1.,0.));
#521 = ADVANCED_FACE('',(#522),#541,.F.);
#522 = FACE_BOUND('',#523,.T.);
#523 = EDGE_LOOP('',(#524,#525,#533,#540));
#524 = ORIENTED_EDGE('',*,*,#153,.T.);
#525 = ORIENTED_EDGE('',*,*,#526,.T.);
#526 = EDGE_CURVE('',#154,#527,#529,.T.);
#527 = VERTEX_POINT('',#528);
#528 = CARTESIAN_POINT('',(4.45,13.4,1.5));
#529 = LINE('',#530,#531);
#530 = CARTESIAN_POINT('',(4.45,13.4,-112.7044151752));
#531 = VECTOR('',#532,1.);
#532 = DIRECTION('',(0.,0.,1.));
#533 = ORIENTED_EDGE('',*,*,#534,.F.);
#534 = EDGE_CURVE('',#527,#527,#535,.T.);
#535 = CIRCLE('',#536,1.75);
#536 = AXIS2_PLACEMENT_3D('',#537,#538,#539);
#537 = CARTESIAN_POINT('',(2.7,13.4,1.5));
#538 = DIRECTION('',(0.,0.,-1.));
#539 = DIRECTION('',(1.,0.,0.));
#540 = ORIENTED_EDGE('',*,*,#526,.F.);
#541 = CYLINDRICAL_SURFACE('',#542,1.75);
#542 = AXIS2_PLACEMENT_3D('',#543,#544,#545);
#543 = CARTESIAN_POINT('',(2.7,13.4,-112.7044151752));
#544 = DIRECTION('',(-0.,-0.,-1.));
#545 = DIRECTION('',(1.,0.,0.));
#546 = ADVANCED_FACE('',(#547),#610,.F.);
#547 = FACE_BOUND('',#548,.T.);
#548 = EDGE_LOOP('',(#549,#550,#558,#567,#575,#584,#592,#602,#609));
#549 = ORIENTED_EDGE('',*,*,#164,.T.);
#550 = ORIENTED_EDGE('',*,*,#551,.T.);
#551 = EDGE_CURVE('',#165,#552,#554,.T.);
#552 = VERTEX_POINT('',#553);
#553 = CARTESIAN_POINT('',(7.75,6.6,0.7));
#554 = LINE('',#555,#556);
#555 = CARTESIAN_POINT('',(7.75,6.6,-112.7044151752));
#556 = VECTOR('',#557,1.);
#557 = DIRECTION('',(0.,0.,1.));
#558 = ORIENTED_EDGE('',*,*,#559,.F.);
#559 = EDGE_CURVE('',#560,#552,#562,.T.);
#560 = VERTEX_POINT('',#561);
#561 = CARTESIAN_POINT('',(6.999999999999,8.277050983126,0.7));
#562 = CIRCLE('',#563,2.25);
#563 = AXIS2_PLACEMENT_3D('',#564,#565,#566);
#564 = CARTESIAN_POINT('',(5.5,6.6,0.7));
#565 = DIRECTION('',(0.,0.,-1.));
#566 = DIRECTION('',(1.,0.,0.));
#567 = ORIENTED_EDGE('',*,*,#568,.F.);
#568 = EDGE_CURVE('',#569,#560,#571,.T.);
#569 = VERTEX_POINT('',#570);
#570 = CARTESIAN_POINT('',(6.999999999999,8.277050983126,1.5));
#571 = LINE('',#572,#573);
#572 = CARTESIAN_POINT('',(6.999999999999,8.277050983126,-112.7044151752
    ));
#573 = VECTOR('',#574,1.);
#574 = DIRECTION('',(-0.,-0.,-1.));
#575 = ORIENTED_EDGE('',*,*,#576,.F.);
#576 = EDGE_CURVE('',#577,#569,#579,.T.);
#577 = VERTEX_POINT('',#578);
#578 = CARTESIAN_POINT('',(6.999999999999,4.922949016874,1.5));
#579 = CIRCLE('',#580,2.25);
#580 = AXIS2_PLACEMENT_3D('',#581,#582,#583);
#581 = CARTESIAN_POINT('',(5.5,6.6,1.5));
#582 = DIRECTION('',(0.,0.,-1.));
#583 = DIRECTION('',(1.,0.,0.));
#584 = ORIENTED_EDGE('',*,*,#585,.T.);
#585 = EDGE_CURVE('',#577,#586,#588,.T.);
#586 = VERTEX_POINT('',#587);
#587 = CARTESIAN_POINT('',(6.999999999999,4.922949016874,0.705972525056)
  );
#588 = LINE('',#589,#590);
#589 = CARTESIAN_POINT('',(6.999999999999,4.922949016874,-112.7044151752
    ));
#590 = VECTOR('',#591,1.);
#591 = DIRECTION('',(-0.,-0.,-1.));
#592 = ORIENTED_EDGE('',*,*,#593,.T.);
#593 = EDGE_CURVE('',#586,#594,#596,.T.);
#594 = VERTEX_POINT('',#595);
#595 = CARTESIAN_POINT('',(7.081929201956,5.,0.7));
#596 = B_SPLINE_CURVE_WITH_KNOTS('',4,(#597,#598,#599,#600,#601),
  .UNSPECIFIED.,.F.,.F.,(5,5),(0.,1.),.PIECEWISE_BEZIER_KNOTS.);
#597 = CARTESIAN_POINT('',(6.999535125102,4.922533336073,0.706037535859)
  );
#598 = CARTESIAN_POINT('',(7.020709995159,4.941462154215,0.703068985615)
  );
#599 = CARTESIAN_POINT('',(7.041540165105,4.960723935782,0.701038984067)
  );
#600 = CARTESIAN_POINT('',(7.061966526452,4.98026278792,0.7));
#601 = CARTESIAN_POINT('',(7.081929201956,5.,0.7));
#602 = ORIENTED_EDGE('',*,*,#603,.F.);
#603 = EDGE_CURVE('',#552,#594,#604,.T.);
#604 = CIRCLE('',#605,2.25);
#605 = AXIS2_PLACEMENT_3D('',#606,#607,#608);
#606 = CARTESIAN_POINT('',(5.5,6.6,0.7));
#607 = DIRECTION('',(0.,0.,-1.));
#608 = DIRECTION('',(1.,0.,0.));
#609 = ORIENTED_EDGE('',*,*,#551,.F.);
#610 = CYLINDRICAL_SURFACE('',#611,2.25);
#611 = AXIS2_PLACEMENT_3D('',#612,#613,#614);
#612 = CARTESIAN_POINT('',(5.5,6.6,-112.7044151752));
#613 = DIRECTION('',(-0.,-0.,-1.));
#614 = DIRECTION('',(1.,0.,0.));
#615 = ADVANCED_FACE('',(#616),#634,.F.);
#616 = FACE_BOUND('',#617,.T.);
#617 = EDGE_LOOP('',(#618,#625,#632,#633));
#618 = ORIENTED_EDGE('',*,*,#619,.F.);
#619 = EDGE_CURVE('',#620,#185,#622,.T.);
#620 = VERTEX_POINT('',#621);
#621 = CARTESIAN_POINT('',(1.75,-16.5,3.));
#622 = B_SPLINE_CURVE_WITH_KNOTS('',1,(#623,#624),.UNSPECIFIED.,.F.,.F.,
  (2,2),(-115.7044151752,-112.7044151752),.PIECEWISE_BEZIER_KNOTS.);
#623 = CARTESIAN_POINT('',(1.75,-16.5,3.));
#624 = CARTESIAN_POINT('',(1.75,-16.5,0.));
#625 = ORIENTED_EDGE('',*,*,#626,.T.);
#626 = EDGE_CURVE('',#620,#620,#627,.T.);
#627 = CIRCLE('',#628,1.75);
#628 = AXIS2_PLACEMENT_3D('',#629,#630,#631);
#629 = CARTESIAN_POINT('',(0.,-16.5,3.));
#630 = DIRECTION('',(0.,0.,1.));
#631 = DIRECTION('',(1.,0.,0.));
#632 = ORIENTED_EDGE('',*,*,#619,.T.);
#633 = ORIENTED_EDGE('',*,*,#184,.T.);
#634 = CYLINDRICAL_SURFACE('',#635,1.75);
#635 = AXIS2_PLACEMENT_3D('',#636,#637,#638);
#636 = CARTESIAN_POINT('',(0.,-16.5,-112.7044151752));
#637 = DIRECTION('',(-0.,-0.,-1.));
#638 = DIRECTION('',(1.,0.,0.));
#639 = ADVANCED_FACE('',(#640),#665,.F.);
#640 = FACE_BOUND('',#641,.F.);
#641 = EDGE_LOOP('',(#642,#650,#658,#664));
#642 = ORIENTED_EDGE('',*,*,#643,.T.);
#643 = EDGE_CURVE('',#202,#644,#646,.T.);
#644 = VERTEX_POINT('',#645);
#645 = CARTESIAN_POINT('',(13.499999999999,23.,2.5));
#646 = LINE('',#647,#648);
#647 = CARTESIAN_POINT('',(13.499999999999,23.,0.));
#648 = VECTOR('',#649,1.);
#649 = DIRECTION('',(0.,0.,1.));
#650 = ORIENTED_EDGE('',*,*,#651,.T.);
#651 = EDGE_CURVE('',#644,#652,#654,.T.);
#652 = VERTEX_POINT('',#653);
#653 = CARTESIAN_POINT('',(-13.49999999999,23.,2.5));
#654 = LINE('',#655,#656);
#655 = CARTESIAN_POINT('',(13.499999999999,23.,2.5));
#656 = VECTOR('',#657,1.);
#657 = DIRECTION('',(-1.,0.,0.));
#658 = ORIENTED_EDGE('',*,*,#659,.F.);
#659 = EDGE_CURVE('',#212,#652,#660,.T.);
#660 = LINE('',#661,#662);
#661 = CARTESIAN_POINT('',(-13.49999999999,23.,0.));
#662 = VECTOR('',#663,1.);
#663 = DIRECTION('',(0.,0.,1.));
#664 = ORIENTED_EDGE('',*,*,#220,.F.);
#665 = PLANE('',#666);
#666 = AXIS2_PLACEMENT_3D('',#667,#668,#669);
#667 = CARTESIAN_POINT('',(13.499999999999,23.,0.));
#668 = DIRECTION('',(0.,-1.,0.));
#669 = DIRECTION('',(-1.,0.,0.));
#670 = ADVANCED_FACE('',(#671),#690,.T.);
#671 = FACE_BOUND('',#672,.F.);
#672 = EDGE_LOOP('',(#673,#681,#688,#689));
#673 = ORIENTED_EDGE('',*,*,#674,.T.);
#674 = EDGE_CURVE('',#235,#675,#677,.T.);
#675 = VERTEX_POINT('',#676);
#676 = CARTESIAN_POINT('',(15.499999999999,21.,2.5));
#677 = LINE('',#678,#679);
#678 = CARTESIAN_POINT('',(15.499999999999,21.,0.));
#679 = VECTOR('',#680,1.);
#680 = DIRECTION('',(0.,0.,1.));
#681 = ORIENTED_EDGE('',*,*,#682,.T.);
#682 = EDGE_CURVE('',#675,#644,#683,.T.);
#683 = CIRCLE('',#684,2.);
#684 = AXIS2_PLACEMENT_3D('',#685,#686,#687);
#685 = CARTESIAN_POINT('',(13.499999999999,21.,2.5));
#686 = DIRECTION('',(0.,0.,1.));
#687 = DIRECTION('',(1.,0.,0.));
#688 = ORIENTED_EDGE('',*,*,#643,.F.);
#689 = ORIENTED_EDGE('',*,*,#243,.F.);
#690 = CYLINDRICAL_SURFACE('',#691,2.);
#691 = AXIS2_PLACEMENT_3D('',#692,#693,#694);
#692 = CARTESIAN_POINT('',(13.499999999999,21.,0.));
#693 = DIRECTION('',(-0.,-0.,-1.));
#694 = DIRECTION('',(1.,0.,0.));
#695 = ADVANCED_FACE('',(#696),#715,.T.);
#696 = FACE_BOUND('',#697,.F.);
#697 = EDGE_LOOP('',(#698,#699,#708,#714));
#698 = ORIENTED_EDGE('',*,*,#659,.T.);
#699 = ORIENTED_EDGE('',*,*,#700,.T.);
#700 = EDGE_CURVE('',#652,#701,#703,.T.);
#701 = VERTEX_POINT('',#702);
#702 = CARTESIAN_POINT('',(-15.49999999999,21.,2.5));
#703 = CIRCLE('',#704,2.);
#704 = AXIS2_PLACEMENT_3D('',#705,#706,#707);
#705 = CARTESIAN_POINT('',(-13.49999999999,21.,2.5));
#706 = DIRECTION('',(0.,0.,1.));
#707 = DIRECTION('',(1.,0.,0.));
#708 = ORIENTED_EDGE('',*,*,#709,.F.);
#709 = EDGE_CURVE('',#274,#701,#710,.T.);
#710 = LINE('',#711,#712);
#711 = CARTESIAN_POINT('',(-15.49999999999,21.,0.));
#712 = VECTOR('',#713,1.);
#713 = DIRECTION('',(0.,0.,1.));
#714 = ORIENTED_EDGE('',*,*,#273,.F.);
#715 = CYLINDRICAL_SURFACE('',#716,2.);
#716 = AXIS2_PLACEMENT_3D('',#717,#718,#719);
#717 = CARTESIAN_POINT('',(-13.49999999999,21.,0.));
#718 = DIRECTION('',(-0.,-0.,-1.));
#719 = DIRECTION('',(1.,0.,0.));
#720 = ADVANCED_FACE('',(#721),#746,.F.);
#721 = FACE_BOUND('',#722,.F.);
#722 = EDGE_LOOP('',(#723,#731,#732,#738,#739,#740));
#723 = ORIENTED_EDGE('',*,*,#724,.F.);
#724 = EDGE_CURVE('',#313,#725,#727,.T.);
#725 = VERTEX_POINT('',#726);
#726 = CARTESIAN_POINT('',(6.999999999999,14.,0.7));
#727 = LINE('',#728,#729);
#728 = CARTESIAN_POINT('',(15.073091986265,14.,0.7));
#729 = VECTOR('',#730,1.);
#730 = DIRECTION('',(-1.,-0.,-0.));
#731 = ORIENTED_EDGE('',*,*,#310,.F.);
#732 = ORIENTED_EDGE('',*,*,#733,.T.);
#733 = EDGE_CURVE('',#311,#594,#734,.T.);
#734 = LINE('',#735,#736);
#735 = CARTESIAN_POINT('',(15.073091986265,5.,0.7));
#736 = VECTOR('',#737,1.);
#737 = DIRECTION('',(-1.,-0.,-0.));
#738 = ORIENTED_EDGE('',*,*,#603,.F.);
#739 = ORIENTED_EDGE('',*,*,#559,.F.);
#740 = ORIENTED_EDGE('',*,*,#741,.T.);
#741 = EDGE_CURVE('',#560,#725,#742,.T.);
#742 = LINE('',#743,#744);
#743 = CARTESIAN_POINT('',(6.999999999999,4.5,0.7));
#744 = VECTOR('',#745,1.);
#745 = DIRECTION('',(0.,1.,0.));
#746 = PLANE('',#747);
#747 = AXIS2_PLACEMENT_3D('',#748,#749,#750);
#748 = CARTESIAN_POINT('',(15.499999999999,4.5,0.7));
#749 = DIRECTION('',(0.,0.,-1.));
#750 = DIRECTION('',(0.,1.,0.));
#751 = ADVANCED_FACE('',(#752),#771,.F.);
#752 = FACE_BOUND('',#753,.T.);
#753 = EDGE_LOOP('',(#754,#755,#763,#770));
#754 = ORIENTED_EDGE('',*,*,#382,.T.);
#755 = ORIENTED_EDGE('',*,*,#756,.T.);
#756 = EDGE_CURVE('',#374,#757,#759,.T.);
#757 = VERTEX_POINT('',#758);
#758 = CARTESIAN_POINT('',(6.999999999999,14.5,1.2));
#759 = LINE('',#760,#761);
#760 = CARTESIAN_POINT('',(15.073091986265,14.5,1.2));
#761 = VECTOR('',#762,1.);
#762 = DIRECTION('',(-1.,-0.,-0.));
#763 = ORIENTED_EDGE('',*,*,#764,.F.);
#764 = EDGE_CURVE('',#725,#757,#765,.T.);
#765 = CIRCLE('',#766,0.5);
#766 = AXIS2_PLACEMENT_3D('',#767,#768,#769);
#767 = CARTESIAN_POINT('',(6.999999999999,14.,1.2));
#768 = DIRECTION('',(1.,-0.,0.));
#769 = DIRECTION('',(0.,0.,-1.));
#770 = ORIENTED_EDGE('',*,*,#724,.F.);
#771 = CYLINDRICAL_SURFACE('',#772,0.5);
#772 = AXIS2_PLACEMENT_3D('',#773,#774,#775);
#773 = CARTESIAN_POINT('',(15.073091986265,14.,1.2));
#774 = DIRECTION('',(-1.,-0.,-0.));
#775 = DIRECTION('',(0.,0.,-1.));
#776 = ADVANCED_FACE('',(#777),#797,.F.);
#777 = FACE_BOUND('',#778,.T.);
#778 = EDGE_LOOP('',(#779,#787,#788,#789,#790));
#779 = ORIENTED_EDGE('',*,*,#780,.F.);
#780 = EDGE_CURVE('',#321,#781,#783,.T.);
#781 = VERTEX_POINT('',#782);
#782 = CARTESIAN_POINT('',(6.999999999999,4.5,1.2));
#783 = LINE('',#784,#785);
#784 = CARTESIAN_POINT('',(15.073091986265,4.5,1.2));
#785 = VECTOR('',#786,1.);
#786 = DIRECTION('',(-1.,-0.,-0.));
#787 = ORIENTED_EDGE('',*,*,#320,.T.);
#788 = ORIENTED_EDGE('',*,*,#733,.T.);
#789 = ORIENTED_EDGE('',*,*,#593,.F.);
#790 = ORIENTED_EDGE('',*,*,#791,.F.);
#791 = EDGE_CURVE('',#781,#586,#792,.T.);
#792 = CIRCLE('',#793,0.5);
#793 = AXIS2_PLACEMENT_3D('',#794,#795,#796);
#794 = CARTESIAN_POINT('',(6.999999999999,5.,1.2));
#795 = DIRECTION('',(1.,-0.,0.));
#796 = DIRECTION('',(0.,0.,-1.));
#797 = CYLINDRICAL_SURFACE('',#798,0.5);
#798 = AXIS2_PLACEMENT_3D('',#799,#800,#801);
#799 = CARTESIAN_POINT('',(15.073091986265,5.,1.2));
#800 = DIRECTION('',(-1.,-0.,-0.));
#801 = DIRECTION('',(0.,-1.,0.));
#802 = ADVANCED_FACE('',(#803),#854,.F.);
#803 = FACE_BOUND('',#804,.F.);
#804 = EDGE_LOOP('',(#805,#806,#807,#815,#823,#832,#840,#848));
#805 = ORIENTED_EDGE('',*,*,#373,.T.);
#806 = ORIENTED_EDGE('',*,*,#756,.T.);
#807 = ORIENTED_EDGE('',*,*,#808,.T.);
#808 = EDGE_CURVE('',#757,#809,#811,.T.);
#809 = VERTEX_POINT('',#810);
#810 = CARTESIAN_POINT('',(6.999999999999,14.5,1.5));
#811 = LINE('',#812,#813);
#812 = CARTESIAN_POINT('',(6.999999999999,14.5,0.7));
#813 = VECTOR('',#814,1.);
#814 = DIRECTION('',(0.,0.,1.));
#815 = ORIENTED_EDGE('',*,*,#816,.F.);
#816 = EDGE_CURVE('',#817,#809,#819,.T.);
#817 = VERTEX_POINT('',#818);
#818 = CARTESIAN_POINT('',(13.599999999999,14.5,1.5));
#819 = LINE('',#820,#821);
#820 = CARTESIAN_POINT('',(7.75,14.5,1.5));
#821 = VECTOR('',#822,1.);
#822 = DIRECTION('',(-1.,0.,0.));
#823 = ORIENTED_EDGE('',*,*,#824,.F.);
#824 = EDGE_CURVE('',#825,#817,#827,.T.);
#825 = VERTEX_POINT('',#826);
#826 = CARTESIAN_POINT('',(13.999999999999,14.5,1.9));
#827 = CIRCLE('',#828,0.4);
#828 = AXIS2_PLACEMENT_3D('',#829,#830,#831);
#829 = CARTESIAN_POINT('',(13.599999999999,14.5,1.9));
#830 = DIRECTION('',(-0.,1.,0.));
#831 = DIRECTION('',(1.,0.,0.));
#832 = ORIENTED_EDGE('',*,*,#833,.F.);
#833 = EDGE_CURVE('',#834,#825,#836,.T.);
#834 = VERTEX_POINT('',#835);
#835 = CARTESIAN_POINT('',(13.999999999999,14.5,2.5));
#836 = LINE('',#837,#838);
#837 = CARTESIAN_POINT('',(13.999999999999,14.5,0.35));
#838 = VECTOR('',#839,1.);
#839 = DIRECTION('',(0.,0.,-1.));
#840 = ORIENTED_EDGE('',*,*,#841,.F.);
#841 = EDGE_CURVE('',#842,#834,#844,.T.);
#842 = VERTEX_POINT('',#843);
#843 = CARTESIAN_POINT('',(15.499999999999,14.5,2.5));
#844 = LINE('',#845,#846);
#845 = CARTESIAN_POINT('',(15.499999999999,14.5,2.5));
#846 = VECTOR('',#847,1.);
#847 = DIRECTION('',(-1.,-0.,-0.));
#848 = ORIENTED_EDGE('',*,*,#849,.F.);
#849 = EDGE_CURVE('',#366,#842,#850,.T.);
#850 = LINE('',#851,#852);
#851 = CARTESIAN_POINT('',(15.499999999999,14.5,0.7));
#852 = VECTOR('',#853,1.);
#853 = DIRECTION('',(0.,0.,1.));
#854 = PLANE('',#855);
#855 = AXIS2_PLACEMENT_3D('',#856,#857,#858);
#856 = CARTESIAN_POINT('',(15.499999999999,14.5,0.7));
#857 = DIRECTION('',(0.,1.,0.));
#858 = DIRECTION('',(0.,0.,1.));
#859 = ADVANCED_FACE('',(#860),#911,.F.);
#860 = FACE_BOUND('',#861,.F.);
#861 = EDGE_LOOP('',(#862,#863,#871,#879,#887,#896,#904,#910));
#862 = ORIENTED_EDGE('',*,*,#339,.F.);
#863 = ORIENTED_EDGE('',*,*,#864,.F.);
#864 = EDGE_CURVE('',#865,#340,#867,.T.);
#865 = VERTEX_POINT('',#866);
#866 = CARTESIAN_POINT('',(15.499999999999,4.5,2.5));
#867 = LINE('',#868,#869);
#868 = CARTESIAN_POINT('',(15.499999999999,4.5,2.5));
#869 = VECTOR('',#870,1.);
#870 = DIRECTION('',(0.,0.,-1.));
#871 = ORIENTED_EDGE('',*,*,#872,.T.);
#872 = EDGE_CURVE('',#865,#873,#875,.T.);
#873 = VERTEX_POINT('',#874);
#874 = CARTESIAN_POINT('',(13.999999999999,4.5,2.5));
#875 = LINE('',#876,#877);
#876 = CARTESIAN_POINT('',(15.499999999999,4.5,2.5));
#877 = VECTOR('',#878,1.);
#878 = DIRECTION('',(-1.,-0.,-0.));
#879 = ORIENTED_EDGE('',*,*,#880,.F.);
#880 = EDGE_CURVE('',#881,#873,#883,.T.);
#881 = VERTEX_POINT('',#882);
#882 = CARTESIAN_POINT('',(13.999999999999,4.5,1.9));
#883 = LINE('',#884,#885);
#884 = CARTESIAN_POINT('',(13.999999999999,4.5,1.25));
#885 = VECTOR('',#886,1.);
#886 = DIRECTION('',(0.,0.,1.));
#887 = ORIENTED_EDGE('',*,*,#888,.T.);
#888 = EDGE_CURVE('',#881,#889,#891,.T.);
#889 = VERTEX_POINT('',#890);
#890 = CARTESIAN_POINT('',(13.599999999999,4.5,1.5));
#891 = CIRCLE('',#892,0.4);
#892 = AXIS2_PLACEMENT_3D('',#893,#894,#895);
#893 = CARTESIAN_POINT('',(13.599999999999,4.5,1.9));
#894 = DIRECTION('',(-0.,1.,0.));
#895 = DIRECTION('',(1.,0.,0.));
#896 = ORIENTED_EDGE('',*,*,#897,.F.);
#897 = EDGE_CURVE('',#898,#889,#900,.T.);
#898 = VERTEX_POINT('',#899);
#899 = CARTESIAN_POINT('',(6.999999999999,4.5,1.5));
#900 = LINE('',#901,#902);
#901 = CARTESIAN_POINT('',(7.75,4.5,1.5));
#902 = VECTOR('',#903,1.);
#903 = DIRECTION('',(1.,0.,0.));
#904 = ORIENTED_EDGE('',*,*,#905,.T.);
#905 = EDGE_CURVE('',#898,#781,#906,.T.);
#906 = LINE('',#907,#908);
#907 = CARTESIAN_POINT('',(6.999999999999,4.5,2.5));
#908 = VECTOR('',#909,1.);
#909 = DIRECTION('',(0.,0.,-1.));
#910 = ORIENTED_EDGE('',*,*,#780,.F.);
#911 = PLANE('',#912);
#912 = AXIS2_PLACEMENT_3D('',#913,#914,#915);
#913 = CARTESIAN_POINT('',(15.499999999999,4.5,2.5));
#914 = DIRECTION('',(0.,-1.,0.));
#915 = DIRECTION('',(0.,0.,-1.));
#916 = ADVANCED_FACE('',(#917),#928,.F.);
#917 = FACE_BOUND('',#918,.F.);
#918 = EDGE_LOOP('',(#919,#920,#921,#927));
#919 = ORIENTED_EDGE('',*,*,#365,.F.);
#920 = ORIENTED_EDGE('',*,*,#849,.T.);
#921 = ORIENTED_EDGE('',*,*,#922,.T.);
#922 = EDGE_CURVE('',#842,#675,#923,.T.);
#923 = LINE('',#924,#925);
#924 = CARTESIAN_POINT('',(15.499999999999,-21.,2.5));
#925 = VECTOR('',#926,1.);
#926 = DIRECTION('',(0.,1.,0.));
#927 = ORIENTED_EDGE('',*,*,#674,.F.);
#928 = PLANE('',#929);
#929 = AXIS2_PLACEMENT_3D('',#930,#931,#932);
#930 = CARTESIAN_POINT('',(15.499999999999,-21.,0.));
#931 = DIRECTION('',(-1.,0.,0.));
#932 = DIRECTION('',(0.,1.,0.));
#933 = ADVANCED_FACE('',(#934),#952,.F.);
#934 = FACE_BOUND('',#935,.F.);
#935 = EDGE_LOOP('',(#936,#937,#945,#951));
#936 = ORIENTED_EDGE('',*,*,#348,.F.);
#937 = ORIENTED_EDGE('',*,*,#938,.T.);
#938 = EDGE_CURVE('',#349,#939,#941,.T.);
#939 = VERTEX_POINT('',#940);
#940 = CARTESIAN_POINT('',(15.499999999999,-21.,2.5));
#941 = LINE('',#942,#943);
#942 = CARTESIAN_POINT('',(15.499999999999,-21.,0.));
#943 = VECTOR('',#944,1.);
#944 = DIRECTION('',(0.,0.,1.));
#945 = ORIENTED_EDGE('',*,*,#946,.T.);
#946 = EDGE_CURVE('',#939,#865,#947,.T.);
#947 = LINE('',#948,#949);
#948 = CARTESIAN_POINT('',(15.499999999999,-21.,2.5));
#949 = VECTOR('',#950,1.);
#950 = DIRECTION('',(0.,1.,0.));
#951 = ORIENTED_EDGE('',*,*,#864,.T.);
#952 = PLANE('',#953);
#953 = AXIS2_PLACEMENT_3D('',#954,#955,#956);
#954 = CARTESIAN_POINT('',(15.499999999999,-21.,0.));
#955 = DIRECTION('',(-1.,0.,0.));
#956 = DIRECTION('',(0.,1.,0.));
#957 = ADVANCED_FACE('',(#958),#976,.F.);
#958 = FACE_BOUND('',#959,.F.);
#959 = EDGE_LOOP('',(#960,#961,#969,#975));
#960 = ORIENTED_EDGE('',*,*,#709,.T.);
#961 = ORIENTED_EDGE('',*,*,#962,.T.);
#962 = EDGE_CURVE('',#701,#963,#965,.T.);
#963 = VERTEX_POINT('',#964);
#964 = CARTESIAN_POINT('',(-15.49999999999,-21.,2.5));
#965 = LINE('',#966,#967);
#966 = CARTESIAN_POINT('',(-15.49999999999,21.,2.5));
#967 = VECTOR('',#968,1.);
#968 = DIRECTION('',(0.,-1.,0.));
#969 = ORIENTED_EDGE('',*,*,#970,.F.);
#970 = EDGE_CURVE('',#410,#963,#971,.T.);
#971 = LINE('',#972,#973);
#972 = CARTESIAN_POINT('',(-15.49999999999,-21.,0.));
#973 = VECTOR('',#974,1.);
#974 = DIRECTION('',(0.,0.,1.));
#975 = ORIENTED_EDGE('',*,*,#418,.F.);
#976 = PLANE('',#977);
#977 = AXIS2_PLACEMENT_3D('',#978,#979,#980);
#978 = CARTESIAN_POINT('',(-15.49999999999,21.,0.));
#979 = DIRECTION('',(1.,0.,0.));
#980 = DIRECTION('',(0.,-1.,0.));
#981 = ADVANCED_FACE('',(#982),#1001,.T.);
#982 = FACE_BOUND('',#983,.F.);
#983 = EDGE_LOOP('',(#984,#992,#999,#1000));
#984 = ORIENTED_EDGE('',*,*,#985,.T.);
#985 = EDGE_CURVE('',#433,#986,#988,.T.);
#986 = VERTEX_POINT('',#987);
#987 = CARTESIAN_POINT('',(13.499999999999,-23.,2.5));
#988 = LINE('',#989,#990);
#989 = CARTESIAN_POINT('',(13.499999999999,-23.,0.));
#990 = VECTOR('',#991,1.);
#991 = DIRECTION('',(0.,0.,1.));
#992 = ORIENTED_EDGE('',*,*,#993,.T.);
#993 = EDGE_CURVE('',#986,#939,#994,.T.);
#994 = CIRCLE('',#995,2.);
#995 = AXIS2_PLACEMENT_3D('',#996,#997,#998);
#996 = CARTESIAN_POINT('',(13.499999999999,-21.,2.5));
#997 = DIRECTION('',(0.,0.,1.));
#998 = DIRECTION('',(1.,0.,0.));
#999 = ORIENTED_EDGE('',*,*,#938,.F.);
#1000 = ORIENTED_EDGE('',*,*,#441,.F.);
#1001 = CYLINDRICAL_SURFACE('',#1002,2.);
#1002 = AXIS2_PLACEMENT_3D('',#1003,#1004,#1005);
#1003 = CARTESIAN_POINT('',(13.499999999999,-21.,0.));
#1004 = DIRECTION('',(-0.,-0.,-1.));
#1005 = DIRECTION('',(1.,0.,0.));
#1006 = ADVANCED_FACE('',(#1007),#1026,.T.);
#1007 = FACE_BOUND('',#1008,.F.);
#1008 = EDGE_LOOP('',(#1009,#1010,#1019,#1025));
#1009 = ORIENTED_EDGE('',*,*,#970,.T.);
#1010 = ORIENTED_EDGE('',*,*,#1011,.T.);
#1011 = EDGE_CURVE('',#963,#1012,#1014,.T.);
#1012 = VERTEX_POINT('',#1013);
#1013 = CARTESIAN_POINT('',(-13.49999999999,-23.,2.5));
#1014 = CIRCLE('',#1015,2.);
#1015 = AXIS2_PLACEMENT_3D('',#1016,#1017,#1018);
#1016 = CARTESIAN_POINT('',(-13.49999999999,-21.,2.5));
#1017 = DIRECTION('',(0.,0.,1.));
#1018 = DIRECTION('',(1.,0.,0.));
#1019 = ORIENTED_EDGE('',*,*,#1020,.F.);
#1020 = EDGE_CURVE('',#472,#1012,#1021,.T.);
#1021 = LINE('',#1022,#1023);
#1022 = CARTESIAN_POINT('',(-13.49999999999,-23.,0.));
#1023 = VECTOR('',#1024,1.);
#1024 = DIRECTION('',(0.,0.,1.));
#1025 = ORIENTED_EDGE('',*,*,#471,.F.);
#1026 = CYLINDRICAL_SURFACE('',#1027,2.);
#1027 = AXIS2_PLACEMENT_3D('',#1028,#1029,#1030);
#1028 = CARTESIAN_POINT('',(-13.49999999999,-21.,0.));
#1029 = DIRECTION('',(-0.,-0.,-1.));
#1030 = DIRECTION('',(1.,0.,0.));
#1031 = ADVANCED_FACE('',(#1032),#1043,.F.);
#1032 = FACE_BOUND('',#1033,.F.);
#1033 = EDGE_LOOP('',(#1034,#1035,#1041,#1042));
#1034 = ORIENTED_EDGE('',*,*,#1020,.T.);
#1035 = ORIENTED_EDGE('',*,*,#1036,.T.);
#1036 = EDGE_CURVE('',#1012,#986,#1037,.T.);
#1037 = LINE('',#1038,#1039);
#1038 = CARTESIAN_POINT('',(-13.49999999999,-23.,2.5));
#1039 = VECTOR('',#1040,1.);
#1040 = DIRECTION('',(1.,0.,0.));
#1041 = ORIENTED_EDGE('',*,*,#985,.F.);
#1042 = ORIENTED_EDGE('',*,*,#511,.F.);
#1043 = PLANE('',#1044);
#1044 = AXIS2_PLACEMENT_3D('',#1045,#1046,#1047);
#1045 = CARTESIAN_POINT('',(-13.49999999999,-23.,0.));
#1046 = DIRECTION('',(0.,1.,0.));
#1047 = DIRECTION('',(1.,0.,0.));
#1048 = ADVANCED_FACE('',(#1049,#1204,#1215,#1249,#1283),#1286,.T.);
#1049 = FACE_BOUND('',#1050,.T.);
#1050 = EDGE_LOOP('',(#1051,#1052,#1060,#1069,#1077,#1085,#1093,#1101,
    #1109,#1117,#1125,#1133,#1141,#1150,#1158,#1167,#1175,#1184,#1190,
    #1191,#1197,#1198));
#1051 = ORIENTED_EDGE('',*,*,#816,.F.);
#1052 = ORIENTED_EDGE('',*,*,#1053,.T.);
#1053 = EDGE_CURVE('',#817,#1054,#1056,.T.);
#1054 = VERTEX_POINT('',#1055);
#1055 = CARTESIAN_POINT('',(13.599999999999,21.,1.5));
#1056 = LINE('',#1057,#1058);
#1057 = CARTESIAN_POINT('',(13.599999999999,-21.,1.5));
#1058 = VECTOR('',#1059,1.);
#1059 = DIRECTION('',(0.,1.,0.));
#1060 = ORIENTED_EDGE('',*,*,#1061,.T.);
#1061 = EDGE_CURVE('',#1054,#1062,#1064,.T.);
#1062 = VERTEX_POINT('',#1063);
#1063 = CARTESIAN_POINT('',(13.499999999999,21.1,1.5));
#1064 = CIRCLE('',#1065,0.1);
#1065 = AXIS2_PLACEMENT_3D('',#1066,#1067,#1068);
#1066 = CARTESIAN_POINT('',(13.499999999999,21.,1.5));
#1067 = DIRECTION('',(0.,0.,1.));
#1068 = DIRECTION('',(1.,0.,0.));
#1069 = ORIENTED_EDGE('',*,*,#1070,.T.);
#1070 = EDGE_CURVE('',#1062,#1071,#1073,.T.);
#1071 = VERTEX_POINT('',#1072);
#1072 = CARTESIAN_POINT('',(2.5,21.1,1.5));
#1073 = LINE('',#1074,#1075);
#1074 = CARTESIAN_POINT('',(13.499999999999,21.1,1.5));
#1075 = VECTOR('',#1076,1.);
#1076 = DIRECTION('',(-1.,0.,0.));
#1077 = ORIENTED_EDGE('',*,*,#1078,.F.);
#1078 = EDGE_CURVE('',#1079,#1071,#1081,.T.);
#1079 = VERTEX_POINT('',#1080);
#1080 = CARTESIAN_POINT('',(2.5,20.,1.5));
#1081 = LINE('',#1082,#1083);
#1082 = CARTESIAN_POINT('',(2.5,9.5,1.5));
#1083 = VECTOR('',#1084,1.);
#1084 = DIRECTION('',(0.,1.,0.));
#1085 = ORIENTED_EDGE('',*,*,#1086,.T.);
#1086 = EDGE_CURVE('',#1079,#1087,#1089,.T.);
#1087 = VERTEX_POINT('',#1088);
#1088 = CARTESIAN_POINT('',(10.499999999999,20.,1.5));
#1089 = LINE('',#1090,#1091);
#1090 = CARTESIAN_POINT('',(-6.000000000001,20.,1.5));
#1091 = VECTOR('',#1092,1.);
#1092 = DIRECTION('',(1.,0.,0.));
#1093 = ORIENTED_EDGE('',*,*,#1094,.T.);
#1094 = EDGE_CURVE('',#1087,#1095,#1097,.T.);
#1095 = VERTEX_POINT('',#1096);
#1096 = CARTESIAN_POINT('',(8.249999999999,17.75,1.5));
#1097 = LINE('',#1098,#1099);
#1098 = CARTESIAN_POINT('',(10.499999999999,20.,1.5));
#1099 = VECTOR('',#1100,1.);
#1100 = DIRECTION('',(-0.707106781187,-0.707106781187,0.));
#1101 = ORIENTED_EDGE('',*,*,#1102,.F.);
#1102 = EDGE_CURVE('',#1103,#1095,#1105,.T.);
#1103 = VERTEX_POINT('',#1104);
#1104 = CARTESIAN_POINT('',(-3.750000000001,17.75,1.5));
#1105 = LINE('',#1106,#1107);
#1106 = CARTESIAN_POINT('',(-3.750000000001,17.75,1.5));
#1107 = VECTOR('',#1108,1.);
#1108 = DIRECTION('',(1.,0.,0.));
#1109 = ORIENTED_EDGE('',*,*,#1110,.T.);
#1110 = EDGE_CURVE('',#1103,#1111,#1113,.T.);
#1111 = VERTEX_POINT('',#1112);
#1112 = CARTESIAN_POINT('',(-6.000000000001,20.,1.5));
#1113 = LINE('',#1114,#1115);
#1114 = CARTESIAN_POINT('',(-3.750000000001,17.75,1.5));
#1115 = VECTOR('',#1116,1.);
#1116 = DIRECTION('',(-0.707106781187,0.707106781187,0.));
#1117 = ORIENTED_EDGE('',*,*,#1118,.T.);
#1118 = EDGE_CURVE('',#1111,#1119,#1121,.T.);
#1119 = VERTEX_POINT('',#1120);
#1120 = CARTESIAN_POINT('',(-2.5,20.,1.5));
#1121 = LINE('',#1122,#1123);
#1122 = CARTESIAN_POINT('',(-6.000000000001,20.,1.5));
#1123 = VECTOR('',#1124,1.);
#1124 = DIRECTION('',(1.,0.,0.));
#1125 = ORIENTED_EDGE('',*,*,#1126,.F.);
#1126 = EDGE_CURVE('',#1127,#1119,#1129,.T.);
#1127 = VERTEX_POINT('',#1128);
#1128 = CARTESIAN_POINT('',(-2.5,21.1,1.5));
#1129 = LINE('',#1130,#1131);
#1130 = CARTESIAN_POINT('',(-2.5,10.75,1.5));
#1131 = VECTOR('',#1132,1.);
#1132 = DIRECTION('',(0.,-1.,0.));
#1133 = ORIENTED_EDGE('',*,*,#1134,.T.);
#1134 = EDGE_CURVE('',#1127,#1135,#1137,.T.);
#1135 = VERTEX_POINT('',#1136);
#1136 = CARTESIAN_POINT('',(-13.49999999999,21.1,1.5));
#1137 = LINE('',#1138,#1139);
#1138 = CARTESIAN_POINT('',(13.499999999999,21.1,1.5));
#1139 = VECTOR('',#1140,1.);
#1140 = DIRECTION('',(-1.,0.,0.));
#1141 = ORIENTED_EDGE('',*,*,#1142,.T.);
#1142 = EDGE_CURVE('',#1135,#1143,#1145,.T.);
#1143 = VERTEX_POINT('',#1144);
#1144 = CARTESIAN_POINT('',(-13.59999999999,21.,1.5));
#1145 = CIRCLE('',#1146,0.1);
#1146 = AXIS2_PLACEMENT_3D('',#1147,#1148,#1149);
#1147 = CARTESIAN_POINT('',(-13.49999999999,21.,1.5));
#1148 = DIRECTION('',(0.,-0.,1.));
#1149 = DIRECTION('',(3.5527136788E-14,1.,0.));
#1150 = ORIENTED_EDGE('',*,*,#1151,.T.);
#1151 = EDGE_CURVE('',#1143,#1152,#1154,.T.);
#1152 = VERTEX_POINT('',#1153);
#1153 = CARTESIAN_POINT('',(-13.59999999999,-21.,1.5));
#1154 = LINE('',#1155,#1156);
#1155 = CARTESIAN_POINT('',(-13.59999999999,21.,1.5));
#1156 = VECTOR('',#1157,1.);
#1157 = DIRECTION('',(0.,-1.,0.));
#1158 = ORIENTED_EDGE('',*,*,#1159,.T.);
#1159 = EDGE_CURVE('',#1152,#1160,#1162,.T.);
#1160 = VERTEX_POINT('',#1161);
#1161 = CARTESIAN_POINT('',(-13.49999999999,-21.1,1.5));
#1162 = CIRCLE('',#1163,0.1);
#1163 = AXIS2_PLACEMENT_3D('',#1164,#1165,#1166);
#1164 = CARTESIAN_POINT('',(-13.49999999999,-21.,1.5));
#1165 = DIRECTION('',(0.,0.,1.));
#1166 = DIRECTION('',(-1.,0.,0.));
#1167 = ORIENTED_EDGE('',*,*,#1168,.T.);
#1168 = EDGE_CURVE('',#1160,#1169,#1171,.T.);
#1169 = VERTEX_POINT('',#1170);
#1170 = CARTESIAN_POINT('',(13.499999999999,-21.1,1.5));
#1171 = LINE('',#1172,#1173);
#1172 = CARTESIAN_POINT('',(-13.49999999999,-21.1,1.5));
#1173 = VECTOR('',#1174,1.);
#1174 = DIRECTION('',(1.,0.,0.));
#1175 = ORIENTED_EDGE('',*,*,#1176,.T.);
#1176 = EDGE_CURVE('',#1169,#1177,#1179,.T.);
#1177 = VERTEX_POINT('',#1178);
#1178 = CARTESIAN_POINT('',(13.599999999999,-21.,1.5));
#1179 = CIRCLE('',#1180,0.1);
#1180 = AXIS2_PLACEMENT_3D('',#1181,#1182,#1183);
#1181 = CARTESIAN_POINT('',(13.499999999999,-21.,1.5));
#1182 = DIRECTION('',(0.,0.,1.));
#1183 = DIRECTION('',(-3.5527136788E-14,-1.,0.));
#1184 = ORIENTED_EDGE('',*,*,#1185,.T.);
#1185 = EDGE_CURVE('',#1177,#889,#1186,.T.);
#1186 = LINE('',#1187,#1188);
#1187 = CARTESIAN_POINT('',(13.599999999999,-21.,1.5));
#1188 = VECTOR('',#1189,1.);
#1189 = DIRECTION('',(0.,1.,0.));
#1190 = ORIENTED_EDGE('',*,*,#897,.F.);
#1191 = ORIENTED_EDGE('',*,*,#1192,.T.);
#1192 = EDGE_CURVE('',#898,#577,#1193,.T.);
#1193 = LINE('',#1194,#1195);
#1194 = CARTESIAN_POINT('',(6.999999999999,4.75,1.5));
#1195 = VECTOR('',#1196,1.);
#1196 = DIRECTION('',(0.,1.,0.));
#1197 = ORIENTED_EDGE('',*,*,#576,.T.);
#1198 = ORIENTED_EDGE('',*,*,#1199,.T.);
#1199 = EDGE_CURVE('',#569,#809,#1200,.T.);
#1200 = LINE('',#1201,#1202);
#1201 = CARTESIAN_POINT('',(6.999999999999,4.75,1.5));
#1202 = VECTOR('',#1203,1.);
#1203 = DIRECTION('',(0.,1.,0.));
#1204 = FACE_BOUND('',#1205,.T.);
#1205 = EDGE_LOOP('',(#1206));
#1206 = ORIENTED_EDGE('',*,*,#1207,.T.);
#1207 = EDGE_CURVE('',#1208,#1208,#1210,.T.);
#1208 = VERTEX_POINT('',#1209);
#1209 = CARTESIAN_POINT('',(4.5,-16.5,1.5));
#1210 = CIRCLE('',#1211,4.5);
#1211 = AXIS2_PLACEMENT_3D('',#1212,#1213,#1214);
#1212 = CARTESIAN_POINT('',(0.,-16.5,1.5));
#1213 = DIRECTION('',(0.,0.,-1.));
#1214 = DIRECTION('',(1.,0.,0.));
#1215 = FACE_BOUND('',#1216,.T.);
#1216 = EDGE_LOOP('',(#1217,#1227,#1235,#1243));
#1217 = ORIENTED_EDGE('',*,*,#1218,.F.);
#1218 = EDGE_CURVE('',#1219,#1221,#1223,.T.);
#1219 = VERTEX_POINT('',#1220);
#1220 = CARTESIAN_POINT('',(-11.3,12.5,1.5));
#1221 = VERTEX_POINT('',#1222);
#1222 = CARTESIAN_POINT('',(-11.3,6.5,1.5));
#1223 = LINE('',#1224,#1225);
#1224 = CARTESIAN_POINT('',(-11.3,12.5,1.5));
#1225 = VECTOR('',#1226,1.);
#1226 = DIRECTION('',(0.,-1.,0.));
#1227 = ORIENTED_EDGE('',*,*,#1228,.F.);
#1228 = EDGE_CURVE('',#1229,#1219,#1231,.T.);
#1229 = VERTEX_POINT('',#1230);
#1230 = CARTESIAN_POINT('',(-9.300000000001,12.5,1.5));
#1231 = LINE('',#1232,#1233);
#1232 = CARTESIAN_POINT('',(-9.300000000001,12.5,1.5));
#1233 = VECTOR('',#1234,1.);
#1234 = DIRECTION('',(-1.,0.,0.));
#1235 = ORIENTED_EDGE('',*,*,#1236,.F.);
#1236 = EDGE_CURVE('',#1237,#1229,#1239,.T.);
#1237 = VERTEX_POINT('',#1238);
#1238 = CARTESIAN_POINT('',(-9.300000000001,6.5,1.5));
#1239 = LINE('',#1240,#1241);
#1240 = CARTESIAN_POINT('',(-9.300000000001,6.5,1.5));
#1241 = VECTOR('',#1242,1.);
#1242 = DIRECTION('',(0.,1.,0.));
#1243 = ORIENTED_EDGE('',*,*,#1244,.F.);
#1244 = EDGE_CURVE('',#1221,#1237,#1245,.T.);
#1245 = LINE('',#1246,#1247);
#1246 = CARTESIAN_POINT('',(-11.3,6.5,1.5));
#1247 = VECTOR('',#1248,1.);
#1248 = DIRECTION('',(1.,0.,0.));
#1249 = FACE_BOUND('',#1250,.T.);
#1250 = EDGE_LOOP('',(#1251,#1261,#1269,#1277));
#1251 = ORIENTED_EDGE('',*,*,#1252,.F.);
#1252 = EDGE_CURVE('',#1253,#1255,#1257,.T.);
#1253 = VERTEX_POINT('',#1254);
#1254 = CARTESIAN_POINT('',(-3.750000000001,1.25,1.5));
#1255 = VERTEX_POINT('',#1256);
#1256 = CARTESIAN_POINT('',(-6.000000000001,-1.,1.5));
#1257 = LINE('',#1258,#1259);
#1258 = CARTESIAN_POINT('',(-3.750000000001,1.25,1.5));
#1259 = VECTOR('',#1260,1.);
#1260 = DIRECTION('',(-0.707106781187,-0.707106781187,0.));
#1261 = ORIENTED_EDGE('',*,*,#1262,.T.);
#1262 = EDGE_CURVE('',#1253,#1263,#1265,.T.);
#1263 = VERTEX_POINT('',#1264);
#1264 = CARTESIAN_POINT('',(8.249999999999,1.25,1.5));
#1265 = LINE('',#1266,#1267);
#1266 = CARTESIAN_POINT('',(-3.750000000001,1.25,1.5));
#1267 = VECTOR('',#1268,1.);
#1268 = DIRECTION('',(1.,0.,0.));
#1269 = ORIENTED_EDGE('',*,*,#1270,.F.);
#1270 = EDGE_CURVE('',#1271,#1263,#1273,.T.);
#1271 = VERTEX_POINT('',#1272);
#1272 = CARTESIAN_POINT('',(10.499999999999,-1.,1.5));
#1273 = LINE('',#1274,#1275);
#1274 = CARTESIAN_POINT('',(10.499999999999,-1.,1.5));
#1275 = VECTOR('',#1276,1.);
#1276 = DIRECTION('',(-0.707106781187,0.707106781187,0.));
#1277 = ORIENTED_EDGE('',*,*,#1278,.F.);
#1278 = EDGE_CURVE('',#1255,#1271,#1279,.T.);
#1279 = LINE('',#1280,#1281);
#1280 = CARTESIAN_POINT('',(-6.000000000001,-1.,1.5));
#1281 = VECTOR('',#1282,1.);
#1282 = DIRECTION('',(1.,0.,0.));
#1283 = FACE_BOUND('',#1284,.T.);
#1284 = EDGE_LOOP('',(#1285));
#1285 = ORIENTED_EDGE('',*,*,#534,.T.);
#1286 = PLANE('',#1287);
#1287 = AXIS2_PLACEMENT_3D('',#1288,#1289,#1290);
#1288 = CARTESIAN_POINT('',(1.653267373456E-16,1.523367794113E-15,1.5));
#1289 = DIRECTION('',(0.,0.,1.));
#1290 = DIRECTION('',(1.,0.,0.));
#1291 = ADVANCED_FACE('',(#1292),#1298,.T.);
#1292 = FACE_BOUND('',#1293,.T.);
#1293 = EDGE_LOOP('',(#1294,#1295,#1296,#1297));
#1294 = ORIENTED_EDGE('',*,*,#791,.T.);
#1295 = ORIENTED_EDGE('',*,*,#585,.F.);
#1296 = ORIENTED_EDGE('',*,*,#1192,.F.);
#1297 = ORIENTED_EDGE('',*,*,#905,.T.);
#1298 = PLANE('',#1299);
#1299 = AXIS2_PLACEMENT_3D('',#1300,#1301,#1302);
#1300 = CARTESIAN_POINT('',(6.999999999999,9.5,1.6));
#1301 = DIRECTION('',(1.,0.,0.));
#1302 = DIRECTION('',(0.,0.,1.));
#1303 = ADVANCED_FACE('',(#1304),#1311,.T.);
#1304 = FACE_BOUND('',#1305,.T.);
#1305 = EDGE_LOOP('',(#1306,#1307,#1308,#1309,#1310));
#1306 = ORIENTED_EDGE('',*,*,#568,.T.);
#1307 = ORIENTED_EDGE('',*,*,#741,.T.);
#1308 = ORIENTED_EDGE('',*,*,#764,.T.);
#1309 = ORIENTED_EDGE('',*,*,#808,.T.);
#1310 = ORIENTED_EDGE('',*,*,#1199,.F.);
#1311 = PLANE('',#1312);
#1312 = AXIS2_PLACEMENT_3D('',#1313,#1314,#1315);
#1313 = CARTESIAN_POINT('',(6.999999999999,9.5,1.6));
#1314 = DIRECTION('',(1.,0.,0.));
#1315 = DIRECTION('',(0.,0.,1.));
#1316 = ADVANCED_FACE('',(#1317,#1328),#1331,.T.);
#1317 = FACE_BOUND('',#1318,.T.);
#1318 = EDGE_LOOP('',(#1319));
#1319 = ORIENTED_EDGE('',*,*,#1320,.T.);
#1320 = EDGE_CURVE('',#1321,#1321,#1323,.T.);
#1321 = VERTEX_POINT('',#1322);
#1322 = CARTESIAN_POINT('',(4.5,-16.5,3.));
#1323 = CIRCLE('',#1324,4.5);
#1324 = AXIS2_PLACEMENT_3D('',#1325,#1326,#1327);
#1325 = CARTESIAN_POINT('',(0.,-16.5,3.));
#1326 = DIRECTION('',(0.,0.,1.));
#1327 = DIRECTION('',(1.,0.,0.));
#1328 = FACE_BOUND('',#1329,.F.);
#1329 = EDGE_LOOP('',(#1330));
#1330 = ORIENTED_EDGE('',*,*,#626,.T.);
#1331 = PLANE('',#1332);
#1332 = AXIS2_PLACEMENT_3D('',#1333,#1334,#1335);
#1333 = CARTESIAN_POINT('',(-2.324648225317E-16,-16.5,3.));
#1334 = DIRECTION('',(0.,0.,1.));
#1335 = DIRECTION('',(1.,0.,0.));
#1336 = ADVANCED_FACE('',(#1337),#1472,.T.);
#1337 = FACE_BOUND('',#1338,.T.);
#1338 = EDGE_LOOP('',(#1339,#1340,#1341,#1342,#1343,#1344,#1345,#1346,
    #1354,#1363,#1371,#1380,#1388,#1397,#1405,#1413,#1421,#1429,#1437,
    #1445,#1453,#1462,#1468,#1469,#1470,#1471));
#1339 = ORIENTED_EDGE('',*,*,#700,.T.);
#1340 = ORIENTED_EDGE('',*,*,#962,.T.);
#1341 = ORIENTED_EDGE('',*,*,#1011,.T.);
#1342 = ORIENTED_EDGE('',*,*,#1036,.T.);
#1343 = ORIENTED_EDGE('',*,*,#993,.T.);
#1344 = ORIENTED_EDGE('',*,*,#946,.T.);
#1345 = ORIENTED_EDGE('',*,*,#872,.T.);
#1346 = ORIENTED_EDGE('',*,*,#1347,.F.);
#1347 = EDGE_CURVE('',#1348,#873,#1350,.T.);
#1348 = VERTEX_POINT('',#1349);
#1349 = CARTESIAN_POINT('',(13.999999999999,-21.,2.5));
#1350 = LINE('',#1351,#1352);
#1351 = CARTESIAN_POINT('',(13.999999999999,-21.,2.5));
#1352 = VECTOR('',#1353,1.);
#1353 = DIRECTION('',(0.,1.,0.));
#1354 = ORIENTED_EDGE('',*,*,#1355,.F.);
#1355 = EDGE_CURVE('',#1356,#1348,#1358,.T.);
#1356 = VERTEX_POINT('',#1357);
#1357 = CARTESIAN_POINT('',(13.499999999999,-21.5,2.5));
#1358 = CIRCLE('',#1359,0.5);
#1359 = AXIS2_PLACEMENT_3D('',#1360,#1361,#1362);
#1360 = CARTESIAN_POINT('',(13.499999999999,-21.,2.5));
#1361 = DIRECTION('',(0.,0.,1.));
#1362 = DIRECTION('',(1.,0.,0.));
#1363 = ORIENTED_EDGE('',*,*,#1364,.F.);
#1364 = EDGE_CURVE('',#1365,#1356,#1367,.T.);
#1365 = VERTEX_POINT('',#1366);
#1366 = CARTESIAN_POINT('',(-13.49999999999,-21.5,2.5));
#1367 = LINE('',#1368,#1369);
#1368 = CARTESIAN_POINT('',(-13.49999999999,-21.5,2.5));
#1369 = VECTOR('',#1370,1.);
#1370 = DIRECTION('',(1.,0.,0.));
#1371 = ORIENTED_EDGE('',*,*,#1372,.F.);
#1372 = EDGE_CURVE('',#1373,#1365,#1375,.T.);
#1373 = VERTEX_POINT('',#1374);
#1374 = CARTESIAN_POINT('',(-13.99999999999,-21.,2.5));
#1375 = CIRCLE('',#1376,0.5);
#1376 = AXIS2_PLACEMENT_3D('',#1377,#1378,#1379);
#1377 = CARTESIAN_POINT('',(-13.49999999999,-21.,2.5));
#1378 = DIRECTION('',(0.,0.,1.));
#1379 = DIRECTION('',(1.,0.,0.));
#1380 = ORIENTED_EDGE('',*,*,#1381,.F.);
#1381 = EDGE_CURVE('',#1382,#1373,#1384,.T.);
#1382 = VERTEX_POINT('',#1383);
#1383 = CARTESIAN_POINT('',(-13.99999999999,21.,2.5));
#1384 = LINE('',#1385,#1386);
#1385 = CARTESIAN_POINT('',(-13.99999999999,21.,2.5));
#1386 = VECTOR('',#1387,1.);
#1387 = DIRECTION('',(0.,-1.,0.));
#1388 = ORIENTED_EDGE('',*,*,#1389,.F.);
#1389 = EDGE_CURVE('',#1390,#1382,#1392,.T.);
#1390 = VERTEX_POINT('',#1391);
#1391 = CARTESIAN_POINT('',(-13.49999999999,21.5,2.5));
#1392 = CIRCLE('',#1393,0.5);
#1393 = AXIS2_PLACEMENT_3D('',#1394,#1395,#1396);
#1394 = CARTESIAN_POINT('',(-13.49999999999,21.,2.5));
#1395 = DIRECTION('',(0.,0.,1.));
#1396 = DIRECTION('',(1.,0.,0.));
#1397 = ORIENTED_EDGE('',*,*,#1398,.F.);
#1398 = EDGE_CURVE('',#1399,#1390,#1401,.T.);
#1399 = VERTEX_POINT('',#1400);
#1400 = CARTESIAN_POINT('',(-2.5,21.5,2.5));
#1401 = LINE('',#1402,#1403);
#1402 = CARTESIAN_POINT('',(13.499999999999,21.5,2.5));
#1403 = VECTOR('',#1404,1.);
#1404 = DIRECTION('',(-1.,0.,0.));
#1405 = ORIENTED_EDGE('',*,*,#1406,.F.);
#1406 = EDGE_CURVE('',#1407,#1399,#1409,.T.);
#1407 = VERTEX_POINT('',#1408);
#1408 = CARTESIAN_POINT('',(-2.5,20.,2.5));
#1409 = LINE('',#1410,#1411);
#1410 = CARTESIAN_POINT('',(-2.5,18.5,2.5));
#1411 = VECTOR('',#1412,1.);
#1412 = DIRECTION('',(0.,1.,0.));
#1413 = ORIENTED_EDGE('',*,*,#1414,.F.);
#1414 = EDGE_CURVE('',#1415,#1407,#1417,.T.);
#1415 = VERTEX_POINT('',#1416);
#1416 = CARTESIAN_POINT('',(-2.5,18.99999999976,2.5));
#1417 = LINE('',#1418,#1419);
#1418 = CARTESIAN_POINT('',(-2.5,18.5,2.5));
#1419 = VECTOR('',#1420,1.);
#1420 = DIRECTION('',(0.,1.,0.));
#1421 = ORIENTED_EDGE('',*,*,#1422,.F.);
#1422 = EDGE_CURVE('',#1423,#1415,#1425,.T.);
#1423 = VERTEX_POINT('',#1424);
#1424 = CARTESIAN_POINT('',(2.5,18.99999999976,2.5));
#1425 = LINE('',#1426,#1427);
#1426 = CARTESIAN_POINT('',(2.5,18.99999999976,2.5));
#1427 = VECTOR('',#1428,1.);
#1428 = DIRECTION('',(-1.,-0.,-0.));
#1429 = ORIENTED_EDGE('',*,*,#1430,.T.);
#1430 = EDGE_CURVE('',#1423,#1431,#1433,.T.);
#1431 = VERTEX_POINT('',#1432);
#1432 = CARTESIAN_POINT('',(2.5,20.,2.5));
#1433 = LINE('',#1434,#1435);
#1434 = CARTESIAN_POINT('',(2.5,18.5,2.5));
#1435 = VECTOR('',#1436,1.);
#1436 = DIRECTION('',(0.,1.,0.));
#1437 = ORIENTED_EDGE('',*,*,#1438,.T.);
#1438 = EDGE_CURVE('',#1431,#1439,#1441,.T.);
#1439 = VERTEX_POINT('',#1440);
#1440 = CARTESIAN_POINT('',(2.5,21.5,2.5));
#1441 = LINE('',#1442,#1443);
#1442 = CARTESIAN_POINT('',(2.5,18.5,2.5));
#1443 = VECTOR('',#1444,1.);
#1444 = DIRECTION('',(0.,1.,0.));
#1445 = ORIENTED_EDGE('',*,*,#1446,.F.);
#1446 = EDGE_CURVE('',#1447,#1439,#1449,.T.);
#1447 = VERTEX_POINT('',#1448);
#1448 = CARTESIAN_POINT('',(13.499999999999,21.5,2.5));
#1449 = LINE('',#1450,#1451);
#1450 = CARTESIAN_POINT('',(13.499999999999,21.5,2.5));
#1451 = VECTOR('',#1452,1.);
#1452 = DIRECTION('',(-1.,0.,0.));
#1453 = ORIENTED_EDGE('',*,*,#1454,.F.);
#1454 = EDGE_CURVE('',#1455,#1447,#1457,.T.);
#1455 = VERTEX_POINT('',#1456);
#1456 = CARTESIAN_POINT('',(13.999999999999,21.,2.5));
#1457 = CIRCLE('',#1458,0.5);
#1458 = AXIS2_PLACEMENT_3D('',#1459,#1460,#1461);
#1459 = CARTESIAN_POINT('',(13.499999999999,21.,2.5));
#1460 = DIRECTION('',(0.,0.,1.));
#1461 = DIRECTION('',(1.,0.,0.));
#1462 = ORIENTED_EDGE('',*,*,#1463,.F.);
#1463 = EDGE_CURVE('',#834,#1455,#1464,.T.);
#1464 = LINE('',#1465,#1466);
#1465 = CARTESIAN_POINT('',(13.999999999999,-21.,2.5));
#1466 = VECTOR('',#1467,1.);
#1467 = DIRECTION('',(0.,1.,0.));
#1468 = ORIENTED_EDGE('',*,*,#841,.F.);
#1469 = ORIENTED_EDGE('',*,*,#922,.T.);
#1470 = ORIENTED_EDGE('',*,*,#682,.T.);
#1471 = ORIENTED_EDGE('',*,*,#651,.T.);
#1472 = PLANE('',#1473);
#1473 = AXIS2_PLACEMENT_3D('',#1474,#1475,#1476);
#1474 = CARTESIAN_POINT('',(-0.897044213609,-0.260259088865,2.5));
#1475 = DIRECTION('',(0.,0.,1.));
#1476 = DIRECTION('',(1.,0.,0.));
#1477 = ADVANCED_FACE('',(#1478),#1496,.T.);
#1478 = FACE_BOUND('',#1479,.T.);
#1479 = EDGE_LOOP('',(#1480,#1488,#1489,#1490));
#1480 = ORIENTED_EDGE('',*,*,#1481,.F.);
#1481 = EDGE_CURVE('',#825,#1482,#1484,.T.);
#1482 = VERTEX_POINT('',#1483);
#1483 = CARTESIAN_POINT('',(13.999999999999,21.,1.9));
#1484 = LINE('',#1485,#1486);
#1485 = CARTESIAN_POINT('',(13.999999999999,-21.,1.9));
#1486 = VECTOR('',#1487,1.);
#1487 = DIRECTION('',(0.,1.,0.));
#1488 = ORIENTED_EDGE('',*,*,#833,.F.);
#1489 = ORIENTED_EDGE('',*,*,#1463,.T.);
#1490 = ORIENTED_EDGE('',*,*,#1491,.F.);
#1491 = EDGE_CURVE('',#1482,#1455,#1492,.T.);
#1492 = LINE('',#1493,#1494);
#1493 = CARTESIAN_POINT('',(13.999999999999,21.,0.));
#1494 = VECTOR('',#1495,1.);
#1495 = DIRECTION('',(0.,0.,1.));
#1496 = PLANE('',#1497);
#1497 = AXIS2_PLACEMENT_3D('',#1498,#1499,#1500);
#1498 = CARTESIAN_POINT('',(13.999999999999,-21.,0.));
#1499 = DIRECTION('',(-1.,0.,0.));
#1500 = DIRECTION('',(0.,1.,0.));
#1501 = ADVANCED_FACE('',(#1502),#1514,.F.);
#1502 = FACE_BOUND('',#1503,.F.);
#1503 = EDGE_LOOP('',(#1504,#1505,#1506,#1507));
#1504 = ORIENTED_EDGE('',*,*,#1481,.F.);
#1505 = ORIENTED_EDGE('',*,*,#824,.T.);
#1506 = ORIENTED_EDGE('',*,*,#1053,.T.);
#1507 = ORIENTED_EDGE('',*,*,#1508,.F.);
#1508 = EDGE_CURVE('',#1482,#1054,#1509,.T.);
#1509 = CIRCLE('',#1510,0.4);
#1510 = AXIS2_PLACEMENT_3D('',#1511,#1512,#1513);
#1511 = CARTESIAN_POINT('',(13.599999999999,21.,1.9));
#1512 = DIRECTION('',(-0.,1.,0.));
#1513 = DIRECTION('',(1.,0.,0.));
#1514 = CYLINDRICAL_SURFACE('',#1515,0.4);
#1515 = AXIS2_PLACEMENT_3D('',#1516,#1517,#1518);
#1516 = CARTESIAN_POINT('',(13.599999999999,-21.,1.9));
#1517 = DIRECTION('',(0.,1.,0.));
#1518 = DIRECTION('',(1.,0.,0.));
#1519 = ADVANCED_FACE('',(#1520),#1538,.T.);
#1520 = FACE_BOUND('',#1521,.T.);
#1521 = EDGE_LOOP('',(#1522,#1530,#1536,#1537));
#1522 = ORIENTED_EDGE('',*,*,#1523,.F.);
#1523 = EDGE_CURVE('',#1524,#881,#1526,.T.);
#1524 = VERTEX_POINT('',#1525);
#1525 = CARTESIAN_POINT('',(13.999999999999,-21.,1.9));
#1526 = LINE('',#1527,#1528);
#1527 = CARTESIAN_POINT('',(13.999999999999,-21.,1.9));
#1528 = VECTOR('',#1529,1.);
#1529 = DIRECTION('',(0.,1.,0.));
#1530 = ORIENTED_EDGE('',*,*,#1531,.T.);
#1531 = EDGE_CURVE('',#1524,#1348,#1532,.T.);
#1532 = LINE('',#1533,#1534);
#1533 = CARTESIAN_POINT('',(13.999999999999,-21.,0.));
#1534 = VECTOR('',#1535,1.);
#1535 = DIRECTION('',(0.,0.,1.));
#1536 = ORIENTED_EDGE('',*,*,#1347,.T.);
#1537 = ORIENTED_EDGE('',*,*,#880,.F.);
#1538 = PLANE('',#1539);
#1539 = AXIS2_PLACEMENT_3D('',#1540,#1541,#1542);
#1540 = CARTESIAN_POINT('',(13.999999999999,-21.,0.));
#1541 = DIRECTION('',(-1.,0.,0.));
#1542 = DIRECTION('',(0.,1.,0.));
#1543 = ADVANCED_FACE('',(#1544),#1556,.F.);
#1544 = FACE_BOUND('',#1545,.F.);
#1545 = EDGE_LOOP('',(#1546,#1547,#1554,#1555));
#1546 = ORIENTED_EDGE('',*,*,#1523,.F.);
#1547 = ORIENTED_EDGE('',*,*,#1548,.T.);
#1548 = EDGE_CURVE('',#1524,#1177,#1549,.T.);
#1549 = CIRCLE('',#1550,0.4);
#1550 = AXIS2_PLACEMENT_3D('',#1551,#1552,#1553);
#1551 = CARTESIAN_POINT('',(13.599999999999,-21.,1.9));
#1552 = DIRECTION('',(-0.,1.,0.));
#1553 = DIRECTION('',(1.,0.,0.));
#1554 = ORIENTED_EDGE('',*,*,#1185,.T.);
#1555 = ORIENTED_EDGE('',*,*,#888,.F.);
#1556 = CYLINDRICAL_SURFACE('',#1557,0.4);
#1557 = AXIS2_PLACEMENT_3D('',#1558,#1559,#1560);
#1558 = CARTESIAN_POINT('',(13.599999999999,-21.,1.9));
#1559 = DIRECTION('',(0.,1.,0.));
#1560 = DIRECTION('',(1.,0.,0.));
#1561 = ADVANCED_FACE('',(#1562),#1582,.T.);
#1562 = FACE_BOUND('',#1563,.T.);
#1563 = EDGE_LOOP('',(#1564,#1573,#1580,#1581));
#1564 = ORIENTED_EDGE('',*,*,#1565,.F.);
#1565 = EDGE_CURVE('',#1566,#1169,#1568,.T.);
#1566 = VERTEX_POINT('',#1567);
#1567 = CARTESIAN_POINT('',(13.499999999999,-21.5,1.9));
#1568 = CIRCLE('',#1569,0.4);
#1569 = AXIS2_PLACEMENT_3D('',#1570,#1571,#1572);
#1570 = CARTESIAN_POINT('',(13.499999999999,-21.1,1.9));
#1571 = DIRECTION('',(1.,0.,0.));
#1572 = DIRECTION('',(0.,-1.,0.));
#1573 = ORIENTED_EDGE('',*,*,#1574,.T.);
#1574 = EDGE_CURVE('',#1566,#1524,#1575,.T.);
#1575 = CIRCLE('',#1576,0.5);
#1576 = AXIS2_PLACEMENT_3D('',#1577,#1578,#1579);
#1577 = CARTESIAN_POINT('',(13.499999999999,-21.,1.9));
#1578 = DIRECTION('',(0.,0.,1.));
#1579 = DIRECTION('',(-3.752553823233E-14,-1.,0.));
#1580 = ORIENTED_EDGE('',*,*,#1548,.T.);
#1581 = ORIENTED_EDGE('',*,*,#1176,.F.);
#1582 = OFFSET_SURFACE('',#1583,1.5,.F.);
#1583 = SURFACE_OF_REVOLUTION('',#1584,#1597);
#1584 = B_SPLINE_CURVE_WITH_KNOTS('',6,(#1585,#1586,#1587,#1588,#1589,
    #1590,#1591,#1592,#1593,#1594,#1595,#1596),.UNSPECIFIED.,.F.,.F.,(7,
    5,7),(0.,0.785398163397,1.570796326795),.UNSPECIFIED.);
#1585 = CARTESIAN_POINT('',(13.499999999999,-23.,1.9));
#1586 = CARTESIAN_POINT('',(13.499999999999,-23.,1.651290581591));
#1587 = CARTESIAN_POINT('',(13.499999999999,-22.96093296915,
    1.402581578595));
#1588 = CARTESIAN_POINT('',(13.499999999999,-22.8827978897,
    1.161540935116));
#1589 = CARTESIAN_POINT('',(13.499999999999,-22.76760626068,
    0.93584961704));
#1590 = CARTESIAN_POINT('',(13.499999999999,-22.61936700055,
    0.732361232048));
#1591 = CARTESIAN_POINT('',(13.499999999999,-22.26763876795,
    0.380632999443));
#1592 = CARTESIAN_POINT('',(13.499999999999,-22.06415038296,
    0.232393739314));
#1593 = CARTESIAN_POINT('',(13.499999999999,-21.83845906488,
    0.117202110299));
#1594 = CARTESIAN_POINT('',(13.499999999999,-21.5974184214,
    3.906703084475E-02));
#1595 = CARTESIAN_POINT('',(13.499999999999,-21.3487094184,
    -1.382948303619E-16));
#1596 = CARTESIAN_POINT('',(13.499999999999,-21.1,2.775557561563E-17));
#1597 = AXIS1_PLACEMENT('',#1598,#1599);
#1598 = CARTESIAN_POINT('',(13.499999999999,-21.,1.9));
#1599 = DIRECTION('',(0.,0.,1.));
#1600 = ADVANCED_FACE('',(#1601),#1620,.F.);
#1601 = FACE_BOUND('',#1602,.F.);
#1602 = EDGE_LOOP('',(#1603,#1612,#1613,#1614));
#1603 = ORIENTED_EDGE('',*,*,#1604,.T.);
#1604 = EDGE_CURVE('',#1605,#1160,#1607,.T.);
#1605 = VERTEX_POINT('',#1606);
#1606 = CARTESIAN_POINT('',(-13.49999999999,-21.5,1.9));
#1607 = CIRCLE('',#1608,0.4);
#1608 = AXIS2_PLACEMENT_3D('',#1609,#1610,#1611);
#1609 = CARTESIAN_POINT('',(-13.49999999999,-21.1,1.9));
#1610 = DIRECTION('',(1.,0.,0.));
#1611 = DIRECTION('',(0.,-1.,0.));
#1612 = ORIENTED_EDGE('',*,*,#1168,.T.);
#1613 = ORIENTED_EDGE('',*,*,#1565,.F.);
#1614 = ORIENTED_EDGE('',*,*,#1615,.F.);
#1615 = EDGE_CURVE('',#1605,#1566,#1616,.T.);
#1616 = LINE('',#1617,#1618);
#1617 = CARTESIAN_POINT('',(-13.49999999999,-21.5,1.9));
#1618 = VECTOR('',#1619,1.);
#1619 = DIRECTION('',(1.,0.,0.));
#1620 = CYLINDRICAL_SURFACE('',#1621,0.4);
#1621 = AXIS2_PLACEMENT_3D('',#1622,#1623,#1624);
#1622 = CARTESIAN_POINT('',(-13.49999999999,-21.1,1.9));
#1623 = DIRECTION('',(1.,0.,0.));
#1624 = DIRECTION('',(0.,-1.,0.));
#1625 = ADVANCED_FACE('',(#1626),#1646,.T.);
#1626 = FACE_BOUND('',#1627,.T.);
#1627 = EDGE_LOOP('',(#1628,#1637,#1644,#1645));
#1628 = ORIENTED_EDGE('',*,*,#1629,.F.);
#1629 = EDGE_CURVE('',#1630,#1152,#1632,.T.);
#1630 = VERTEX_POINT('',#1631);
#1631 = CARTESIAN_POINT('',(-13.99999999999,-21.,1.9));
#1632 = CIRCLE('',#1633,0.4);
#1633 = AXIS2_PLACEMENT_3D('',#1634,#1635,#1636);
#1634 = CARTESIAN_POINT('',(-13.59999999999,-21.,1.9));
#1635 = DIRECTION('',(0.,-1.,0.));
#1636 = DIRECTION('',(-1.,0.,0.));
#1637 = ORIENTED_EDGE('',*,*,#1638,.T.);
#1638 = EDGE_CURVE('',#1630,#1605,#1639,.T.);
#1639 = CIRCLE('',#1640,0.5);
#1640 = AXIS2_PLACEMENT_3D('',#1641,#1642,#1643);
#1641 = CARTESIAN_POINT('',(-13.49999999999,-21.,1.9));
#1642 = DIRECTION('',(0.,0.,1.));
#1643 = DIRECTION('',(-1.,-6.094784257986E-15,0.));
#1644 = ORIENTED_EDGE('',*,*,#1604,.T.);
#1645 = ORIENTED_EDGE('',*,*,#1159,.F.);
#1646 = OFFSET_SURFACE('',#1647,1.5,.F.);
#1647 = SURFACE_OF_REVOLUTION('',#1648,#1661);
#1648 = B_SPLINE_CURVE_WITH_KNOTS('',6,(#1649,#1650,#1651,#1652,#1653,
    #1654,#1655,#1656,#1657,#1658,#1659,#1660),.UNSPECIFIED.,.F.,.F.,(7,
    5,7),(0.,0.785398163397,1.570796326795),.UNSPECIFIED.);
#1649 = CARTESIAN_POINT('',(-15.49999999999,-21.,1.9));
#1650 = CARTESIAN_POINT('',(-15.49999999999,-21.,1.651290581591));
#1651 = CARTESIAN_POINT('',(-15.46093296915,-21.,1.402581578595));
#1652 = CARTESIAN_POINT('',(-15.3827978897,-21.,1.161540935116));
#1653 = CARTESIAN_POINT('',(-15.26760626068,-21.,0.93584961704));
#1654 = CARTESIAN_POINT('',(-15.11936700055,-21.,0.732361232048));
#1655 = CARTESIAN_POINT('',(-14.76763876795,-21.,0.380632999443));
#1656 = CARTESIAN_POINT('',(-14.56415038296,-21.,0.232393739314));
#1657 = CARTESIAN_POINT('',(-14.33845906488,-21.,0.117202110299));
#1658 = CARTESIAN_POINT('',(-14.0974184214,-21.,3.906703084475E-02));
#1659 = CARTESIAN_POINT('',(-13.8487094184,-21.,-1.382948303619E-16));
#1660 = CARTESIAN_POINT('',(-13.59999999999,-21.,2.775557561563E-17));
#1661 = AXIS1_PLACEMENT('',#1662,#1663);
#1662 = CARTESIAN_POINT('',(-13.49999999999,-21.,1.9));
#1663 = DIRECTION('',(0.,0.,1.));
#1664 = ADVANCED_FACE('',(#1665),#1684,.F.);
#1665 = FACE_BOUND('',#1666,.F.);
#1666 = EDGE_LOOP('',(#1667,#1676,#1677,#1678));
#1667 = ORIENTED_EDGE('',*,*,#1668,.T.);
#1668 = EDGE_CURVE('',#1669,#1143,#1671,.T.);
#1669 = VERTEX_POINT('',#1670);
#1670 = CARTESIAN_POINT('',(-13.99999999999,21.,1.9));
#1671 = CIRCLE('',#1672,0.4);
#1672 = AXIS2_PLACEMENT_3D('',#1673,#1674,#1675);
#1673 = CARTESIAN_POINT('',(-13.59999999999,21.,1.9));
#1674 = DIRECTION('',(0.,-1.,0.));
#1675 = DIRECTION('',(-1.,0.,0.));
#1676 = ORIENTED_EDGE('',*,*,#1151,.T.);
#1677 = ORIENTED_EDGE('',*,*,#1629,.F.);
#1678 = ORIENTED_EDGE('',*,*,#1679,.F.);
#1679 = EDGE_CURVE('',#1669,#1630,#1680,.T.);
#1680 = LINE('',#1681,#1682);
#1681 = CARTESIAN_POINT('',(-13.99999999999,21.,1.9));
#1682 = VECTOR('',#1683,1.);
#1683 = DIRECTION('',(0.,-1.,0.));
#1684 = CYLINDRICAL_SURFACE('',#1685,0.4);
#1685 = AXIS2_PLACEMENT_3D('',#1686,#1687,#1688);
#1686 = CARTESIAN_POINT('',(-13.59999999999,21.,1.9));
#1687 = DIRECTION('',(0.,-1.,0.));
#1688 = DIRECTION('',(-1.,0.,0.));
#1689 = ADVANCED_FACE('',(#1690),#1710,.T.);
#1690 = FACE_BOUND('',#1691,.T.);
#1691 = EDGE_LOOP('',(#1692,#1701,#1708,#1709));
#1692 = ORIENTED_EDGE('',*,*,#1693,.F.);
#1693 = EDGE_CURVE('',#1694,#1135,#1696,.T.);
#1694 = VERTEX_POINT('',#1695);
#1695 = CARTESIAN_POINT('',(-13.49999999999,21.5,1.9));
#1696 = CIRCLE('',#1697,0.4);
#1697 = AXIS2_PLACEMENT_3D('',#1698,#1699,#1700);
#1698 = CARTESIAN_POINT('',(-13.49999999999,21.1,1.9));
#1699 = DIRECTION('',(-1.,0.,0.));
#1700 = DIRECTION('',(0.,1.,0.));
#1701 = ORIENTED_EDGE('',*,*,#1702,.T.);
#1702 = EDGE_CURVE('',#1694,#1669,#1703,.T.);
#1703 = CIRCLE('',#1704,0.5);
#1704 = AXIS2_PLACEMENT_3D('',#1705,#1706,#1707);
#1705 = CARTESIAN_POINT('',(-13.49999999999,21.,1.9));
#1706 = DIRECTION('',(0.,-0.,1.));
#1707 = DIRECTION('',(3.652633751017E-14,1.,0.));
#1708 = ORIENTED_EDGE('',*,*,#1668,.T.);
#1709 = ORIENTED_EDGE('',*,*,#1142,.F.);
#1710 = OFFSET_SURFACE('',#1711,1.5,.F.);
#1711 = SURFACE_OF_REVOLUTION('',#1712,#1725);
#1712 = B_SPLINE_CURVE_WITH_KNOTS('',6,(#1713,#1714,#1715,#1716,#1717,
    #1718,#1719,#1720,#1721,#1722,#1723,#1724),.UNSPECIFIED.,.F.,.F.,(7,
    5,7),(0.,0.785398163397,1.570796326795),.UNSPECIFIED.);
#1713 = CARTESIAN_POINT('',(-13.49999999999,23.,1.9));
#1714 = CARTESIAN_POINT('',(-13.49999999999,23.,1.651290581591));
#1715 = CARTESIAN_POINT('',(-13.49999999999,22.960932969155,
    1.402581578595));
#1716 = CARTESIAN_POINT('',(-13.49999999999,22.882797889701,
    1.161540935116));
#1717 = CARTESIAN_POINT('',(-13.49999999999,22.767606260686,
    0.93584961704));
#1718 = CARTESIAN_POINT('',(-13.49999999999,22.619367000557,
    0.732361232048));
#1719 = CARTESIAN_POINT('',(-13.49999999999,22.267638767952,
    0.380632999443));
#1720 = CARTESIAN_POINT('',(-13.49999999999,22.06415038296,
    0.232393739314));
#1721 = CARTESIAN_POINT('',(-13.49999999999,21.838459064884,
    0.117202110299));
#1722 = CARTESIAN_POINT('',(-13.49999999999,21.597418421405,
    3.906703084475E-02));
#1723 = CARTESIAN_POINT('',(-13.49999999999,21.348709418409,
    -1.382948303619E-16));
#1724 = CARTESIAN_POINT('',(-13.49999999999,21.1,2.775557561563E-17));
#1725 = AXIS1_PLACEMENT('',#1726,#1727);
#1726 = CARTESIAN_POINT('',(-13.49999999999,21.,1.9));
#1727 = DIRECTION('',(0.,0.,1.));
#1728 = ADVANCED_FACE('',(#1729),#1748,.F.);
#1729 = FACE_BOUND('',#1730,.F.);
#1730 = EDGE_LOOP('',(#1731,#1739,#1746,#1747));
#1731 = ORIENTED_EDGE('',*,*,#1732,.F.);
#1732 = EDGE_CURVE('',#1733,#1694,#1735,.T.);
#1733 = VERTEX_POINT('',#1734);
#1734 = CARTESIAN_POINT('',(-2.5,21.5,1.9));
#1735 = LINE('',#1736,#1737);
#1736 = CARTESIAN_POINT('',(13.499999999999,21.5,1.9));
#1737 = VECTOR('',#1738,1.);
#1738 = DIRECTION('',(-1.,0.,0.));
#1739 = ORIENTED_EDGE('',*,*,#1740,.T.);
#1740 = EDGE_CURVE('',#1733,#1127,#1741,.T.);
#1741 = CIRCLE('',#1742,0.4);
#1742 = AXIS2_PLACEMENT_3D('',#1743,#1744,#1745);
#1743 = CARTESIAN_POINT('',(-2.5,21.1,1.9));
#1744 = DIRECTION('',(-1.,0.,0.));
#1745 = DIRECTION('',(0.,1.,0.));
#1746 = ORIENTED_EDGE('',*,*,#1134,.T.);
#1747 = ORIENTED_EDGE('',*,*,#1693,.F.);
#1748 = CYLINDRICAL_SURFACE('',#1749,0.4);
#1749 = AXIS2_PLACEMENT_3D('',#1750,#1751,#1752);
#1750 = CARTESIAN_POINT('',(13.499999999999,21.1,1.9));
#1751 = DIRECTION('',(-1.,0.,0.));
#1752 = DIRECTION('',(0.,1.,0.));
#1753 = ADVANCED_FACE('',(#1754),#1771,.T.);
#1754 = FACE_BOUND('',#1755,.T.);
#1755 = EDGE_LOOP('',(#1756,#1757,#1763,#1764,#1765));
#1756 = ORIENTED_EDGE('',*,*,#1406,.T.);
#1757 = ORIENTED_EDGE('',*,*,#1758,.T.);
#1758 = EDGE_CURVE('',#1399,#1733,#1759,.T.);
#1759 = LINE('',#1760,#1761);
#1760 = CARTESIAN_POINT('',(-2.5,21.5,6.5));
#1761 = VECTOR('',#1762,1.);
#1762 = DIRECTION('',(-0.,-0.,-1.));
#1763 = ORIENTED_EDGE('',*,*,#1740,.T.);
#1764 = ORIENTED_EDGE('',*,*,#1126,.T.);
#1765 = ORIENTED_EDGE('',*,*,#1766,.T.);
#1766 = EDGE_CURVE('',#1119,#1407,#1767,.T.);
#1767 = LINE('',#1768,#1769);
#1768 = CARTESIAN_POINT('',(-2.5,20.,4.));
#1769 = VECTOR('',#1770,1.);
#1770 = DIRECTION('',(0.,0.,1.));
#1771 = PLANE('',#1772);
#1772 = AXIS2_PLACEMENT_3D('',#1773,#1774,#1775);
#1773 = CARTESIAN_POINT('',(-2.5,21.5,6.5));
#1774 = DIRECTION('',(-1.,0.,0.));
#1775 = DIRECTION('',(0.,-1.,0.));
#1776 = ADVANCED_FACE('',(#1777),#1811,.T.);
#1777 = FACE_BOUND('',#1778,.T.);
#1778 = EDGE_LOOP('',(#1779,#1780,#1788,#1796,#1804,#1810));
#1779 = ORIENTED_EDGE('',*,*,#1118,.F.);
#1780 = ORIENTED_EDGE('',*,*,#1781,.T.);
#1781 = EDGE_CURVE('',#1111,#1782,#1784,.T.);
#1782 = VERTEX_POINT('',#1783);
#1783 = CARTESIAN_POINT('',(-6.000000000001,20.,6.));
#1784 = LINE('',#1785,#1786);
#1785 = CARTESIAN_POINT('',(-6.000000000001,20.,1.5));
#1786 = VECTOR('',#1787,1.);
#1787 = DIRECTION('',(0.,0.,1.));
#1788 = ORIENTED_EDGE('',*,*,#1789,.T.);
#1789 = EDGE_CURVE('',#1782,#1790,#1792,.T.);
#1790 = VERTEX_POINT('',#1791);
#1791 = CARTESIAN_POINT('',(-2.5,20.,6.));
#1792 = LINE('',#1793,#1794);
#1793 = CARTESIAN_POINT('',(-6.000000000001,20.,6.));
#1794 = VECTOR('',#1795,1.);
#1795 = DIRECTION('',(1.,0.,0.));
#1796 = ORIENTED_EDGE('',*,*,#1797,.F.);
#1797 = EDGE_CURVE('',#1798,#1790,#1800,.T.);
#1798 = VERTEX_POINT('',#1799);
#1799 = CARTESIAN_POINT('',(-2.5,20.,3.500000000144));
#1800 = LINE('',#1801,#1802);
#1801 = CARTESIAN_POINT('',(-2.5,20.,4.));
#1802 = VECTOR('',#1803,1.);
#1803 = DIRECTION('',(0.,0.,1.));
#1804 = ORIENTED_EDGE('',*,*,#1805,.F.);
#1805 = EDGE_CURVE('',#1407,#1798,#1806,.T.);
#1806 = LINE('',#1807,#1808);
#1807 = CARTESIAN_POINT('',(-2.5,20.,4.));
#1808 = VECTOR('',#1809,1.);
#1809 = DIRECTION('',(0.,0.,1.));
#1810 = ORIENTED_EDGE('',*,*,#1766,.F.);
#1811 = PLANE('',#1812);
#1812 = AXIS2_PLACEMENT_3D('',#1813,#1814,#1815);
#1813 = CARTESIAN_POINT('',(-6.000000000001,20.,1.5));
#1814 = DIRECTION('',(0.,1.,0.));
#1815 = DIRECTION('',(1.,0.,0.));
#1816 = ADVANCED_FACE('',(#1817),#1867,.T.);
#1817 = FACE_BOUND('',#1818,.T.);
#1818 = EDGE_LOOP('',(#1819,#1820,#1828,#1836,#1844,#1852,#1860,#1866));
#1819 = ORIENTED_EDGE('',*,*,#1110,.F.);
#1820 = ORIENTED_EDGE('',*,*,#1821,.T.);
#1821 = EDGE_CURVE('',#1103,#1822,#1824,.T.);
#1822 = VERTEX_POINT('',#1823);
#1823 = CARTESIAN_POINT('',(-3.750000000001,17.75,4.1));
#1824 = LINE('',#1825,#1826);
#1825 = CARTESIAN_POINT('',(-3.750000000001,17.75,1.5));
#1826 = VECTOR('',#1827,1.);
#1827 = DIRECTION('',(0.,0.,1.));
#1828 = ORIENTED_EDGE('',*,*,#1829,.T.);
#1829 = EDGE_CURVE('',#1822,#1830,#1832,.T.);
#1830 = VERTEX_POINT('',#1831);
#1831 = CARTESIAN_POINT('',(-4.600000000001,18.6,4.1));
#1832 = LINE('',#1833,#1834);
#1833 = CARTESIAN_POINT('',(-0.375000000001,14.375,4.1));
#1834 = VECTOR('',#1835,1.);
#1835 = DIRECTION('',(-0.707106781187,0.707106781187,0.));
#1836 = ORIENTED_EDGE('',*,*,#1837,.T.);
#1837 = EDGE_CURVE('',#1830,#1838,#1840,.T.);
#1838 = VERTEX_POINT('',#1839);
#1839 = CARTESIAN_POINT('',(-4.600000000001,18.6,5.1));
#1840 = LINE('',#1841,#1842);
#1841 = CARTESIAN_POINT('',(-4.600000000001,18.6,2.8));
#1842 = VECTOR('',#1843,1.);
#1843 = DIRECTION('',(0.,0.,1.));
#1844 = ORIENTED_EDGE('',*,*,#1845,.F.);
#1845 = EDGE_CURVE('',#1846,#1838,#1848,.T.);
#1846 = VERTEX_POINT('',#1847);
#1847 = CARTESIAN_POINT('',(-3.750000000001,17.75,5.1));
#1848 = LINE('',#1849,#1850);
#1849 = CARTESIAN_POINT('',(-0.375000000001,14.375,5.1));
#1850 = VECTOR('',#1851,1.);
#1851 = DIRECTION('',(-0.707106781187,0.707106781187,0.));
#1852 = ORIENTED_EDGE('',*,*,#1853,.T.);
#1853 = EDGE_CURVE('',#1846,#1854,#1856,.T.);
#1854 = VERTEX_POINT('',#1855);
#1855 = CARTESIAN_POINT('',(-3.750000000001,17.75,6.));
#1856 = LINE('',#1857,#1858);
#1857 = CARTESIAN_POINT('',(-3.750000000001,17.75,1.5));
#1858 = VECTOR('',#1859,1.);
#1859 = DIRECTION('',(0.,0.,1.));
#1860 = ORIENTED_EDGE('',*,*,#1861,.T.);
#1861 = EDGE_CURVE('',#1854,#1782,#1862,.T.);
#1862 = LINE('',#1863,#1864);
#1863 = CARTESIAN_POINT('',(-3.750000000001,17.75,6.));
#1864 = VECTOR('',#1865,1.);
#1865 = DIRECTION('',(-0.707106781187,0.707106781187,0.));
#1866 = ORIENTED_EDGE('',*,*,#1781,.F.);
#1867 = PLANE('',#1868);
#1868 = AXIS2_PLACEMENT_3D('',#1869,#1870,#1871);
#1869 = CARTESIAN_POINT('',(-3.750000000001,17.75,1.5));
#1870 = DIRECTION('',(-0.707106781187,-0.707106781187,0.));
#1871 = DIRECTION('',(-0.707106781187,0.707106781187,0.));
#1872 = ADVANCED_FACE('',(#1873),#1891,.F.);
#1873 = FACE_BOUND('',#1874,.F.);
#1874 = EDGE_LOOP('',(#1875,#1876,#1877,#1885));
#1875 = ORIENTED_EDGE('',*,*,#1102,.F.);
#1876 = ORIENTED_EDGE('',*,*,#1821,.T.);
#1877 = ORIENTED_EDGE('',*,*,#1878,.T.);
#1878 = EDGE_CURVE('',#1822,#1879,#1881,.T.);
#1879 = VERTEX_POINT('',#1880);
#1880 = CARTESIAN_POINT('',(8.249999999999,17.75,4.1));
#1881 = LINE('',#1882,#1883);
#1882 = CARTESIAN_POINT('',(-1.125,17.75,4.1));
#1883 = VECTOR('',#1884,1.);
#1884 = DIRECTION('',(1.,0.,0.));
#1885 = ORIENTED_EDGE('',*,*,#1886,.F.);
#1886 = EDGE_CURVE('',#1095,#1879,#1887,.T.);
#1887 = LINE('',#1888,#1889);
#1888 = CARTESIAN_POINT('',(8.249999999999,17.75,1.5));
#1889 = VECTOR('',#1890,1.);
#1890 = DIRECTION('',(0.,0.,1.));
#1891 = PLANE('',#1892);
#1892 = AXIS2_PLACEMENT_3D('',#1893,#1894,#1895);
#1893 = CARTESIAN_POINT('',(-3.750000000001,17.75,1.5));
#1894 = DIRECTION('',(0.,1.,0.));
#1895 = DIRECTION('',(1.,0.,0.));
#1896 = ADVANCED_FACE('',(#1897),#1947,.T.);
#1897 = FACE_BOUND('',#1898,.T.);
#1898 = EDGE_LOOP('',(#1899,#1900,#1908,#1916,#1924,#1932,#1940,#1946));
#1899 = ORIENTED_EDGE('',*,*,#1094,.F.);
#1900 = ORIENTED_EDGE('',*,*,#1901,.T.);
#1901 = EDGE_CURVE('',#1087,#1902,#1904,.T.);
#1902 = VERTEX_POINT('',#1903);
#1903 = CARTESIAN_POINT('',(10.499999999999,20.,6.));
#1904 = LINE('',#1905,#1906);
#1905 = CARTESIAN_POINT('',(10.499999999999,20.,1.5));
#1906 = VECTOR('',#1907,1.);
#1907 = DIRECTION('',(0.,0.,1.));
#1908 = ORIENTED_EDGE('',*,*,#1909,.T.);
#1909 = EDGE_CURVE('',#1902,#1910,#1912,.T.);
#1910 = VERTEX_POINT('',#1911);
#1911 = CARTESIAN_POINT('',(8.249999999999,17.75,6.));
#1912 = LINE('',#1913,#1914);
#1913 = CARTESIAN_POINT('',(10.499999999999,20.,6.));
#1914 = VECTOR('',#1915,1.);
#1915 = DIRECTION('',(-0.707106781187,-0.707106781187,0.));
#1916 = ORIENTED_EDGE('',*,*,#1917,.F.);
#1917 = EDGE_CURVE('',#1918,#1910,#1920,.T.);
#1918 = VERTEX_POINT('',#1919);
#1919 = CARTESIAN_POINT('',(8.249999999999,17.75,5.1));
#1920 = LINE('',#1921,#1922);
#1921 = CARTESIAN_POINT('',(8.249999999999,17.75,1.5));
#1922 = VECTOR('',#1923,1.);
#1923 = DIRECTION('',(0.,0.,1.));
#1924 = ORIENTED_EDGE('',*,*,#1925,.F.);
#1925 = EDGE_CURVE('',#1926,#1918,#1928,.T.);
#1926 = VERTEX_POINT('',#1927);
#1927 = CARTESIAN_POINT('',(9.099999999999,18.6,5.1));
#1928 = LINE('',#1929,#1930);
#1929 = CARTESIAN_POINT('',(5.624999999999,15.125,5.1));
#1930 = VECTOR('',#1931,1.);
#1931 = DIRECTION('',(-0.707106781187,-0.707106781187,0.));
#1932 = ORIENTED_EDGE('',*,*,#1933,.T.);
#1933 = EDGE_CURVE('',#1926,#1934,#1936,.T.);
#1934 = VERTEX_POINT('',#1935);
#1935 = CARTESIAN_POINT('',(9.099999999999,18.6,4.1));
#1936 = LINE('',#1937,#1938);
#1937 = CARTESIAN_POINT('',(9.099999999999,18.6,2.8));
#1938 = VECTOR('',#1939,1.);
#1939 = DIRECTION('',(0.,0.,-1.));
#1940 = ORIENTED_EDGE('',*,*,#1941,.T.);
#1941 = EDGE_CURVE('',#1934,#1879,#1942,.T.);
#1942 = LINE('',#1943,#1944);
#1943 = CARTESIAN_POINT('',(5.624999999999,15.125,4.1));
#1944 = VECTOR('',#1945,1.);
#1945 = DIRECTION('',(-0.707106781187,-0.707106781187,0.));
#1946 = ORIENTED_EDGE('',*,*,#1886,.F.);
#1947 = PLANE('',#1948);
#1948 = AXIS2_PLACEMENT_3D('',#1949,#1950,#1951);
#1949 = CARTESIAN_POINT('',(10.499999999999,20.,1.5));
#1950 = DIRECTION('',(0.707106781187,-0.707106781187,0.));
#1951 = DIRECTION('',(-0.707106781187,-0.707106781187,0.));
#1952 = ADVANCED_FACE('',(#1953),#1985,.T.);
#1953 = FACE_BOUND('',#1954,.T.);
#1954 = EDGE_LOOP('',(#1955,#1956,#1962,#1970,#1978,#1984));
#1955 = ORIENTED_EDGE('',*,*,#1086,.F.);
#1956 = ORIENTED_EDGE('',*,*,#1957,.F.);
#1957 = EDGE_CURVE('',#1431,#1079,#1958,.T.);
#1958 = LINE('',#1959,#1960);
#1959 = CARTESIAN_POINT('',(2.5,20.,4.));
#1960 = VECTOR('',#1961,1.);
#1961 = DIRECTION('',(0.,0.,-1.));
#1962 = ORIENTED_EDGE('',*,*,#1963,.F.);
#1963 = EDGE_CURVE('',#1964,#1431,#1966,.T.);
#1964 = VERTEX_POINT('',#1965);
#1965 = CARTESIAN_POINT('',(2.5,20.,3.500000000144));
#1966 = LINE('',#1967,#1968);
#1967 = CARTESIAN_POINT('',(2.5,20.,4.));
#1968 = VECTOR('',#1969,1.);
#1969 = DIRECTION('',(0.,0.,-1.));
#1970 = ORIENTED_EDGE('',*,*,#1971,.F.);
#1971 = EDGE_CURVE('',#1972,#1964,#1974,.T.);
#1972 = VERTEX_POINT('',#1973);
#1973 = CARTESIAN_POINT('',(2.5,20.,6.));
#1974 = LINE('',#1975,#1976);
#1975 = CARTESIAN_POINT('',(2.5,20.,4.));
#1976 = VECTOR('',#1977,1.);
#1977 = DIRECTION('',(0.,0.,-1.));
#1978 = ORIENTED_EDGE('',*,*,#1979,.T.);
#1979 = EDGE_CURVE('',#1972,#1902,#1980,.T.);
#1980 = LINE('',#1981,#1982);
#1981 = CARTESIAN_POINT('',(-6.000000000001,20.,6.));
#1982 = VECTOR('',#1983,1.);
#1983 = DIRECTION('',(1.,0.,0.));
#1984 = ORIENTED_EDGE('',*,*,#1901,.F.);
#1985 = PLANE('',#1986);
#1986 = AXIS2_PLACEMENT_3D('',#1987,#1988,#1989);
#1987 = CARTESIAN_POINT('',(-6.000000000001,20.,1.5));
#1988 = DIRECTION('',(0.,1.,0.));
#1989 = DIRECTION('',(1.,0.,0.));
#1990 = ADVANCED_FACE('',(#1991),#2011,.T.);
#1991 = FACE_BOUND('',#1992,.T.);
#1992 = EDGE_LOOP('',(#1993,#2001,#2002,#2003,#2004));
#1993 = ORIENTED_EDGE('',*,*,#1994,.F.);
#1994 = EDGE_CURVE('',#1439,#1995,#1997,.T.);
#1995 = VERTEX_POINT('',#1996);
#1996 = CARTESIAN_POINT('',(2.5,21.5,1.9));
#1997 = LINE('',#1998,#1999);
#1998 = CARTESIAN_POINT('',(2.5,21.5,6.5));
#1999 = VECTOR('',#2000,1.);
#2000 = DIRECTION('',(-0.,-0.,-1.));
#2001 = ORIENTED_EDGE('',*,*,#1438,.F.);
#2002 = ORIENTED_EDGE('',*,*,#1957,.T.);
#2003 = ORIENTED_EDGE('',*,*,#1078,.T.);
#2004 = ORIENTED_EDGE('',*,*,#2005,.F.);
#2005 = EDGE_CURVE('',#1995,#1071,#2006,.T.);
#2006 = CIRCLE('',#2007,0.4);
#2007 = AXIS2_PLACEMENT_3D('',#2008,#2009,#2010);
#2008 = CARTESIAN_POINT('',(2.5,21.1,1.9));
#2009 = DIRECTION('',(-1.,0.,0.));
#2010 = DIRECTION('',(0.,1.,0.));
#2011 = PLANE('',#2012);
#2012 = AXIS2_PLACEMENT_3D('',#2013,#2014,#2015);
#2013 = CARTESIAN_POINT('',(2.5,19.,6.5));
#2014 = DIRECTION('',(1.,0.,0.));
#2015 = DIRECTION('',(0.,1.,0.));
#2016 = ADVANCED_FACE('',(#2017),#2036,.F.);
#2017 = FACE_BOUND('',#2018,.F.);
#2018 = EDGE_LOOP('',(#2019,#2027,#2034,#2035));
#2019 = ORIENTED_EDGE('',*,*,#2020,.F.);
#2020 = EDGE_CURVE('',#2021,#1995,#2023,.T.);
#2021 = VERTEX_POINT('',#2022);
#2022 = CARTESIAN_POINT('',(13.499999999999,21.5,1.9));
#2023 = LINE('',#2024,#2025);
#2024 = CARTESIAN_POINT('',(13.499999999999,21.5,1.9));
#2025 = VECTOR('',#2026,1.);
#2026 = DIRECTION('',(-1.,0.,0.));
#2027 = ORIENTED_EDGE('',*,*,#2028,.T.);
#2028 = EDGE_CURVE('',#2021,#1062,#2029,.T.);
#2029 = CIRCLE('',#2030,0.4);
#2030 = AXIS2_PLACEMENT_3D('',#2031,#2032,#2033);
#2031 = CARTESIAN_POINT('',(13.499999999999,21.1,1.9));
#2032 = DIRECTION('',(-1.,0.,0.));
#2033 = DIRECTION('',(0.,1.,0.));
#2034 = ORIENTED_EDGE('',*,*,#1070,.T.);
#2035 = ORIENTED_EDGE('',*,*,#2005,.F.);
#2036 = CYLINDRICAL_SURFACE('',#2037,0.4);
#2037 = AXIS2_PLACEMENT_3D('',#2038,#2039,#2040);
#2038 = CARTESIAN_POINT('',(13.499999999999,21.1,1.9));
#2039 = DIRECTION('',(-1.,0.,0.));
#2040 = DIRECTION('',(0.,1.,0.));
#2041 = ADVANCED_FACE('',(#2042),#2054,.T.);
#2042 = FACE_BOUND('',#2043,.T.);
#2043 = EDGE_LOOP('',(#2044,#2045,#2052,#2053));
#2044 = ORIENTED_EDGE('',*,*,#1508,.F.);
#2045 = ORIENTED_EDGE('',*,*,#2046,.T.);
#2046 = EDGE_CURVE('',#1482,#2021,#2047,.T.);
#2047 = CIRCLE('',#2048,0.5);
#2048 = AXIS2_PLACEMENT_3D('',#2049,#2050,#2051);
#2049 = CARTESIAN_POINT('',(13.499999999999,21.,1.9));
#2050 = DIRECTION('',(0.,-0.,1.));
#2051 = DIRECTION('',(1.,7.105427357601E-15,0.));
#2052 = ORIENTED_EDGE('',*,*,#2028,.T.);
#2053 = ORIENTED_EDGE('',*,*,#1061,.F.);
#2054 = OFFSET_SURFACE('',#2055,1.5,.F.);
#2055 = SURFACE_OF_REVOLUTION('',#2056,#2069);
#2056 = B_SPLINE_CURVE_WITH_KNOTS('',6,(#2057,#2058,#2059,#2060,#2061,
    #2062,#2063,#2064,#2065,#2066,#2067,#2068),.UNSPECIFIED.,.F.,.F.,(7,
    5,7),(0.,0.785398163397,1.570796326795),.UNSPECIFIED.);
#2057 = CARTESIAN_POINT('',(15.499999999999,21.,1.9));
#2058 = CARTESIAN_POINT('',(15.499999999999,21.,1.651290581591));
#2059 = CARTESIAN_POINT('',(15.460932969154,21.,1.402581578595));
#2060 = CARTESIAN_POINT('',(15.3827978897,21.,1.161540935116));
#2061 = CARTESIAN_POINT('',(15.267606260685,21.,0.93584961704));
#2062 = CARTESIAN_POINT('',(15.119367000556,21.,0.732361232048));
#2063 = CARTESIAN_POINT('',(14.767638767952,21.,0.380632999443));
#2064 = CARTESIAN_POINT('',(14.56415038296,21.,0.232393739314));
#2065 = CARTESIAN_POINT('',(14.338459064884,21.,0.117202110299));
#2066 = CARTESIAN_POINT('',(14.097418421405,21.,3.906703084475E-02));
#2067 = CARTESIAN_POINT('',(13.848709418408,21.,-1.382948303619E-16));
#2068 = CARTESIAN_POINT('',(13.599999999999,21.,2.775557561563E-17));
#2069 = AXIS1_PLACEMENT('',#2070,#2071);
#2070 = CARTESIAN_POINT('',(13.499999999999,21.,1.9));
#2071 = DIRECTION('',(0.,0.,1.));
#2072 = ADVANCED_FACE('',(#2073),#2084,.T.);
#2073 = FACE_BOUND('',#2074,.F.);
#2074 = EDGE_LOOP('',(#2075,#2076,#2082,#2083));
#2075 = ORIENTED_EDGE('',*,*,#1207,.T.);
#2076 = ORIENTED_EDGE('',*,*,#2077,.T.);
#2077 = EDGE_CURVE('',#1208,#1321,#2078,.T.);
#2078 = LINE('',#2079,#2080);
#2079 = CARTESIAN_POINT('',(4.5,-16.5,1.));
#2080 = VECTOR('',#2081,1.);
#2081 = DIRECTION('',(0.,0.,1.));
#2082 = ORIENTED_EDGE('',*,*,#1320,.T.);
#2083 = ORIENTED_EDGE('',*,*,#2077,.F.);
#2084 = CYLINDRICAL_SURFACE('',#2085,4.5);
#2085 = AXIS2_PLACEMENT_3D('',#2086,#2087,#2088);
#2086 = CARTESIAN_POINT('',(0.,-16.5,1.));
#2087 = DIRECTION('',(-0.,-0.,-1.));
#2088 = DIRECTION('',(1.,0.,0.));
#2089 = ADVANCED_FACE('',(#2090),#2115,.F.);
#2090 = FACE_BOUND('',#2091,.F.);
#2091 = EDGE_LOOP('',(#2092,#2100,#2108,#2114));
#2092 = ORIENTED_EDGE('',*,*,#2093,.T.);
#2093 = EDGE_CURVE('',#1219,#2094,#2096,.T.);
#2094 = VERTEX_POINT('',#2095);
#2095 = CARTESIAN_POINT('',(-11.3,12.5,6.));
#2096 = LINE('',#2097,#2098);
#2097 = CARTESIAN_POINT('',(-11.3,12.5,1.5));
#2098 = VECTOR('',#2099,1.);
#2099 = DIRECTION('',(0.,0.,1.));
#2100 = ORIENTED_EDGE('',*,*,#2101,.T.);
#2101 = EDGE_CURVE('',#2094,#2102,#2104,.T.);
#2102 = VERTEX_POINT('',#2103);
#2103 = CARTESIAN_POINT('',(-11.3,6.5,6.));
#2104 = LINE('',#2105,#2106);
#2105 = CARTESIAN_POINT('',(-11.3,12.5,6.));
#2106 = VECTOR('',#2107,1.);
#2107 = DIRECTION('',(0.,-1.,0.));
#2108 = ORIENTED_EDGE('',*,*,#2109,.F.);
#2109 = EDGE_CURVE('',#1221,#2102,#2110,.T.);
#2110 = LINE('',#2111,#2112);
#2111 = CARTESIAN_POINT('',(-11.3,6.5,1.5));
#2112 = VECTOR('',#2113,1.);
#2113 = DIRECTION('',(0.,0.,1.));
#2114 = ORIENTED_EDGE('',*,*,#1218,.F.);
#2115 = PLANE('',#2116);
#2116 = AXIS2_PLACEMENT_3D('',#2117,#2118,#2119);
#2117 = CARTESIAN_POINT('',(-11.3,12.5,1.5));
#2118 = DIRECTION('',(1.,0.,0.));
#2119 = DIRECTION('',(0.,-1.,0.));
#2120 = ADVANCED_FACE('',(#2121),#2139,.F.);
#2121 = FACE_BOUND('',#2122,.F.);
#2122 = EDGE_LOOP('',(#2123,#2131,#2137,#2138));
#2123 = ORIENTED_EDGE('',*,*,#2124,.T.);
#2124 = EDGE_CURVE('',#1229,#2125,#2127,.T.);
#2125 = VERTEX_POINT('',#2126);
#2126 = CARTESIAN_POINT('',(-9.300000000001,12.5,6.));
#2127 = LINE('',#2128,#2129);
#2128 = CARTESIAN_POINT('',(-9.300000000001,12.5,1.5));
#2129 = VECTOR('',#2130,1.);
#2130 = DIRECTION('',(0.,0.,1.));
#2131 = ORIENTED_EDGE('',*,*,#2132,.T.);
#2132 = EDGE_CURVE('',#2125,#2094,#2133,.T.);
#2133 = LINE('',#2134,#2135);
#2134 = CARTESIAN_POINT('',(-9.300000000001,12.5,6.));
#2135 = VECTOR('',#2136,1.);
#2136 = DIRECTION('',(-1.,0.,0.));
#2137 = ORIENTED_EDGE('',*,*,#2093,.F.);
#2138 = ORIENTED_EDGE('',*,*,#1228,.F.);
#2139 = PLANE('',#2140);
#2140 = AXIS2_PLACEMENT_3D('',#2141,#2142,#2143);
#2141 = CARTESIAN_POINT('',(-9.300000000001,12.5,1.5));
#2142 = DIRECTION('',(0.,-1.,0.));
#2143 = DIRECTION('',(-1.,0.,0.));
#2144 = ADVANCED_FACE('',(#2145),#2163,.F.);
#2145 = FACE_BOUND('',#2146,.F.);
#2146 = EDGE_LOOP('',(#2147,#2148,#2156,#2162));
#2147 = ORIENTED_EDGE('',*,*,#2109,.T.);
#2148 = ORIENTED_EDGE('',*,*,#2149,.T.);
#2149 = EDGE_CURVE('',#2102,#2150,#2152,.T.);
#2150 = VERTEX_POINT('',#2151);
#2151 = CARTESIAN_POINT('',(-9.300000000001,6.5,6.));
#2152 = LINE('',#2153,#2154);
#2153 = CARTESIAN_POINT('',(-11.3,6.5,6.));
#2154 = VECTOR('',#2155,1.);
#2155 = DIRECTION('',(1.,0.,0.));
#2156 = ORIENTED_EDGE('',*,*,#2157,.F.);
#2157 = EDGE_CURVE('',#1237,#2150,#2158,.T.);
#2158 = LINE('',#2159,#2160);
#2159 = CARTESIAN_POINT('',(-9.300000000001,6.5,1.5));
#2160 = VECTOR('',#2161,1.);
#2161 = DIRECTION('',(0.,0.,1.));
#2162 = ORIENTED_EDGE('',*,*,#1244,.F.);
#2163 = PLANE('',#2164);
#2164 = AXIS2_PLACEMENT_3D('',#2165,#2166,#2167);
#2165 = CARTESIAN_POINT('',(-11.3,6.5,1.5));
#2166 = DIRECTION('',(0.,1.,0.));
#2167 = DIRECTION('',(1.,0.,0.));
#2168 = ADVANCED_FACE('',(#2169),#2180,.F.);
#2169 = FACE_BOUND('',#2170,.F.);
#2170 = EDGE_LOOP('',(#2171,#2172,#2178,#2179));
#2171 = ORIENTED_EDGE('',*,*,#2157,.T.);
#2172 = ORIENTED_EDGE('',*,*,#2173,.T.);
#2173 = EDGE_CURVE('',#2150,#2125,#2174,.T.);
#2174 = LINE('',#2175,#2176);
#2175 = CARTESIAN_POINT('',(-9.300000000001,6.5,6.));
#2176 = VECTOR('',#2177,1.);
#2177 = DIRECTION('',(0.,1.,0.));
#2178 = ORIENTED_EDGE('',*,*,#2124,.F.);
#2179 = ORIENTED_EDGE('',*,*,#1236,.F.);
#2180 = PLANE('',#2181);
#2181 = AXIS2_PLACEMENT_3D('',#2182,#2183,#2184);
#2182 = CARTESIAN_POINT('',(-9.300000000001,6.5,1.5));
#2183 = DIRECTION('',(-1.,0.,0.));
#2184 = DIRECTION('',(0.,1.,0.));
#2185 = ADVANCED_FACE('',(#2186),#2243,.F.);
#2186 = FACE_BOUND('',#2187,.F.);
#2187 = EDGE_LOOP('',(#2188,#2189,#2197,#2205,#2213,#2221,#2229,#2237));
#2188 = ORIENTED_EDGE('',*,*,#1252,.F.);
#2189 = ORIENTED_EDGE('',*,*,#2190,.T.);
#2190 = EDGE_CURVE('',#1253,#2191,#2193,.T.);
#2191 = VERTEX_POINT('',#2192);
#2192 = CARTESIAN_POINT('',(-3.750000000001,1.25,4.1));
#2193 = LINE('',#2194,#2195);
#2194 = CARTESIAN_POINT('',(-3.750000000001,1.25,1.5));
#2195 = VECTOR('',#2196,1.);
#2196 = DIRECTION('',(0.,0.,1.));
#2197 = ORIENTED_EDGE('',*,*,#2198,.T.);
#2198 = EDGE_CURVE('',#2191,#2199,#2201,.T.);
#2199 = VERTEX_POINT('',#2200);
#2200 = CARTESIAN_POINT('',(-4.600000000001,0.4,4.1));
#2201 = LINE('',#2202,#2203);
#2202 = CARTESIAN_POINT('',(-0.375000000001,4.625,4.1));
#2203 = VECTOR('',#2204,1.);
#2204 = DIRECTION('',(-0.707106781187,-0.707106781187,0.));
#2205 = ORIENTED_EDGE('',*,*,#2206,.T.);
#2206 = EDGE_CURVE('',#2199,#2207,#2209,.T.);
#2207 = VERTEX_POINT('',#2208);
#2208 = CARTESIAN_POINT('',(-4.600000000001,0.4,5.1));
#2209 = LINE('',#2210,#2211);
#2210 = CARTESIAN_POINT('',(-4.600000000001,0.4,2.8));
#2211 = VECTOR('',#2212,1.);
#2212 = DIRECTION('',(0.,0.,1.));
#2213 = ORIENTED_EDGE('',*,*,#2214,.F.);
#2214 = EDGE_CURVE('',#2215,#2207,#2217,.T.);
#2215 = VERTEX_POINT('',#2216);
#2216 = CARTESIAN_POINT('',(-3.750000000001,1.25,5.1));
#2217 = LINE('',#2218,#2219);
#2218 = CARTESIAN_POINT('',(-0.375000000001,4.625,5.1));
#2219 = VECTOR('',#2220,1.);
#2220 = DIRECTION('',(-0.707106781187,-0.707106781187,0.));
#2221 = ORIENTED_EDGE('',*,*,#2222,.T.);
#2222 = EDGE_CURVE('',#2215,#2223,#2225,.T.);
#2223 = VERTEX_POINT('',#2224);
#2224 = CARTESIAN_POINT('',(-3.750000000001,1.25,6.));
#2225 = LINE('',#2226,#2227);
#2226 = CARTESIAN_POINT('',(-3.750000000001,1.25,1.5));
#2227 = VECTOR('',#2228,1.);
#2228 = DIRECTION('',(0.,0.,1.));
#2229 = ORIENTED_EDGE('',*,*,#2230,.T.);
#2230 = EDGE_CURVE('',#2223,#2231,#2233,.T.);
#2231 = VERTEX_POINT('',#2232);
#2232 = CARTESIAN_POINT('',(-6.000000000001,-1.,6.));
#2233 = LINE('',#2234,#2235);
#2234 = CARTESIAN_POINT('',(-3.750000000001,1.25,6.));
#2235 = VECTOR('',#2236,1.);
#2236 = DIRECTION('',(-0.707106781187,-0.707106781187,0.));
#2237 = ORIENTED_EDGE('',*,*,#2238,.F.);
#2238 = EDGE_CURVE('',#1255,#2231,#2239,.T.);
#2239 = LINE('',#2240,#2241);
#2240 = CARTESIAN_POINT('',(-6.000000000001,-1.,1.5));
#2241 = VECTOR('',#2242,1.);
#2242 = DIRECTION('',(0.,0.,1.));
#2243 = PLANE('',#2244);
#2244 = AXIS2_PLACEMENT_3D('',#2245,#2246,#2247);
#2245 = CARTESIAN_POINT('',(-3.750000000001,1.25,1.5));
#2246 = DIRECTION('',(0.707106781187,-0.707106781187,0.));
#2247 = DIRECTION('',(-0.707106781187,-0.707106781187,0.));
#2248 = ADVANCED_FACE('',(#2249),#2267,.T.);
#2249 = FACE_BOUND('',#2250,.T.);
#2250 = EDGE_LOOP('',(#2251,#2252,#2253,#2261));
#2251 = ORIENTED_EDGE('',*,*,#1262,.F.);
#2252 = ORIENTED_EDGE('',*,*,#2190,.T.);
#2253 = ORIENTED_EDGE('',*,*,#2254,.T.);
#2254 = EDGE_CURVE('',#2191,#2255,#2257,.T.);
#2255 = VERTEX_POINT('',#2256);
#2256 = CARTESIAN_POINT('',(8.249999999999,1.25,4.1));
#2257 = LINE('',#2258,#2259);
#2258 = CARTESIAN_POINT('',(-1.125,1.25,4.1));
#2259 = VECTOR('',#2260,1.);
#2260 = DIRECTION('',(1.,0.,0.));
#2261 = ORIENTED_EDGE('',*,*,#2262,.F.);
#2262 = EDGE_CURVE('',#1263,#2255,#2263,.T.);
#2263 = LINE('',#2264,#2265);
#2264 = CARTESIAN_POINT('',(8.249999999999,1.25,1.5));
#2265 = VECTOR('',#2266,1.);
#2266 = DIRECTION('',(0.,0.,1.));
#2267 = PLANE('',#2268);
#2268 = AXIS2_PLACEMENT_3D('',#2269,#2270,#2271);
#2269 = CARTESIAN_POINT('',(-3.750000000001,1.25,1.5));
#2270 = DIRECTION('',(0.,1.,0.));
#2271 = DIRECTION('',(1.,0.,0.));
#2272 = ADVANCED_FACE('',(#2273),#2291,.F.);
#2273 = FACE_BOUND('',#2274,.F.);
#2274 = EDGE_LOOP('',(#2275,#2276,#2284,#2290));
#2275 = ORIENTED_EDGE('',*,*,#2238,.T.);
#2276 = ORIENTED_EDGE('',*,*,#2277,.T.);
#2277 = EDGE_CURVE('',#2231,#2278,#2280,.T.);
#2278 = VERTEX_POINT('',#2279);
#2279 = CARTESIAN_POINT('',(10.499999999999,-1.,6.));
#2280 = LINE('',#2281,#2282);
#2281 = CARTESIAN_POINT('',(-6.000000000001,-1.,6.));
#2282 = VECTOR('',#2283,1.);
#2283 = DIRECTION('',(1.,0.,0.));
#2284 = ORIENTED_EDGE('',*,*,#2285,.F.);
#2285 = EDGE_CURVE('',#1271,#2278,#2286,.T.);
#2286 = LINE('',#2287,#2288);
#2287 = CARTESIAN_POINT('',(10.499999999999,-1.,1.5));
#2288 = VECTOR('',#2289,1.);
#2289 = DIRECTION('',(0.,0.,1.));
#2290 = ORIENTED_EDGE('',*,*,#1278,.F.);
#2291 = PLANE('',#2292);
#2292 = AXIS2_PLACEMENT_3D('',#2293,#2294,#2295);
#2293 = CARTESIAN_POINT('',(-6.000000000001,-1.,1.5));
#2294 = DIRECTION('',(0.,1.,0.));
#2295 = DIRECTION('',(1.,0.,0.));
#2296 = ADVANCED_FACE('',(#2297),#2340,.F.);
#2297 = FACE_BOUND('',#2298,.F.);
#2298 = EDGE_LOOP('',(#2299,#2300,#2301,#2309,#2317,#2325,#2333,#2339));
#2299 = ORIENTED_EDGE('',*,*,#1270,.F.);
#2300 = ORIENTED_EDGE('',*,*,#2285,.T.);
#2301 = ORIENTED_EDGE('',*,*,#2302,.T.);
#2302 = EDGE_CURVE('',#2278,#2303,#2305,.T.);
#2303 = VERTEX_POINT('',#2304);
#2304 = CARTESIAN_POINT('',(8.249999999999,1.25,6.));
#2305 = LINE('',#2306,#2307);
#2306 = CARTESIAN_POINT('',(10.499999999999,-1.,6.));
#2307 = VECTOR('',#2308,1.);
#2308 = DIRECTION('',(-0.707106781187,0.707106781187,0.));
#2309 = ORIENTED_EDGE('',*,*,#2310,.F.);
#2310 = EDGE_CURVE('',#2311,#2303,#2313,.T.);
#2311 = VERTEX_POINT('',#2312);
#2312 = CARTESIAN_POINT('',(8.249999999999,1.25,5.1));
#2313 = LINE('',#2314,#2315);
#2314 = CARTESIAN_POINT('',(8.249999999999,1.25,1.5));
#2315 = VECTOR('',#2316,1.);
#2316 = DIRECTION('',(0.,0.,1.));
#2317 = ORIENTED_EDGE('',*,*,#2318,.F.);
#2318 = EDGE_CURVE('',#2319,#2311,#2321,.T.);
#2319 = VERTEX_POINT('',#2320);
#2320 = CARTESIAN_POINT('',(9.099999999999,0.4,5.1));
#2321 = LINE('',#2322,#2323);
#2322 = CARTESIAN_POINT('',(5.624999999999,3.875,5.1));
#2323 = VECTOR('',#2324,1.);
#2324 = DIRECTION('',(-0.707106781187,0.707106781187,0.));
#2325 = ORIENTED_EDGE('',*,*,#2326,.T.);
#2326 = EDGE_CURVE('',#2319,#2327,#2329,.T.);
#2327 = VERTEX_POINT('',#2328);
#2328 = CARTESIAN_POINT('',(9.099999999999,0.4,4.1));
#2329 = LINE('',#2330,#2331);
#2330 = CARTESIAN_POINT('',(9.099999999999,0.4,2.8));
#2331 = VECTOR('',#2332,1.);
#2332 = DIRECTION('',(0.,0.,-1.));
#2333 = ORIENTED_EDGE('',*,*,#2334,.T.);
#2334 = EDGE_CURVE('',#2327,#2255,#2335,.T.);
#2335 = LINE('',#2336,#2337);
#2336 = CARTESIAN_POINT('',(5.624999999999,3.875,4.1));
#2337 = VECTOR('',#2338,1.);
#2338 = DIRECTION('',(-0.707106781187,0.707106781187,0.));
#2339 = ORIENTED_EDGE('',*,*,#2262,.F.);
#2340 = PLANE('',#2341);
#2341 = AXIS2_PLACEMENT_3D('',#2342,#2343,#2344);
#2342 = CARTESIAN_POINT('',(10.499999999999,-1.,1.5));
#2343 = DIRECTION('',(-0.707106781187,-0.707106781187,0.));
#2344 = DIRECTION('',(-0.707106781187,0.707106781187,0.));
#2345 = ADVANCED_FACE('',(#2346),#2357,.F.);
#2346 = FACE_BOUND('',#2347,.T.);
#2347 = EDGE_LOOP('',(#2348,#2349,#2355,#2356));
#2348 = ORIENTED_EDGE('',*,*,#1574,.F.);
#2349 = ORIENTED_EDGE('',*,*,#2350,.T.);
#2350 = EDGE_CURVE('',#1566,#1356,#2351,.T.);
#2351 = LINE('',#2352,#2353);
#2352 = CARTESIAN_POINT('',(13.499999999999,-21.5,0.));
#2353 = VECTOR('',#2354,1.);
#2354 = DIRECTION('',(0.,0.,1.));
#2355 = ORIENTED_EDGE('',*,*,#1355,.T.);
#2356 = ORIENTED_EDGE('',*,*,#1531,.F.);
#2357 = CYLINDRICAL_SURFACE('',#2358,0.5);
#2358 = AXIS2_PLACEMENT_3D('',#2359,#2360,#2361);
#2359 = CARTESIAN_POINT('',(13.499999999999,-21.,0.));
#2360 = DIRECTION('',(-0.,-0.,-1.));
#2361 = DIRECTION('',(1.,0.,0.));
#2362 = ADVANCED_FACE('',(#2363),#2374,.T.);
#2363 = FACE_BOUND('',#2364,.T.);
#2364 = EDGE_LOOP('',(#2365,#2366,#2372,#2373));
#2365 = ORIENTED_EDGE('',*,*,#1615,.F.);
#2366 = ORIENTED_EDGE('',*,*,#2367,.T.);
#2367 = EDGE_CURVE('',#1605,#1365,#2368,.T.);
#2368 = LINE('',#2369,#2370);
#2369 = CARTESIAN_POINT('',(-13.49999999999,-21.5,0.));
#2370 = VECTOR('',#2371,1.);
#2371 = DIRECTION('',(0.,0.,1.));
#2372 = ORIENTED_EDGE('',*,*,#1364,.T.);
#2373 = ORIENTED_EDGE('',*,*,#2350,.F.);
#2374 = PLANE('',#2375);
#2375 = AXIS2_PLACEMENT_3D('',#2376,#2377,#2378);
#2376 = CARTESIAN_POINT('',(-13.49999999999,-21.5,0.));
#2377 = DIRECTION('',(0.,1.,0.));
#2378 = DIRECTION('',(1.,0.,0.));
#2379 = ADVANCED_FACE('',(#2380),#2391,.F.);
#2380 = FACE_BOUND('',#2381,.T.);
#2381 = EDGE_LOOP('',(#2382,#2383,#2389,#2390));
#2382 = ORIENTED_EDGE('',*,*,#1638,.F.);
#2383 = ORIENTED_EDGE('',*,*,#2384,.T.);
#2384 = EDGE_CURVE('',#1630,#1373,#2385,.T.);
#2385 = LINE('',#2386,#2387);
#2386 = CARTESIAN_POINT('',(-13.99999999999,-21.,0.));
#2387 = VECTOR('',#2388,1.);
#2388 = DIRECTION('',(0.,0.,1.));
#2389 = ORIENTED_EDGE('',*,*,#1372,.T.);
#2390 = ORIENTED_EDGE('',*,*,#2367,.F.);
#2391 = CYLINDRICAL_SURFACE('',#2392,0.5);
#2392 = AXIS2_PLACEMENT_3D('',#2393,#2394,#2395);
#2393 = CARTESIAN_POINT('',(-13.49999999999,-21.,0.));
#2394 = DIRECTION('',(-0.,-0.,-1.));
#2395 = DIRECTION('',(1.,0.,0.));
#2396 = ADVANCED_FACE('',(#2397),#2408,.T.);
#2397 = FACE_BOUND('',#2398,.T.);
#2398 = EDGE_LOOP('',(#2399,#2405,#2406,#2407));
#2399 = ORIENTED_EDGE('',*,*,#2400,.T.);
#2400 = EDGE_CURVE('',#1669,#1382,#2401,.T.);
#2401 = LINE('',#2402,#2403);
#2402 = CARTESIAN_POINT('',(-13.99999999999,21.,0.));
#2403 = VECTOR('',#2404,1.);
#2404 = DIRECTION('',(0.,0.,1.));
#2405 = ORIENTED_EDGE('',*,*,#1381,.T.);
#2406 = ORIENTED_EDGE('',*,*,#2384,.F.);
#2407 = ORIENTED_EDGE('',*,*,#1679,.F.);
#2408 = PLANE('',#2409);
#2409 = AXIS2_PLACEMENT_3D('',#2410,#2411,#2412);
#2410 = CARTESIAN_POINT('',(-13.99999999999,21.,0.));
#2411 = DIRECTION('',(1.,0.,0.));
#2412 = DIRECTION('',(0.,-1.,0.));
#2413 = ADVANCED_FACE('',(#2414),#2425,.F.);
#2414 = FACE_BOUND('',#2415,.T.);
#2415 = EDGE_LOOP('',(#2416,#2417,#2423,#2424));
#2416 = ORIENTED_EDGE('',*,*,#1702,.F.);
#2417 = ORIENTED_EDGE('',*,*,#2418,.T.);
#2418 = EDGE_CURVE('',#1694,#1390,#2419,.T.);
#2419 = LINE('',#2420,#2421);
#2420 = CARTESIAN_POINT('',(-13.49999999999,21.5,0.));
#2421 = VECTOR('',#2422,1.);
#2422 = DIRECTION('',(0.,0.,1.));
#2423 = ORIENTED_EDGE('',*,*,#1389,.T.);
#2424 = ORIENTED_EDGE('',*,*,#2400,.F.);
#2425 = CYLINDRICAL_SURFACE('',#2426,0.5);
#2426 = AXIS2_PLACEMENT_3D('',#2427,#2428,#2429);
#2427 = CARTESIAN_POINT('',(-13.49999999999,21.,0.));
#2428 = DIRECTION('',(-0.,-0.,-1.));
#2429 = DIRECTION('',(1.,0.,0.));
#2430 = ADVANCED_FACE('',(#2431),#2437,.T.);
#2431 = FACE_BOUND('',#2432,.T.);
#2432 = EDGE_LOOP('',(#2433,#2434,#2435,#2436));
#2433 = ORIENTED_EDGE('',*,*,#1732,.F.);
#2434 = ORIENTED_EDGE('',*,*,#1758,.F.);
#2435 = ORIENTED_EDGE('',*,*,#1398,.T.);
#2436 = ORIENTED_EDGE('',*,*,#2418,.F.);
#2437 = PLANE('',#2438);
#2438 = AXIS2_PLACEMENT_3D('',#2439,#2440,#2441);
#2439 = CARTESIAN_POINT('',(13.499999999999,21.5,0.));
#2440 = DIRECTION('',(0.,-1.,0.));
#2441 = DIRECTION('',(-1.,0.,0.));
#2442 = ADVANCED_FACE('',(#2443),#2453,.T.);
#2443 = FACE_BOUND('',#2444,.T.);
#2444 = EDGE_LOOP('',(#2445,#2446,#2452));
#2445 = ORIENTED_EDGE('',*,*,#1805,.T.);
#2446 = ORIENTED_EDGE('',*,*,#2447,.T.);
#2447 = EDGE_CURVE('',#1798,#1415,#2448,.T.);
#2448 = LINE('',#2449,#2450);
#2449 = CARTESIAN_POINT('',(-2.5,21.5,5.));
#2450 = VECTOR('',#2451,1.);
#2451 = DIRECTION('',(0.,-0.70710678122,-0.707106781153));
#2452 = ORIENTED_EDGE('',*,*,#1414,.T.);
#2453 = PLANE('',#2454);
#2454 = AXIS2_PLACEMENT_3D('',#2455,#2456,#2457);
#2455 = CARTESIAN_POINT('',(-2.5,20.29289321887,3.207106781274));
#2456 = DIRECTION('',(1.,0.,0.));
#2457 = DIRECTION('',(0.,0.,1.));
#2458 = ADVANCED_FACE('',(#2459),#2491,.F.);
#2459 = FACE_BOUND('',#2460,.F.);
#2460 = EDGE_LOOP('',(#2461,#2471,#2477,#2478,#2479,#2485));
#2461 = ORIENTED_EDGE('',*,*,#2462,.T.);
#2462 = EDGE_CURVE('',#2463,#2465,#2467,.T.);
#2463 = VERTEX_POINT('',#2464);
#2464 = CARTESIAN_POINT('',(2.5,21.5,5.));
#2465 = VERTEX_POINT('',#2466);
#2466 = CARTESIAN_POINT('',(-2.5,21.5,5.));
#2467 = LINE('',#2468,#2469);
#2468 = CARTESIAN_POINT('',(2.5,21.5,5.));
#2469 = VECTOR('',#2470,1.);
#2470 = DIRECTION('',(-1.,-0.,-0.));
#2471 = ORIENTED_EDGE('',*,*,#2472,.T.);
#2472 = EDGE_CURVE('',#2465,#1798,#2473,.T.);
#2473 = LINE('',#2474,#2475);
#2474 = CARTESIAN_POINT('',(-2.5,21.5,5.));
#2475 = VECTOR('',#2476,1.);
#2476 = DIRECTION('',(0.,-0.70710678122,-0.707106781153));
#2477 = ORIENTED_EDGE('',*,*,#2447,.T.);
#2478 = ORIENTED_EDGE('',*,*,#1422,.F.);
#2479 = ORIENTED_EDGE('',*,*,#2480,.F.);
#2480 = EDGE_CURVE('',#1964,#1423,#2481,.T.);
#2481 = LINE('',#2482,#2483);
#2482 = CARTESIAN_POINT('',(2.5,21.5,5.));
#2483 = VECTOR('',#2484,1.);
#2484 = DIRECTION('',(0.,-0.70710678122,-0.707106781153));
#2485 = ORIENTED_EDGE('',*,*,#2486,.F.);
#2486 = EDGE_CURVE('',#2463,#1964,#2487,.T.);
#2487 = LINE('',#2488,#2489);
#2488 = CARTESIAN_POINT('',(2.5,21.5,5.));
#2489 = VECTOR('',#2490,1.);
#2490 = DIRECTION('',(0.,-0.70710678122,-0.707106781153));
#2491 = PLANE('',#2492);
#2492 = AXIS2_PLACEMENT_3D('',#2493,#2494,#2495);
#2493 = CARTESIAN_POINT('',(2.5,21.5,5.));
#2494 = DIRECTION('',(0.,-0.707106781153,0.70710678122));
#2495 = DIRECTION('',(0.,-0.70710678122,-0.707106781153));
#2496 = ADVANCED_FACE('',(#2497),#2502,.F.);
#2497 = FACE_BOUND('',#2498,.F.);
#2498 = EDGE_LOOP('',(#2499,#2500,#2501));
#2499 = ORIENTED_EDGE('',*,*,#1963,.F.);
#2500 = ORIENTED_EDGE('',*,*,#2480,.T.);
#2501 = ORIENTED_EDGE('',*,*,#1430,.T.);
#2502 = PLANE('',#2503);
#2503 = AXIS2_PLACEMENT_3D('',#2504,#2505,#2506);
#2504 = CARTESIAN_POINT('',(2.5,20.29289321887,3.207106781274));
#2505 = DIRECTION('',(1.,0.,0.));
#2506 = DIRECTION('',(0.,0.,1.));
#2507 = ADVANCED_FACE('',(#2508),#2519,.T.);
#2508 = FACE_BOUND('',#2509,.T.);
#2509 = EDGE_LOOP('',(#2510,#2511,#2517,#2518));
#2510 = ORIENTED_EDGE('',*,*,#2020,.F.);
#2511 = ORIENTED_EDGE('',*,*,#2512,.T.);
#2512 = EDGE_CURVE('',#2021,#1447,#2513,.T.);
#2513 = LINE('',#2514,#2515);
#2514 = CARTESIAN_POINT('',(13.499999999999,21.5,0.));
#2515 = VECTOR('',#2516,1.);
#2516 = DIRECTION('',(0.,0.,1.));
#2517 = ORIENTED_EDGE('',*,*,#1446,.T.);
#2518 = ORIENTED_EDGE('',*,*,#1994,.T.);
#2519 = PLANE('',#2520);
#2520 = AXIS2_PLACEMENT_3D('',#2521,#2522,#2523);
#2521 = CARTESIAN_POINT('',(13.499999999999,21.5,0.));
#2522 = DIRECTION('',(0.,-1.,0.));
#2523 = DIRECTION('',(-1.,0.,0.));
#2524 = ADVANCED_FACE('',(#2525),#2531,.F.);
#2525 = FACE_BOUND('',#2526,.T.);
#2526 = EDGE_LOOP('',(#2527,#2528,#2529,#2530));
#2527 = ORIENTED_EDGE('',*,*,#2046,.F.);
#2528 = ORIENTED_EDGE('',*,*,#1491,.T.);
#2529 = ORIENTED_EDGE('',*,*,#1454,.T.);
#2530 = ORIENTED_EDGE('',*,*,#2512,.F.);
#2531 = CYLINDRICAL_SURFACE('',#2532,0.5);
#2532 = AXIS2_PLACEMENT_3D('',#2533,#2534,#2535);
#2533 = CARTESIAN_POINT('',(13.499999999999,21.,0.));
#2534 = DIRECTION('',(-0.,-0.,-1.));
#2535 = DIRECTION('',(1.,0.,0.));
#2536 = ADVANCED_FACE('',(#2537),#2571,.T.);
#2537 = FACE_BOUND('',#2538,.T.);
#2538 = EDGE_LOOP('',(#2539,#2549,#2555,#2556,#2557,#2565));
#2539 = ORIENTED_EDGE('',*,*,#2540,.F.);
#2540 = EDGE_CURVE('',#2541,#2543,#2545,.T.);
#2541 = VERTEX_POINT('',#2542);
#2542 = CARTESIAN_POINT('',(-2.5,21.5,6.5));
#2543 = VERTEX_POINT('',#2544);
#2544 = CARTESIAN_POINT('',(-2.5,19.,6.5));
#2545 = LINE('',#2546,#2547);
#2546 = CARTESIAN_POINT('',(-2.5,21.5,6.5));
#2547 = VECTOR('',#2548,1.);
#2548 = DIRECTION('',(0.,-1.,0.));
#2549 = ORIENTED_EDGE('',*,*,#2550,.T.);
#2550 = EDGE_CURVE('',#2541,#2465,#2551,.T.);
#2551 = LINE('',#2552,#2553);
#2552 = CARTESIAN_POINT('',(-2.5,21.5,6.5));
#2553 = VECTOR('',#2554,1.);
#2554 = DIRECTION('',(-0.,-0.,-1.));
#2555 = ORIENTED_EDGE('',*,*,#2472,.T.);
#2556 = ORIENTED_EDGE('',*,*,#1797,.T.);
#2557 = ORIENTED_EDGE('',*,*,#2558,.T.);
#2558 = EDGE_CURVE('',#1790,#2559,#2561,.T.);
#2559 = VERTEX_POINT('',#2560);
#2560 = CARTESIAN_POINT('',(-2.5,19.,6.));
#2561 = LINE('',#2562,#2563);
#2562 = CARTESIAN_POINT('',(-2.5,15.5,6.));
#2563 = VECTOR('',#2564,1.);
#2564 = DIRECTION('',(0.,-1.,0.));
#2565 = ORIENTED_EDGE('',*,*,#2566,.F.);
#2566 = EDGE_CURVE('',#2543,#2559,#2567,.T.);
#2567 = LINE('',#2568,#2569);
#2568 = CARTESIAN_POINT('',(-2.5,19.,6.5));
#2569 = VECTOR('',#2570,1.);
#2570 = DIRECTION('',(-0.,-0.,-1.));
#2571 = PLANE('',#2572);
#2572 = AXIS2_PLACEMENT_3D('',#2573,#2574,#2575);
#2573 = CARTESIAN_POINT('',(-2.5,21.5,6.5));
#2574 = DIRECTION('',(-1.,0.,0.));
#2575 = DIRECTION('',(0.,-1.,0.));
#2576 = ADVANCED_FACE('',(#2577),#2604,.T.);
#2577 = FACE_BOUND('',#2578,.T.);
#2578 = EDGE_LOOP('',(#2579,#2580,#2586,#2587,#2588,#2596,#2602,#2603));
#2579 = ORIENTED_EDGE('',*,*,#1861,.F.);
#2580 = ORIENTED_EDGE('',*,*,#2581,.T.);
#2581 = EDGE_CURVE('',#1854,#1910,#2582,.T.);
#2582 = LINE('',#2583,#2584);
#2583 = CARTESIAN_POINT('',(-3.750000000001,17.75,6.));
#2584 = VECTOR('',#2585,1.);
#2585 = DIRECTION('',(1.,0.,0.));
#2586 = ORIENTED_EDGE('',*,*,#1909,.F.);
#2587 = ORIENTED_EDGE('',*,*,#1979,.F.);
#2588 = ORIENTED_EDGE('',*,*,#2589,.F.);
#2589 = EDGE_CURVE('',#2590,#1972,#2592,.T.);
#2590 = VERTEX_POINT('',#2591);
#2591 = CARTESIAN_POINT('',(2.5,19.,6.));
#2592 = LINE('',#2593,#2594);
#2593 = CARTESIAN_POINT('',(2.5,14.25,6.));
#2594 = VECTOR('',#2595,1.);
#2595 = DIRECTION('',(0.,1.,0.));
#2596 = ORIENTED_EDGE('',*,*,#2597,.F.);
#2597 = EDGE_CURVE('',#2559,#2590,#2598,.T.);
#2598 = LINE('',#2599,#2600);
#2599 = CARTESIAN_POINT('',(-1.296147014717,19.,6.));
#2600 = VECTOR('',#2601,1.);
#2601 = DIRECTION('',(1.,0.,0.));
#2602 = ORIENTED_EDGE('',*,*,#2558,.F.);
#2603 = ORIENTED_EDGE('',*,*,#1789,.F.);
#2604 = PLANE('',#2605);
#2605 = AXIS2_PLACEMENT_3D('',#2606,#2607,#2608);
#2606 = CARTESIAN_POINT('',(-9.229402943361E-02,9.5,6.));
#2607 = DIRECTION('',(0.,0.,1.));
#2608 = DIRECTION('',(1.,0.,0.));
#2609 = ADVANCED_FACE('',(#2610),#2621,.F.);
#2610 = FACE_BOUND('',#2611,.F.);
#2611 = EDGE_LOOP('',(#2612,#2618,#2619,#2620));
#2612 = ORIENTED_EDGE('',*,*,#2613,.F.);
#2613 = EDGE_CURVE('',#1846,#1918,#2614,.T.);
#2614 = LINE('',#2615,#2616);
#2615 = CARTESIAN_POINT('',(-1.125,17.75,5.1));
#2616 = VECTOR('',#2617,1.);
#2617 = DIRECTION('',(1.,0.,0.));
#2618 = ORIENTED_EDGE('',*,*,#1853,.T.);
#2619 = ORIENTED_EDGE('',*,*,#2581,.T.);
#2620 = ORIENTED_EDGE('',*,*,#1917,.F.);
#2621 = PLANE('',#2622);
#2622 = AXIS2_PLACEMENT_3D('',#2623,#2624,#2625);
#2623 = CARTESIAN_POINT('',(-3.750000000001,17.75,1.5));
#2624 = DIRECTION('',(0.,1.,0.));
#2625 = DIRECTION('',(1.,0.,0.));
#2626 = ADVANCED_FACE('',(#2627),#2638,.F.);
#2627 = FACE_BOUND('',#2628,.F.);
#2628 = EDGE_LOOP('',(#2629,#2635,#2636,#2637));
#2629 = ORIENTED_EDGE('',*,*,#2630,.T.);
#2630 = EDGE_CURVE('',#1926,#1838,#2631,.T.);
#2631 = LINE('',#2632,#2633);
#2632 = CARTESIAN_POINT('',(10.5,18.6,5.1));
#2633 = VECTOR('',#2634,1.);
#2634 = DIRECTION('',(-1.,0.,0.));
#2635 = ORIENTED_EDGE('',*,*,#1845,.F.);
#2636 = ORIENTED_EDGE('',*,*,#2613,.T.);
#2637 = ORIENTED_EDGE('',*,*,#1925,.F.);
#2638 = PLANE('',#2639);
#2639 = AXIS2_PLACEMENT_3D('',#2640,#2641,#2642);
#2640 = CARTESIAN_POINT('',(1.5,9.5,5.1));
#2641 = DIRECTION('',(0.,0.,1.));
#2642 = DIRECTION('',(1.,0.,0.));
#2643 = ADVANCED_FACE('',(#2644),#2655,.T.);
#2644 = FACE_BOUND('',#2645,.T.);
#2645 = EDGE_LOOP('',(#2646,#2652,#2653,#2654));
#2646 = ORIENTED_EDGE('',*,*,#2647,.F.);
#2647 = EDGE_CURVE('',#1934,#1830,#2648,.T.);
#2648 = LINE('',#2649,#2650);
#2649 = CARTESIAN_POINT('',(10.5,18.6,4.1));
#2650 = VECTOR('',#2651,1.);
#2651 = DIRECTION('',(-1.,0.,0.));
#2652 = ORIENTED_EDGE('',*,*,#1933,.F.);
#2653 = ORIENTED_EDGE('',*,*,#2630,.T.);
#2654 = ORIENTED_EDGE('',*,*,#1837,.F.);
#2655 = PLANE('',#2656);
#2656 = AXIS2_PLACEMENT_3D('',#2657,#2658,#2659);
#2657 = CARTESIAN_POINT('',(10.5,18.6,4.1));
#2658 = DIRECTION('',(0.,-1.,0.));
#2659 = DIRECTION('',(-1.,0.,0.));
#2660 = ADVANCED_FACE('',(#2661),#2667,.T.);
#2661 = FACE_BOUND('',#2662,.T.);
#2662 = EDGE_LOOP('',(#2663,#2664,#2665,#2666));
#2663 = ORIENTED_EDGE('',*,*,#2647,.T.);
#2664 = ORIENTED_EDGE('',*,*,#1829,.F.);
#2665 = ORIENTED_EDGE('',*,*,#1878,.T.);
#2666 = ORIENTED_EDGE('',*,*,#1941,.F.);
#2667 = PLANE('',#2668);
#2668 = AXIS2_PLACEMENT_3D('',#2669,#2670,#2671);
#2669 = CARTESIAN_POINT('',(1.5,9.5,4.1));
#2670 = DIRECTION('',(0.,0.,1.));
#2671 = DIRECTION('',(1.,0.,0.));
#2672 = ADVANCED_FACE('',(#2673),#2700,.T.);
#2673 = FACE_BOUND('',#2674,.T.);
#2674 = EDGE_LOOP('',(#2675,#2685,#2691,#2692,#2693,#2694));
#2675 = ORIENTED_EDGE('',*,*,#2676,.F.);
#2676 = EDGE_CURVE('',#2677,#2679,#2681,.T.);
#2677 = VERTEX_POINT('',#2678);
#2678 = CARTESIAN_POINT('',(2.5,19.,6.5));
#2679 = VERTEX_POINT('',#2680);
#2680 = CARTESIAN_POINT('',(2.5,21.5,6.5));
#2681 = LINE('',#2682,#2683);
#2682 = CARTESIAN_POINT('',(2.5,19.,6.5));
#2683 = VECTOR('',#2684,1.);
#2684 = DIRECTION('',(0.,1.,0.));
#2685 = ORIENTED_EDGE('',*,*,#2686,.T.);
#2686 = EDGE_CURVE('',#2677,#2590,#2687,.T.);
#2687 = LINE('',#2688,#2689);
#2688 = CARTESIAN_POINT('',(2.5,19.,6.5));
#2689 = VECTOR('',#2690,1.);
#2690 = DIRECTION('',(-0.,-0.,-1.));
#2691 = ORIENTED_EDGE('',*,*,#2589,.T.);
#2692 = ORIENTED_EDGE('',*,*,#1971,.T.);
#2693 = ORIENTED_EDGE('',*,*,#2486,.F.);
#2694 = ORIENTED_EDGE('',*,*,#2695,.F.);
#2695 = EDGE_CURVE('',#2679,#2463,#2696,.T.);
#2696 = LINE('',#2697,#2698);
#2697 = CARTESIAN_POINT('',(2.5,21.5,6.5));
#2698 = VECTOR('',#2699,1.);
#2699 = DIRECTION('',(-0.,-0.,-1.));
#2700 = PLANE('',#2701);
#2701 = AXIS2_PLACEMENT_3D('',#2702,#2703,#2704);
#2702 = CARTESIAN_POINT('',(2.5,19.,6.5));
#2703 = DIRECTION('',(1.,0.,0.));
#2704 = DIRECTION('',(0.,1.,0.));
#2705 = ADVANCED_FACE('',(#2706),#2712,.T.);
#2706 = FACE_BOUND('',#2707,.T.);
#2707 = EDGE_LOOP('',(#2708,#2709,#2710,#2711));
#2708 = ORIENTED_EDGE('',*,*,#2101,.T.);
#2709 = ORIENTED_EDGE('',*,*,#2149,.T.);
#2710 = ORIENTED_EDGE('',*,*,#2173,.T.);
#2711 = ORIENTED_EDGE('',*,*,#2132,.T.);
#2712 = PLANE('',#2713);
#2713 = AXIS2_PLACEMENT_3D('',#2714,#2715,#2716);
#2714 = CARTESIAN_POINT('',(-9.229402943361E-02,9.5,6.));
#2715 = DIRECTION('',(0.,0.,1.));
#2716 = DIRECTION('',(1.,0.,0.));
#2717 = ADVANCED_FACE('',(#2718),#2729,.T.);
#2718 = FACE_BOUND('',#2719,.T.);
#2719 = EDGE_LOOP('',(#2720,#2721,#2722,#2723));
#2720 = ORIENTED_EDGE('',*,*,#2230,.T.);
#2721 = ORIENTED_EDGE('',*,*,#2277,.T.);
#2722 = ORIENTED_EDGE('',*,*,#2302,.T.);
#2723 = ORIENTED_EDGE('',*,*,#2724,.F.);
#2724 = EDGE_CURVE('',#2223,#2303,#2725,.T.);
#2725 = LINE('',#2726,#2727);
#2726 = CARTESIAN_POINT('',(-3.750000000001,1.25,6.));
#2727 = VECTOR('',#2728,1.);
#2728 = DIRECTION('',(1.,0.,0.));
#2729 = PLANE('',#2730);
#2730 = AXIS2_PLACEMENT_3D('',#2731,#2732,#2733);
#2731 = CARTESIAN_POINT('',(-9.229402943361E-02,9.5,6.));
#2732 = DIRECTION('',(0.,0.,1.));
#2733 = DIRECTION('',(1.,0.,0.));
#2734 = ADVANCED_FACE('',(#2735),#2746,.T.);
#2735 = FACE_BOUND('',#2736,.T.);
#2736 = EDGE_LOOP('',(#2737,#2743,#2744,#2745));
#2737 = ORIENTED_EDGE('',*,*,#2738,.F.);
#2738 = EDGE_CURVE('',#2215,#2311,#2739,.T.);
#2739 = LINE('',#2740,#2741);
#2740 = CARTESIAN_POINT('',(-1.125,1.25,5.1));
#2741 = VECTOR('',#2742,1.);
#2742 = DIRECTION('',(1.,0.,0.));
#2743 = ORIENTED_EDGE('',*,*,#2222,.T.);
#2744 = ORIENTED_EDGE('',*,*,#2724,.T.);
#2745 = ORIENTED_EDGE('',*,*,#2310,.F.);
#2746 = PLANE('',#2747);
#2747 = AXIS2_PLACEMENT_3D('',#2748,#2749,#2750);
#2748 = CARTESIAN_POINT('',(-3.750000000001,1.25,1.5));
#2749 = DIRECTION('',(0.,1.,0.));
#2750 = DIRECTION('',(1.,0.,0.));
#2751 = ADVANCED_FACE('',(#2752),#2763,.F.);
#2752 = FACE_BOUND('',#2753,.F.);
#2753 = EDGE_LOOP('',(#2754,#2755,#2761,#2762));
#2754 = ORIENTED_EDGE('',*,*,#2214,.T.);
#2755 = ORIENTED_EDGE('',*,*,#2756,.T.);
#2756 = EDGE_CURVE('',#2207,#2319,#2757,.T.);
#2757 = LINE('',#2758,#2759);
#2758 = CARTESIAN_POINT('',(-7.5,0.4,5.1));
#2759 = VECTOR('',#2760,1.);
#2760 = DIRECTION('',(1.,0.,0.));
#2761 = ORIENTED_EDGE('',*,*,#2318,.T.);
#2762 = ORIENTED_EDGE('',*,*,#2738,.F.);
#2763 = PLANE('',#2764);
#2764 = AXIS2_PLACEMENT_3D('',#2765,#2766,#2767);
#2765 = CARTESIAN_POINT('',(1.5,9.5,5.1));
#2766 = DIRECTION('',(0.,0.,1.));
#2767 = DIRECTION('',(1.,0.,0.));
#2768 = ADVANCED_FACE('',(#2769),#2780,.T.);
#2769 = FACE_BOUND('',#2770,.T.);
#2770 = EDGE_LOOP('',(#2771,#2777,#2778,#2779));
#2771 = ORIENTED_EDGE('',*,*,#2772,.F.);
#2772 = EDGE_CURVE('',#2199,#2327,#2773,.T.);
#2773 = LINE('',#2774,#2775);
#2774 = CARTESIAN_POINT('',(-7.5,0.4,4.1));
#2775 = VECTOR('',#2776,1.);
#2776 = DIRECTION('',(1.,0.,0.));
#2777 = ORIENTED_EDGE('',*,*,#2206,.T.);
#2778 = ORIENTED_EDGE('',*,*,#2756,.T.);
#2779 = ORIENTED_EDGE('',*,*,#2326,.T.);
#2780 = PLANE('',#2781);
#2781 = AXIS2_PLACEMENT_3D('',#2782,#2783,#2784);
#2782 = CARTESIAN_POINT('',(-7.5,0.4,4.1));
#2783 = DIRECTION('',(0.,1.,0.));
#2784 = DIRECTION('',(1.,0.,0.));
#2785 = ADVANCED_FACE('',(#2786),#2792,.T.);
#2786 = FACE_BOUND('',#2787,.T.);
#2787 = EDGE_LOOP('',(#2788,#2789,#2790,#2791));
#2788 = ORIENTED_EDGE('',*,*,#2198,.T.);
#2789 = ORIENTED_EDGE('',*,*,#2772,.T.);
#2790 = ORIENTED_EDGE('',*,*,#2334,.T.);
#2791 = ORIENTED_EDGE('',*,*,#2254,.F.);
#2792 = PLANE('',#2793);
#2793 = AXIS2_PLACEMENT_3D('',#2794,#2795,#2796);
#2794 = CARTESIAN_POINT('',(1.5,9.5,4.1));
#2795 = DIRECTION('',(0.,0.,1.));
#2796 = DIRECTION('',(1.,0.,0.));
#2797 = ADVANCED_FACE('',(#2798),#2809,.T.);
#2798 = FACE_BOUND('',#2799,.T.);
#2799 = EDGE_LOOP('',(#2800,#2806,#2807,#2808));
#2800 = ORIENTED_EDGE('',*,*,#2801,.F.);
#2801 = EDGE_CURVE('',#2679,#2541,#2802,.T.);
#2802 = LINE('',#2803,#2804);
#2803 = CARTESIAN_POINT('',(2.5,21.5,6.5));
#2804 = VECTOR('',#2805,1.);
#2805 = DIRECTION('',(-1.,0.,0.));
#2806 = ORIENTED_EDGE('',*,*,#2695,.T.);
#2807 = ORIENTED_EDGE('',*,*,#2462,.T.);
#2808 = ORIENTED_EDGE('',*,*,#2550,.F.);
#2809 = PLANE('',#2810);
#2810 = AXIS2_PLACEMENT_3D('',#2811,#2812,#2813);
#2811 = CARTESIAN_POINT('',(2.5,21.5,6.5));
#2812 = DIRECTION('',(0.,1.,0.));
#2813 = DIRECTION('',(-1.,0.,0.));
#2814 = ADVANCED_FACE('',(#2815),#2826,.T.);
#2815 = FACE_BOUND('',#2816,.T.);
#2816 = EDGE_LOOP('',(#2817,#2818,#2824,#2825));
#2817 = ORIENTED_EDGE('',*,*,#2540,.T.);
#2818 = ORIENTED_EDGE('',*,*,#2819,.T.);
#2819 = EDGE_CURVE('',#2543,#2677,#2820,.T.);
#2820 = LINE('',#2821,#2822);
#2821 = CARTESIAN_POINT('',(-2.5,19.,6.5));
#2822 = VECTOR('',#2823,1.);
#2823 = DIRECTION('',(1.,0.,0.));
#2824 = ORIENTED_EDGE('',*,*,#2676,.T.);
#2825 = ORIENTED_EDGE('',*,*,#2801,.T.);
#2826 = PLANE('',#2827);
#2827 = AXIS2_PLACEMENT_3D('',#2828,#2829,#2830);
#2828 = CARTESIAN_POINT('',(0.,20.25,6.5));
#2829 = DIRECTION('',(0.,0.,1.));
#2830 = DIRECTION('',(1.,0.,0.));
#2831 = ADVANCED_FACE('',(#2832),#2838,.T.);
#2832 = FACE_BOUND('',#2833,.T.);
#2833 = EDGE_LOOP('',(#2834,#2835,#2836,#2837));
#2834 = ORIENTED_EDGE('',*,*,#2819,.F.);
#2835 = ORIENTED_EDGE('',*,*,#2566,.T.);
#2836 = ORIENTED_EDGE('',*,*,#2597,.T.);
#2837 = ORIENTED_EDGE('',*,*,#2686,.F.);
#2838 = PLANE('',#2839);
#2839 = AXIS2_PLACEMENT_3D('',#2840,#2841,#2842);
#2840 = CARTESIAN_POINT('',(-2.5,19.,6.5));
#2841 = DIRECTION('',(0.,-1.,0.));
#2842 = DIRECTION('',(1.,0.,0.));
#2843 = ( GEOMETRIC_REPRESENTATION_CONTEXT(3) 
GLOBAL_UNCERTAINTY_ASSIGNED_CONTEXT((#2847)) 
GLOBAL_UNIT_ASSIGNED_CONTEXT((#2844,#2845,#2846)) REPRESENTATION_CONTEXT
('Context #1','3D Context with UNIT and UNCERTAINTY') );
#2844 = ( LENGTH_UNIT() NAMED_UNIT(*) SI_UNIT(.MILLI.,.METRE.) );
#2845 = ( NAMED_UNIT(*) PLANE_ANGLE_UNIT() SI_UNIT($,.RADIAN.) );
#2846 = ( NAMED_UNIT(*) SI_UNIT($,.STERADIAN.) SOLID_ANGLE_UNIT() );
#2847 = UNCERTAINTY_MEASURE_WITH_UNIT(LENGTH_MEASURE(5.E-06),#2844,
  'distance_accuracy_value','confusion accuracy');
#2848 = PRODUCT_RELATED_PRODUCT_CATEGORY('part',$,(#7));
#2849 = MECHANICAL_DESIGN_GEOMETRIC_PRESENTATION_REPRESENTATION('',(
    #2850),#2843);
#2850 = STYLED_ITEM('color',(#2851),#15);
#2851 = PRESENTATION_STYLE_ASSIGNMENT((#2852,#2858));
#2852 = SURFACE_STYLE_USAGE(.BOTH.,#2853);
#2853 = SURFACE_SIDE_STYLE('',(#2854));
#2854 = SURFACE_STYLE_FILL_AREA(#2855);
#2855 = FILL_AREA_STYLE('',(#2856));
#2856 = FILL_AREA_STYLE_COLOUR('',#2857);
#2857 = COLOUR_RGB('',0.678431390124,0.709803936702,0.741176476869);
#2858 = CURVE_STYLE('',#2859,POSITIVE_LENGTH_MEASURE(0.1),#2860);
#2859 = DRAUGHTING_PRE_DEFINED_CURVE_FONT('continuous');
#2860 = COLOUR_RGB('',9.803921802644E-02,9.803921802644E-02,
  9.803921802644E-02);
ENDSEC;
END-ISO-10303-21;
