ISO-10303-21;
HEADER;
FILE_DESCRIPTION(('FreeCAD Model'),'2;1');
FILE_NAME('Open CASCADE Shape Model','2026-07-03T11:08:52',(''),(''),
  'Open CASCADE STEP processor 7.8','FreeCAD','Unknown');
FILE_SCHEMA(('AUTOMOTIVE_DESIGN { 1 0 10303 214 1 1 1 1 }'));
ENDSEC;
DATA;
#1 = APPLICATION_PROTOCOL_DEFINITION('international standard',
  'automotive_design',2000,#2);
#2 = APPLICATION_CONTEXT(
  'core data for automotive mechanical design processes');
#3 = SHAPE_DEFINITION_REPRESENTATION(#4,#10);
#4 = PRODUCT_DEFINITION_SHAPE('','',#5);
#5 = PRODUCT_DEFINITION('design','',#6,#9);
#6 = PRODUCT_DEFINITION_FORMATION('','',#7);
#7 = PRODUCT('Pad005','Pad005','',(#8));
#8 = PRODUCT_CONTEXT('',#2,'mechanical');
#9 = PRODUCT_DEFINITION_CONTEXT('part definition',#2,'design');
#10 = ADVANCED_BREP_SHAPE_REPRESENTATION('',(#11,#15),#3399);
#11 = AXIS2_PLACEMENT_3D('',#12,#13,#14);
#12 = CARTESIAN_POINT('',(0.,0.,0.));
#13 = DIRECTION('',(0.,0.,1.));
#14 = DIRECTION('',(1.,0.,-0.));
#15 = MANIFOLD_SOLID_BREP('',#16);
#16 = CLOSED_SHELL('',(#17,#188,#214,#274,#477,#504,#561,#585,#643,#872,
    #899,#925,#958,#984,#1009,#1034,#1059,#1141,#1158,#1183,#1264,#1284,
    #1411,#1456,#1473,#1515,#1632,#1664,#1682,#1702,#1719,#1750,#1770,
    #1790,#1810,#1841,#1866,#1890,#2016,#2028,#2052,#2070,#2094,#2118,
    #2149,#2180,#2197,#2314,#2338,#2379,#2396,#2438,#2454,#2465,#2515,
    #2548,#2587,#2603,#2614,#2625,#2649,#2661,#2778,#2802,#2826,#2850,
    #2873,#2908,#2931,#2980,#3010,#3022,#3047,#3072,#3089,#3105,#3115,
    #3131,#3142,#3153,#3164,#3180,#3191,#3207,#3217,#3226,#3235,#3244,
    #3256,#3295,#3320,#3352,#3369,#3387));
#17 = ADVANCED_FACE('',(#18,#29,#145,#163,#172),#183,.T.);
#18 = FACE_BOUND('',#19,.T.);
#19 = EDGE_LOOP('',(#20));
#20 = ORIENTED_EDGE('',*,*,#21,.F.);
#21 = EDGE_CURVE('',#22,#22,#24,.T.);
#22 = VERTEX_POINT('',#23);
#23 = CARTESIAN_POINT('',(4.,-15.,0.));
#24 = CIRCLE('',#25,4.);
#25 = AXIS2_PLACEMENT_3D('',#26,#27,#28);
#26 = CARTESIAN_POINT('',(0.,-15.,0.));
#27 = DIRECTION('',(0.,0.,1.));
#28 = DIRECTION('',(1.,0.,0.));
#29 = FACE_BOUND('',#30,.T.);
#30 = EDGE_LOOP('',(#31,#41,#49,#57,#65,#73,#82,#90,#98,#106,#114,#122,
    #131,#139));
#31 = ORIENTED_EDGE('',*,*,#32,.T.);
#32 = EDGE_CURVE('',#33,#35,#37,.T.);
#33 = VERTEX_POINT('',#34);
#34 = CARTESIAN_POINT('',(-13.,-8.,-1.110223024625E-16));
#35 = VERTEX_POINT('',#36);
#36 = CARTESIAN_POINT('',(-13.,-19.,-2.22044604925E-16));
#37 = LINE('',#38,#39);
#38 = CARTESIAN_POINT('',(-13.,20.,-2.22044604925E-16));
#39 = VECTOR('',#40,1.);
#40 = DIRECTION('',(0.,-1.,0.));
#41 = ORIENTED_EDGE('',*,*,#42,.T.);
#42 = EDGE_CURVE('',#35,#43,#45,.T.);
#43 = VERTEX_POINT('',#44);
#44 = CARTESIAN_POINT('',(13.,-19.,-2.22044604925E-16));
#45 = LINE('',#46,#47);
#46 = CARTESIAN_POINT('',(-14.,-19.,-2.22044604925E-16));
#47 = VECTOR('',#48,1.);
#48 = DIRECTION('',(1.,0.,0.));
#49 = ORIENTED_EDGE('',*,*,#50,.T.);
#50 = EDGE_CURVE('',#43,#51,#53,.T.);
#51 = VERTEX_POINT('',#52);
#52 = CARTESIAN_POINT('',(13.,-8.,0.));
#53 = LINE('',#54,#55);
#54 = CARTESIAN_POINT('',(13.,-20.,-2.22044604925E-16));
#55 = VECTOR('',#56,1.);
#56 = DIRECTION('',(0.,1.,0.));
#57 = ORIENTED_EDGE('',*,*,#58,.T.);
#58 = EDGE_CURVE('',#51,#59,#61,.T.);
#59 = VERTEX_POINT('',#60);
#60 = CARTESIAN_POINT('',(13.,15.499970716615,2.729305311007E-11));
#61 = LINE('',#62,#63);
#62 = CARTESIAN_POINT('',(13.,-20.,-2.22044604925E-16));
#63 = VECTOR('',#64,1.);
#64 = DIRECTION('',(0.,1.,0.));
#65 = ORIENTED_EDGE('',*,*,#66,.T.);
#66 = EDGE_CURVE('',#59,#67,#69,.T.);
#67 = VERTEX_POINT('',#68);
#68 = CARTESIAN_POINT('',(12.499978037126,15.499970716615,
    2.729313637557E-11));
#69 = LINE('',#70,#71);
#70 = CARTESIAN_POINT('',(14.,15.499970716615,5.458643928704E-11));
#71 = VECTOR('',#72,1.);
#72 = DIRECTION('',(-1.,1.110223024625E-16,-1.110223024625E-16));
#73 = ORIENTED_EDGE('',*,*,#74,.F.);
#74 = EDGE_CURVE('',#75,#67,#77,.T.);
#75 = VERTEX_POINT('',#76);
#76 = CARTESIAN_POINT('',(8.500021962874,15.499970716615,
    2.729291433341E-11));
#77 = CIRCLE('',#78,2.5);
#78 = AXIS2_PLACEMENT_3D('',#79,#80,#81);
#79 = CARTESIAN_POINT('',(10.5,17.,0.));
#80 = DIRECTION('',(0.,0.,1.));
#81 = DIRECTION('',(1.,0.,0.));
#82 = ORIENTED_EDGE('',*,*,#83,.T.);
#83 = EDGE_CURVE('',#75,#84,#86,.T.);
#84 = VERTEX_POINT('',#85);
#85 = CARTESIAN_POINT('',(7.5,15.499970716615,5.458571764207E-11));
#86 = LINE('',#87,#88);
#87 = CARTESIAN_POINT('',(14.,15.499970716615,5.458643928704E-11));
#88 = VECTOR('',#89,1.);
#89 = DIRECTION('',(-1.,1.110223024625E-16,-1.110223024625E-16));
#90 = ORIENTED_EDGE('',*,*,#91,.T.);
#91 = EDGE_CURVE('',#84,#92,#94,.T.);
#92 = VERTEX_POINT('',#93);
#93 = CARTESIAN_POINT('',(7.5,6.,0.));
#94 = LINE('',#95,#96);
#95 = CARTESIAN_POINT('',(7.5,3.,0.));
#96 = VECTOR('',#97,1.);
#97 = DIRECTION('',(0.,-1.,0.));
#98 = ORIENTED_EDGE('',*,*,#99,.T.);
#99 = EDGE_CURVE('',#92,#100,#102,.T.);
#100 = VERTEX_POINT('',#101);
#101 = CARTESIAN_POINT('',(1.8E-15,6.,0.));
#102 = LINE('',#103,#104);
#103 = CARTESIAN_POINT('',(9.E-16,6.,0.));
#104 = VECTOR('',#105,1.);
#105 = DIRECTION('',(-1.,0.,0.));
#106 = ORIENTED_EDGE('',*,*,#107,.T.);
#107 = EDGE_CURVE('',#100,#108,#110,.T.);
#108 = VERTEX_POINT('',#109);
#109 = CARTESIAN_POINT('',(1.7763568394E-15,15.499970716615,
    5.458488497481E-11));
#110 = LINE('',#111,#112);
#111 = CARTESIAN_POINT('',(1.8E-15,11.63,0.));
#112 = VECTOR('',#113,1.);
#113 = DIRECTION('',(0.,1.,0.));
#114 = ORIENTED_EDGE('',*,*,#115,.T.);
#115 = EDGE_CURVE('',#108,#116,#118,.T.);
#116 = VERTEX_POINT('',#117);
#117 = CARTESIAN_POINT('',(-8.500021962874,15.499970716615,
    2.72919706414E-11));
#118 = LINE('',#119,#120);
#119 = CARTESIAN_POINT('',(14.,15.499970716615,5.458643928704E-11));
#120 = VECTOR('',#121,1.);
#121 = DIRECTION('',(-1.,1.110223024625E-16,-1.110223024625E-16));
#122 = ORIENTED_EDGE('',*,*,#123,.F.);
#123 = EDGE_CURVE('',#124,#116,#126,.T.);
#124 = VERTEX_POINT('',#125);
#125 = CARTESIAN_POINT('',(-12.49997803712,15.499970716615,
    2.729174859923E-11));
#126 = CIRCLE('',#127,2.5);
#127 = AXIS2_PLACEMENT_3D('',#128,#129,#130);
#128 = CARTESIAN_POINT('',(-10.5,17.,0.));
#129 = DIRECTION('',(0.,0.,1.));
#130 = DIRECTION('',(1.,0.,0.));
#131 = ORIENTED_EDGE('',*,*,#132,.T.);
#132 = EDGE_CURVE('',#124,#133,#135,.T.);
#133 = VERTEX_POINT('',#134);
#134 = CARTESIAN_POINT('',(-13.,15.499970716615,2.729160982013E-11));
#135 = LINE('',#136,#137);
#136 = CARTESIAN_POINT('',(14.,15.499970716615,5.458643928704E-11));
#137 = VECTOR('',#138,1.);
#138 = DIRECTION('',(-1.,1.110223024625E-16,-1.110223024625E-16));
#139 = ORIENTED_EDGE('',*,*,#140,.T.);
#140 = EDGE_CURVE('',#133,#33,#141,.T.);
#141 = LINE('',#142,#143);
#142 = CARTESIAN_POINT('',(-13.,20.,-2.22044604925E-16));
#143 = VECTOR('',#144,1.);
#144 = DIRECTION('',(0.,-1.,0.));
#145 = FACE_BOUND('',#146,.T.);
#146 = EDGE_LOOP('',(#147,#156));
#147 = ORIENTED_EDGE('',*,*,#148,.F.);
#148 = EDGE_CURVE('',#33,#149,#151,.T.);
#149 = VERTEX_POINT('',#150);
#150 = CARTESIAN_POINT('',(-8.,-8.,0.));
#151 = CIRCLE('',#152,2.5);
#152 = AXIS2_PLACEMENT_3D('',#153,#154,#155);
#153 = CARTESIAN_POINT('',(-10.5,-8.,0.));
#154 = DIRECTION('',(0.,0.,1.));
#155 = DIRECTION('',(1.,0.,0.));
#156 = ORIENTED_EDGE('',*,*,#157,.F.);
#157 = EDGE_CURVE('',#149,#33,#158,.T.);
#158 = CIRCLE('',#159,2.5);
#159 = AXIS2_PLACEMENT_3D('',#160,#161,#162);
#160 = CARTESIAN_POINT('',(-10.5,-8.,0.));
#161 = DIRECTION('',(0.,0.,1.));
#162 = DIRECTION('',(1.,0.,0.));
#163 = FACE_BOUND('',#164,.T.);
#164 = EDGE_LOOP('',(#165));
#165 = ORIENTED_EDGE('',*,*,#166,.F.);
#166 = EDGE_CURVE('',#51,#51,#167,.T.);
#167 = CIRCLE('',#168,2.5);
#168 = AXIS2_PLACEMENT_3D('',#169,#170,#171);
#169 = CARTESIAN_POINT('',(10.5,-8.,0.));
#170 = DIRECTION('',(0.,0.,1.));
#171 = DIRECTION('',(1.,0.,0.));
#172 = FACE_BOUND('',#173,.T.);
#173 = EDGE_LOOP('',(#174));
#174 = ORIENTED_EDGE('',*,*,#175,.T.);
#175 = EDGE_CURVE('',#176,#176,#178,.T.);
#176 = VERTEX_POINT('',#177);
#177 = CARTESIAN_POINT('',(-0.75,10.,0.));
#178 = CIRCLE('',#179,3.25);
#179 = AXIS2_PLACEMENT_3D('',#180,#181,#182);
#180 = CARTESIAN_POINT('',(-4.,10.,0.));
#181 = DIRECTION('',(0.,0.,-1.));
#182 = DIRECTION('',(1.,0.,0.));
#183 = PLANE('',#184);
#184 = AXIS2_PLACEMENT_3D('',#185,#186,#187);
#185 = CARTESIAN_POINT('',(0.,0.,0.));
#186 = DIRECTION('',(0.,0.,1.));
#187 = DIRECTION('',(1.,0.,0.));
#188 = ADVANCED_FACE('',(#189),#209,.F.);
#189 = FACE_BOUND('',#190,.T.);
#190 = EDGE_LOOP('',(#191,#200,#201,#202));
#191 = ORIENTED_EDGE('',*,*,#192,.F.);
#192 = EDGE_CURVE('',#22,#193,#195,.T.);
#193 = VERTEX_POINT('',#194);
#194 = CARTESIAN_POINT('',(3.,-15.,1.));
#195 = CIRCLE('',#196,1.);
#196 = AXIS2_PLACEMENT_3D('',#197,#198,#199);
#197 = CARTESIAN_POINT('',(4.,-15.,1.));
#198 = DIRECTION('',(-0.,1.,0.));
#199 = DIRECTION('',(1.,0.,0.));
#200 = ORIENTED_EDGE('',*,*,#21,.F.);
#201 = ORIENTED_EDGE('',*,*,#192,.T.);
#202 = ORIENTED_EDGE('',*,*,#203,.T.);
#203 = EDGE_CURVE('',#193,#193,#204,.T.);
#204 = CIRCLE('',#205,3.);
#205 = AXIS2_PLACEMENT_3D('',#206,#207,#208);
#206 = CARTESIAN_POINT('',(0.,-15.,1.));
#207 = DIRECTION('',(0.,0.,1.));
#208 = DIRECTION('',(1.,0.,0.));
#209 = TOROIDAL_SURFACE('',#210,4.,1.);
#210 = AXIS2_PLACEMENT_3D('',#211,#212,#213);
#211 = CARTESIAN_POINT('',(0.,-15.,1.));
#212 = DIRECTION('',(-0.,-0.,-1.));
#213 = DIRECTION('',(1.,0.,0.));
#214 = ADVANCED_FACE('',(#215),#269,.F.);
#215 = FACE_BOUND('',#216,.F.);
#216 = EDGE_LOOP('',(#217,#227,#260,#261,#262));
#217 = ORIENTED_EDGE('',*,*,#218,.F.);
#218 = EDGE_CURVE('',#219,#221,#223,.T.);
#219 = VERTEX_POINT('',#220);
#220 = CARTESIAN_POINT('',(-14.,17.499992408045,1.));
#221 = VERTEX_POINT('',#222);
#222 = CARTESIAN_POINT('',(-14.,-19.,1.));
#223 = LINE('',#224,#225);
#224 = CARTESIAN_POINT('',(-14.,20.,1.));
#225 = VECTOR('',#226,1.);
#226 = DIRECTION('',(0.,-1.,0.));
#227 = ORIENTED_EDGE('',*,*,#228,.T.);
#228 = EDGE_CURVE('',#219,#133,#229,.T.);
#229 = B_SPLINE_CURVE_WITH_KNOTS('',8,(#230,#231,#232,#233,#234,#235,
    #236,#237,#238,#239,#240,#241,#242,#243,#244,#245,#246,#247,#248,
    #249,#250,#251,#252,#253,#254,#255,#256,#257,#258,#259),
  .UNSPECIFIED.,.F.,.F.,(9,7,7,7,9),(0.,0.439364339814,0.811435149235,
    0.912347867164,1.),.UNSPECIFIED.);
#230 = CARTESIAN_POINT('',(-14.,17.499992408045,1.));
#231 = CARTESIAN_POINT('',(-14.,17.378866800801,0.909156254356));
#232 = CARTESIAN_POINT('',(-13.99056883046,17.255397600882,0.82179462578
    ));
#233 = CARTESIAN_POINT('',(-13.97296954623,17.130325321641,
    0.738444339623));
#234 = CARTESIAN_POINT('',(-13.94821560774,17.004248184947,
    0.659371964809));
#235 = CARTESIAN_POINT('',(-13.91708781034,16.877643302948,
    0.584678281198));
#236 = CARTESIAN_POINT('',(-13.88015611002,16.750916540486,
    0.514385127145));
#237 = CARTESIAN_POINT('',(-13.83779173996,16.624513761804,
    0.448505845499));
#238 = CARTESIAN_POINT('',(-13.7498143789,16.392943072108,0.335086115056
    ));
#239 = CARTESIAN_POINT('',(-13.7067663698,16.290314068167,0.28766657834)
  );
#240 = CARTESIAN_POINT('',(-13.66058133377,16.189286330927,
    0.243437707296));
#241 = CARTESIAN_POINT('',(-13.61040014792,16.088475781512,
    0.201640541619));
#242 = CARTESIAN_POINT('',(-13.5553337738,15.987693208322,0.16220112727)
  );
#243 = CARTESIAN_POINT('',(-13.4948231197,15.888543037275,0.125785336205
    ));
#244 = CARTESIAN_POINT('',(-13.42875326109,15.794817226652,
    9.333138872829E-02));
#245 = CARTESIAN_POINT('',(-13.33772421904,15.689546165605,
    5.852525943171E-02));
#246 = CARTESIAN_POINT('',(-13.31774948143,15.667720205386,
    5.141643896471E-02));
#247 = CARTESIAN_POINT('',(-13.29716313822,15.64660348122,
    4.463912849895E-02));
#248 = CARTESIAN_POINT('',(-13.27591543912,15.626313866025,
    3.821922290381E-02));
#249 = CARTESIAN_POINT('',(-13.2539635018,15.607010270415,
    3.219326039808E-02));
#250 = CARTESIAN_POINT('',(-13.23126969242,15.588891048429,
    2.660749000976E-02));
#251 = CARTESIAN_POINT('',(-13.20780000594,15.572192403273,
    2.151693903606E-02));
#252 = CARTESIAN_POINT('',(-13.16243511599,15.544153017244,
    1.304761639377E-02));
#253 = CARTESIAN_POINT('',(-13.14058673002,15.532302805646,
    9.503860492315E-03));
#254 = CARTESIAN_POINT('',(-13.11811208934,15.521952523342,
    6.436816207592E-03));
#255 = CARTESIAN_POINT('',(-13.09512814523,15.513363607748,
    3.911152536416E-03));
#256 = CARTESIAN_POINT('',(-13.07173751418,15.506743333323,
    1.975229430608E-03));
#257 = CARTESIAN_POINT('',(-13.04803199244,15.502245576303,
    6.637231639411E-04));
#258 = CARTESIAN_POINT('',(-13.02409607055,15.499971579416,
    2.516990901467E-07));
#259 = CARTESIAN_POINT('',(-13.00001044791,15.499970716615,
    5.457934104669E-11));
#260 = ORIENTED_EDGE('',*,*,#140,.T.);
#261 = ORIENTED_EDGE('',*,*,#32,.T.);
#262 = ORIENTED_EDGE('',*,*,#263,.T.);
#263 = EDGE_CURVE('',#35,#221,#264,.T.);
#264 = CIRCLE('',#265,1.);
#265 = AXIS2_PLACEMENT_3D('',#266,#267,#268);
#266 = CARTESIAN_POINT('',(-13.,-19.,1.));
#267 = DIRECTION('',(0.,1.,0.));
#268 = DIRECTION('',(0.,0.,-1.));
#269 = CYLINDRICAL_SURFACE('',#270,1.);
#270 = AXIS2_PLACEMENT_3D('',#271,#272,#273);
#271 = CARTESIAN_POINT('',(-13.,20.,1.));
#272 = DIRECTION('',(0.,-1.,0.));
#273 = DIRECTION('',(-1.,0.,0.));
#274 = ADVANCED_FACE('',(#275),#472,.F.);
#275 = FACE_BOUND('',#276,.T.);
#276 = EDGE_LOOP('',(#277,#286,#294,#336,#343,#344,#345,#450,#471));
#277 = ORIENTED_EDGE('',*,*,#278,.T.);
#278 = EDGE_CURVE('',#108,#279,#281,.T.);
#279 = VERTEX_POINT('',#280);
#280 = CARTESIAN_POINT('',(1.7763568394E-15,19.999999999999,
    5.999999999997));
#281 = CIRCLE('',#282,6.249988612114);
#282 = AXIS2_PLACEMENT_3D('',#283,#284,#285);
#283 = CARTESIAN_POINT('',(1.7763568394E-15,13.750011387886,6.));
#284 = DIRECTION('',(1.,-4.440892098501E-16,2.22044604925E-16));
#285 = DIRECTION('',(-4.440892098501E-16,-1.,-2.22044604925E-16));
#286 = ORIENTED_EDGE('',*,*,#287,.T.);
#287 = EDGE_CURVE('',#279,#288,#290,.T.);
#288 = VERTEX_POINT('',#289);
#289 = CARTESIAN_POINT('',(-13.,20.,5.999999999997));
#290 = LINE('',#291,#292);
#291 = CARTESIAN_POINT('',(14.,19.999999999999,5.999999999997));
#292 = VECTOR('',#293,1.);
#293 = DIRECTION('',(-1.,1.110223024625E-16,-1.110223024625E-16));
#294 = ORIENTED_EDGE('',*,*,#295,.F.);
#295 = EDGE_CURVE('',#296,#288,#298,.T.);
#296 = VERTEX_POINT('',#297);
#297 = CARTESIAN_POINT('',(-14.,19.,2.608838366545));
#298 = B_SPLINE_CURVE_WITH_KNOTS('',8,(#299,#300,#301,#302,#303,#304,
    #305,#306,#307,#308,#309,#310,#311,#312,#313,#314,#315,#316,#317,
    #318,#319,#320,#321,#322,#323,#324,#325,#326,#327,#328,#329,#330,
    #331,#332,#333,#334,#335),.UNSPECIFIED.,.F.,.F.,(9,7,7,7,7,9),(0.,
    0.614321349207,0.934827787201,0.977465523018,0.995952174404,1.),
  .UNSPECIFIED.);
#299 = CARTESIAN_POINT('',(-14.,19.,2.608838366544));
#300 = CARTESIAN_POINT('',(-14.,19.158491882876,2.854205786369));
#301 = CARTESIAN_POINT('',(-13.97129231719,19.304484303047,
    3.108977905546));
#302 = CARTESIAN_POINT('',(-13.92179629283,19.434736342236,
    3.368520805027));
#303 = CARTESIAN_POINT('',(-13.85725875151,19.54884130044,3.629884267091
    ));
#304 = CARTESIAN_POINT('',(-13.78183597254,19.647327353612,
    3.891359715198));
#305 = CARTESIAN_POINT('',(-13.69831467786,19.731220207903,
    4.152498820072));
#306 = CARTESIAN_POINT('',(-13.60829347375,19.80152619328,4.414201030503
    ));
#307 = CARTESIAN_POINT('',(-13.46239682947,19.888584352199,
    4.816693978691));
#308 = CARTESIAN_POINT('',(-13.41101860701,19.914726987755,
    4.954799115546));
#309 = CARTESIAN_POINT('',(-13.35852732506,19.937216490167,
    5.092968949724));
#310 = CARTESIAN_POINT('',(-13.30514038085,19.956100814454,
    5.231170283258));
#311 = CARTESIAN_POINT('',(-13.25105259503,19.971421416139,
    5.369383222411));
#312 = CARTESIAN_POINT('',(-13.19644062214,19.983210985926,
    5.507602262445));
#313 = CARTESIAN_POINT('',(-13.14146736111,19.991491184359,
    5.645837372378));
#314 = CARTESIAN_POINT('',(-13.07894550639,19.99690616382,5.80251049293)
  );
#315 = CARTESIAN_POINT('',(-13.07160122255,19.997479966963,
    5.820906024311));
#316 = CARTESIAN_POINT('',(-13.06425390568,19.997991809278,
    5.839301659953));
#317 = CARTESIAN_POINT('',(-13.05690394645,19.998441710939,
    5.857697386081));
#318 = CARTESIAN_POINT('',(-13.04955173479,19.998829688932,
    5.876093189081));
#319 = CARTESIAN_POINT('',(-13.04219765993,19.99915575706,5.894489055499
    ));
#320 = CARTESIAN_POINT('',(-13.03484211037,19.999419925938,5.91288497204
    ));
#321 = CARTESIAN_POINT('',(-13.02429582107,19.99970990525,5.939256948997
    ));
#322 = CARTESIAN_POINT('',(-13.0211059641,19.999785972634,5.947232979306
    ));
#323 = CARTESIAN_POINT('',(-13.01791593444,19.999850405755,
    5.955209015449));
#324 = CARTESIAN_POINT('',(-13.01472576362,19.999903205107,
    5.963185056371));
#325 = CARTESIAN_POINT('',(-13.01153548328,19.999944371072,
    5.971161101011));
#326 = CARTESIAN_POINT('',(-13.00834512513,19.999973903916,
    5.979137148302));
#327 = CARTESIAN_POINT('',(-13.00515472097,19.999991803796,
    5.987113197167));
#328 = CARTESIAN_POINT('',(-13.00126573069,19.999999442965,
    5.996835677292));
#329 = CARTESIAN_POINT('',(-13.00075010722,19.999999904298,
    5.998131475041));
#330 = CARTESIAN_POINT('',(-13.00038186774,20.000000001035,
    5.999039576355));
#331 = CARTESIAN_POINT('',(-13.00015482062,20.00000000011,5.999604370957
    ));
#332 = CARTESIAN_POINT('',(-13.00004814594,19.999999996943,5.99988654123
    ));
#333 = CARTESIAN_POINT('',(-13.00001462177,20.000000001132,
    5.999975753533));
#334 = CARTESIAN_POINT('',(-13.00000107805,19.999999999999,5.99998120131
    ));
#335 = CARTESIAN_POINT('',(-13.00000107804,19.999999999999,
    5.999999999997));
#336 = ORIENTED_EDGE('',*,*,#337,.T.);
#337 = EDGE_CURVE('',#296,#219,#338,.T.);
#338 = CIRCLE('',#339,6.249988612114);
#339 = AXIS2_PLACEMENT_3D('',#340,#341,#342);
#340 = CARTESIAN_POINT('',(-14.,13.750011387886,6.));
#341 = DIRECTION('',(-1.,4.440892098501E-16,-2.22044604925E-16));
#342 = DIRECTION('',(-4.440892098501E-16,-1.,-2.22044604925E-16));
#343 = ORIENTED_EDGE('',*,*,#228,.T.);
#344 = ORIENTED_EDGE('',*,*,#132,.F.);
#345 = ORIENTED_EDGE('',*,*,#346,.F.);
#346 = EDGE_CURVE('',#347,#124,#349,.T.);
#347 = VERTEX_POINT('',#348);
#348 = CARTESIAN_POINT('',(-8.,17.,0.661467273428));
#349 = B_SPLINE_CURVE_WITH_KNOTS('',8,(#350,#351,#352,#353,#354,#355,
    #356,#357,#358,#359,#360,#361,#362,#363,#364,#365,#366,#367,#368,
    #369,#370,#371,#372,#373,#374,#375,#376,#377,#378,#379,#380,#381,
    #382,#383,#384,#385,#386,#387,#388,#389,#390,#391,#392,#393,#394,
    #395,#396,#397,#398,#399,#400,#401,#402,#403,#404,#405,#406,#407,
    #408,#409,#410,#411,#412,#413,#414,#415,#416,#417,#418,#419,#420,
    #421,#422,#423,#424,#425,#426,#427,#428,#429,#430,#431,#432,#433,
    #434,#435,#436,#437,#438,#439,#440,#441,#442,#443,#444,#445,#446,
    #447,#448,#449),.UNSPECIFIED.,.F.,.F.,(9,7,7,7,7,7,7,7,7,7,7,7,7,7,9
    ),(0.,6.603507504756E-02,0.222013259312,0.315825089795,0.34268594748
    ,0.37437143373,0.396792021512,0.433244730377,0.494000522815,
    0.644445241342,0.773424145849,0.826397399933,0.890949975633,
    0.9377479605,1.),.UNSPECIFIED.);
#350 = CARTESIAN_POINT('',(-8.,17.,0.661467273428));
#351 = CARTESIAN_POINT('',(-8.,17.091072921209,0.716910589403));
#352 = CARTESIAN_POINT('',(-8.003791599012,17.180490220408,
    0.773779745795));
#353 = CARTESIAN_POINT('',(-8.011133790935,17.268124081553,
    0.831942958712));
#354 = CARTESIAN_POINT('',(-8.021793609391,17.353864144209,
    0.891261775812));
#355 = CARTESIAN_POINT('',(-8.035545380117,17.437616105468,
    0.951592140977));
#356 = CARTESIAN_POINT('',(-8.05216997337,17.519300321874,1.012785458993
    ));
#357 = CARTESIAN_POINT('',(-8.071454056312,17.598850411347,
    1.074689660215));
#358 = CARTESIAN_POINT('',(-8.144529196648,17.858943494627,
    1.284685370713));
#359 = CARTESIAN_POINT('',(-8.20963140358,18.029772218273,1.435573285945
    ));
#360 = CARTESIAN_POINT('',(-8.286109867414,18.188882308332,
    1.588580140032));
#361 = CARTESIAN_POINT('',(-8.372180293964,18.336735713046,
    1.742678724653));
#362 = CARTESIAN_POINT('',(-8.466585249317,18.473936113804,
    1.897064535515));
#363 = CARTESIAN_POINT('',(-8.568523595887,18.601100842067,
    2.051096520391));
#364 = CARTESIAN_POINT('',(-8.677595354186,18.718751669259,2.20413594573
    ));
#365 = CARTESIAN_POINT('',(-8.863647172379,18.892482220246,2.44614721822
    ));
#366 = CARTESIAN_POINT('',(-8.935884107022,18.954219133984,
    2.536073925744));
#367 = CARTESIAN_POINT('',(-9.010606487765,19.012699524871,
    2.625041025112));
#368 = CARTESIAN_POINT('',(-9.087970347987,19.06806815614,2.712954555922
    ));
#369 = CARTESIAN_POINT('',(-9.168141451528,19.120368160852,
    2.799576338525));
#370 = CARTESIAN_POINT('',(-9.251272555207,19.169549193606,
    2.884477983572));
#371 = CARTESIAN_POINT('',(-9.337481588665,19.215476836554,
    2.966995061163));
#372 = CARTESIAN_POINT('',(-9.452413827072,19.27010254222,3.068854622978
    ));
#373 = CARTESIAN_POINT('',(-9.478274357752,19.281987682284,
    3.091272519645));
#374 = CARTESIAN_POINT('',(-9.504422895447,19.293596839928,
    3.113419769124));
#375 = CARTESIAN_POINT('',(-9.530869305649,19.304926959395,
    3.135277762952));
#376 = CARTESIAN_POINT('',(-9.557622767447,19.315973769154,
    3.156824634675));
#377 = CARTESIAN_POINT('',(-9.584691773529,19.326731781898,
    3.178035259856));
#378 = CARTESIAN_POINT('',(-9.612084130183,19.337194294545,3.19888125607
    ));
#379 = CARTESIAN_POINT('',(-9.672509236108,19.359337213452,
    3.243453799313));
#380 = CARTESIAN_POINT('',(-9.705677928804,19.37090137484,3.267029973836
    ));
#381 = CARTESIAN_POINT('',(-9.73932751148,19.382033715067,3.290009031928
    ));
#382 = CARTESIAN_POINT('',(-9.77347181962,19.392720065367,3.312333949942
    ));
#383 = CARTESIAN_POINT('',(-9.808124048085,19.40294424554,3.333941155123
    ));
#384 = CARTESIAN_POINT('',(-9.84329675112,19.412688063955,3.354760525617
    ));
#385 = CARTESIAN_POINT('',(-9.879001842348,19.421931317547,
    3.374715390464));
#386 = CARTESIAN_POINT('',(-9.940900140732,19.436822382276,
    3.407171943888));
#387 = CARTESIAN_POINT('',(-9.966827549656,19.442732477664,
    3.420149849125));
#388 = CARTESIAN_POINT('',(-9.993027357353,19.448371885724,
    3.432621337538));
#389 = CARTESIAN_POINT('',(-10.01949483021,19.453730588761,
    3.444551677045));
#390 = CARTESIAN_POINT('',(-10.04622596523,19.458798743644,
    3.455906311259));
#391 = CARTESIAN_POINT('',(-10.07321748998,19.463566681804,
    3.466650859483));
#392 = CARTESIAN_POINT('',(-10.10046686261,19.468024909239,
    3.476751116712));
#393 = CARTESIAN_POINT('',(-10.17269218229,19.478893856621,
    3.501491792237));
#394 = CARTESIAN_POINT('',(-10.21817218103,19.484792316053,
    3.515046095679));
#395 = CARTESIAN_POINT('',(-10.26427034966,19.489792860971,
    3.526630730237));
#396 = CARTESIAN_POINT('',(-10.31086080933,19.493844835405,
    3.536078986985));
#397 = CARTESIAN_POINT('',(-10.35783033926,19.496911537243,
    3.543262506019));
#398 = CARTESIAN_POINT('',(-10.40507499509,19.498968204238,
    3.548091100677));
#399 = CARTESIAN_POINT('',(-10.45249672738,19.5,3.550512581762));
#400 = CARTESIAN_POINT('',(-10.579173786,19.5,3.550512581762));
#401 = CARTESIAN_POINT('',(-10.65763039737,19.497134313888,
    3.543786052496));
#402 = CARTESIAN_POINT('',(-10.73518483325,19.491494188687,
    3.530545159386));
#403 = CARTESIAN_POINT('',(-10.81162037221,19.483187840257,
    3.511169322151));
#404 = CARTESIAN_POINT('',(-10.886668412,19.472353614958,3.486207475643)
  );
#405 = CARTESIAN_POINT('',(-10.95998956524,19.459181255204,
    3.456378222506));
#406 = CARTESIAN_POINT('',(-11.03115601102,19.443941268919,
    3.422567877653));
#407 = CARTESIAN_POINT('',(-11.26920440912,19.385127565601,
    3.294846427881));
#408 = CARTESIAN_POINT('',(-11.42862151029,19.331374679041,3.1825016009)
  );
#409 = CARTESIAN_POINT('',(-11.5783298896,19.267672607772,3.056667905491
    ));
#410 = CARTESIAN_POINT('',(-11.71844342616,19.195462836786,2.92355627045
    ));
#411 = CARTESIAN_POINT('',(-11.8495995086,19.115963411288,2.78675378564)
  );
#412 = CARTESIAN_POINT('',(-11.97315944407,19.02939957026,2.647480481949
    ));
#413 = CARTESIAN_POINT('',(-12.09079087606,18.934734558255,
    2.505206371815));
#414 = CARTESIAN_POINT('',(-12.30054285405,18.73941028524,2.232746119839
    ));
#415 = CARTESIAN_POINT('',(-12.39245815403,18.642884178713,
    2.105616259394));
#416 = CARTESIAN_POINT('',(-12.47943417871,18.539807141204,
    1.977681014889));
#417 = CARTESIAN_POINT('',(-12.56127412182,18.429902764446,
    1.849348094495));
#418 = CARTESIAN_POINT('',(-12.63759777596,18.312838383744,
    1.720990977366));
#419 = CARTESIAN_POINT('',(-12.70781664319,18.188266107703,
    1.593028858248));
#420 = CARTESIAN_POINT('',(-12.77110609543,18.055869109761,
    1.465968685686));
#421 = CARTESIAN_POINT('',(-12.84907404618,17.857726169826,
    1.288840476484));
#422 = CARTESIAN_POINT('',(-12.87042451586,17.798669571063,
    1.237515811339));
#423 = CARTESIAN_POINT('',(-12.89034545978,17.738236399132,
    1.186486006696));
#424 = CARTESIAN_POINT('',(-12.9087501012,17.676423252666,1.135804370591
    ));
#425 = CARTESIAN_POINT('',(-12.92554517548,17.613230775817,
    1.085526503329));
#426 = CARTESIAN_POINT('',(-12.94063068509,17.548664119036,
    1.035709990025));
#427 = CARTESIAN_POINT('',(-12.95389965479,17.482733399851,
    0.986414093135));
#428 = CARTESIAN_POINT('',(-12.97905452083,17.333468488737,
    0.878336355717));
#429 = CARTESIAN_POINT('',(-12.99001943583,17.249388903,0.819770171378)
  );
#430 = CARTESIAN_POINT('',(-12.99789272619,17.163365750453,
    0.762208025831));
#431 = CARTESIAN_POINT('',(-13.00244435782,17.075562473757,
    0.705840932918));
#432 = CARTESIAN_POINT('',(-13.00345380592,16.986156173166,
    0.650843201901));
#433 = CARTESIAN_POINT('',(-13.00070969292,16.895338165471,
    0.597371852887));
#434 = CARTESIAN_POINT('',(-12.99400942642,16.80331454295,0.545566032257
    ));
#435 = CARTESIAN_POINT('',(-12.97529260247,16.642879862553,
    0.459284254918));
#436 = CARTESIAN_POINT('',(-12.96524982967,16.574976385957,
    0.423982662004));
#437 = CARTESIAN_POINT('',(-12.95297050634,16.506761655158,
    0.389728789734));
#438 = CARTESIAN_POINT('',(-12.93841107635,16.438402696765,
    0.356594897871));
#439 = CARTESIAN_POINT('',(-12.92154475636,16.370067271365,
    0.324639037265));
#440 = CARTESIAN_POINT('',(-12.90236185231,16.301922933523,
    0.293905721563));
#441 = CARTESIAN_POINT('',(-12.88087007588,16.234136091777,
    0.264426598915));
#442 = CARTESIAN_POINT('',(-12.82546837919,16.077393180033,0.19870138083
    ));
#443 = CARTESIAN_POINT('',(-12.78984786955,15.988970498528,0.16349054665
    ));
#444 = CARTESIAN_POINT('',(-12.75030707852,15.901963912986,
    0.130614936004));
#445 = CARTESIAN_POINT('',(-12.70697005925,15.816726807671,
    0.100065877169));
#446 = CARTESIAN_POINT('',(-12.66001253838,15.733599571245,
    7.180440478612E-02));
#447 = CARTESIAN_POINT('',(-12.60966328282,15.652904105756,
    4.576595280452E-02));
#448 = CARTESIAN_POINT('',(-12.55620546649,15.574938335621,
    2.186504742679E-02));
#449 = CARTESIAN_POINT('',(-12.49997803712,15.499970716615,
    5.45798961582E-11));
#450 = ORIENTED_EDGE('',*,*,#451,.F.);
#451 = EDGE_CURVE('',#116,#347,#452,.T.);
#452 = B_SPLINE_CURVE_WITH_KNOTS('',5,(#453,#454,#455,#456,#457,#458,
    #459,#460,#461,#462,#463,#464,#465,#466,#467,#468,#469,#470),
  .UNSPECIFIED.,.F.,.F.,(6,4,4,4,6),(0.,0.152061088127,0.454264780113,
    0.81637268587,1.),.UNSPECIFIED.);
#453 = CARTESIAN_POINT('',(-8.500021962874,15.499970716615,
    5.458034024741E-11));
#454 = CARTESIAN_POINT('',(-8.470415400268,15.5394449293,
    1.151304450995E-02));
#455 = CARTESIAN_POINT('',(-8.441672362231,15.579796477096,
    2.363410141298E-02));
#456 = CARTESIAN_POINT('',(-8.413843793794,15.62098869932,
    3.638762276701E-02));
#457 = CARTESIAN_POINT('',(-8.386978883055,15.662975114063,
    4.979404336051E-02));
#458 = CARTESIAN_POINT('',(-8.309743603113,15.790608993691,
    9.184366852554E-02));
#459 = CARTESIAN_POINT('',(-8.262326255178,15.878480356356,0.12247623575
    ));
#460 = CARTESIAN_POINT('',(-8.219302016959,15.968788901879,0.15586941989
    ));
#461 = CARTESIAN_POINT('',(-8.180942028536,16.060947146589,
    0.192059591345));
#462 = CARTESIAN_POINT('',(-8.107143679244,16.266255572144,
    0.277625291761));
#463 = CARTESIAN_POINT('',(-8.073837471191,16.379818615699,
    0.328139396403));
#464 = CARTESIAN_POINT('',(-8.047624159832,16.493999095568,0.38241359009
    ));
#465 = CARTESIAN_POINT('',(-8.028385495391,16.60772688866,0.440135780245
    ));
#466 = CARTESIAN_POINT('',(-8.00931824021,16.776874958346,0.531486617019
    ));
#467 = CARTESIAN_POINT('',(-8.004594179063,16.833425405324,
    0.562978529543));
#468 = CARTESIAN_POINT('',(-8.001508452137,16.889520767813,
    0.595178010278));
#469 = CARTESIAN_POINT('',(-8.,16.945073576467,0.628029199686));
#470 = CARTESIAN_POINT('',(-8.,17.,0.661467273428));
#471 = ORIENTED_EDGE('',*,*,#115,.F.);
#472 = CYLINDRICAL_SURFACE('',#473,6.249988612114);
#473 = AXIS2_PLACEMENT_3D('',#474,#475,#476);
#474 = CARTESIAN_POINT('',(14.,13.750011387886,6.));
#475 = DIRECTION('',(1.,-4.440892098501E-16,2.22044604925E-16));
#476 = DIRECTION('',(-4.440892098501E-16,-1.,-2.22044604925E-16));
#477 = ADVANCED_FACE('',(#478),#499,.T.);
#478 = FACE_BOUND('',#479,.F.);
#479 = EDGE_LOOP('',(#480,#481,#482,#483,#491,#498));
#480 = ORIENTED_EDGE('',*,*,#451,.F.);
#481 = ORIENTED_EDGE('',*,*,#123,.F.);
#482 = ORIENTED_EDGE('',*,*,#346,.F.);
#483 = ORIENTED_EDGE('',*,*,#484,.T.);
#484 = EDGE_CURVE('',#347,#485,#487,.T.);
#485 = VERTEX_POINT('',#486);
#486 = CARTESIAN_POINT('',(-8.,17.,6.));
#487 = LINE('',#488,#489);
#488 = CARTESIAN_POINT('',(-8.,17.,0.));
#489 = VECTOR('',#490,1.);
#490 = DIRECTION('',(0.,0.,1.));
#491 = ORIENTED_EDGE('',*,*,#492,.T.);
#492 = EDGE_CURVE('',#485,#485,#493,.T.);
#493 = CIRCLE('',#494,2.5);
#494 = AXIS2_PLACEMENT_3D('',#495,#496,#497);
#495 = CARTESIAN_POINT('',(-10.5,17.,6.));
#496 = DIRECTION('',(0.,0.,1.));
#497 = DIRECTION('',(1.,0.,0.));
#498 = ORIENTED_EDGE('',*,*,#484,.F.);
#499 = CYLINDRICAL_SURFACE('',#500,2.5);
#500 = AXIS2_PLACEMENT_3D('',#501,#502,#503);
#501 = CARTESIAN_POINT('',(-10.5,17.,0.));
#502 = DIRECTION('',(-0.,-0.,-1.));
#503 = DIRECTION('',(1.,0.,0.));
#504 = ADVANCED_FACE('',(#505),#556,.T.);
#505 = FACE_BOUND('',#506,.T.);
#506 = EDGE_LOOP('',(#507,#518,#526,#534,#540,#541,#542,#550));
#507 = ORIENTED_EDGE('',*,*,#508,.F.);
#508 = EDGE_CURVE('',#509,#511,#513,.T.);
#509 = VERTEX_POINT('',#510);
#510 = CARTESIAN_POINT('',(1.78226762955E-15,21.5,6.));
#511 = VERTEX_POINT('',#512);
#512 = CARTESIAN_POINT('',(1.7881784197E-15,14.,-1.5));
#513 = CIRCLE('',#514,7.5);
#514 = AXIS2_PLACEMENT_3D('',#515,#516,#517);
#515 = CARTESIAN_POINT('',(1.7763568394E-15,14.,6.));
#516 = DIRECTION('',(-1.,0.,0.));
#517 = DIRECTION('',(0.,-1.,0.));
#518 = ORIENTED_EDGE('',*,*,#519,.T.);
#519 = EDGE_CURVE('',#509,#520,#522,.T.);
#520 = VERTEX_POINT('',#521);
#521 = CARTESIAN_POINT('',(1.8E-15,21.5,7.));
#522 = LINE('',#523,#524);
#523 = CARTESIAN_POINT('',(1.7881784197E-15,21.5,-2.5));
#524 = VECTOR('',#525,1.);
#525 = DIRECTION('',(0.,0.,1.));
#526 = ORIENTED_EDGE('',*,*,#527,.T.);
#527 = EDGE_CURVE('',#520,#528,#530,.T.);
#528 = VERTEX_POINT('',#529);
#529 = CARTESIAN_POINT('',(1.8E-15,20.,7.));
#530 = LINE('',#531,#532);
#531 = CARTESIAN_POINT('',(1.8E-15,23.26,7.));
#532 = VECTOR('',#533,1.);
#533 = DIRECTION('',(0.,-1.,0.));
#534 = ORIENTED_EDGE('',*,*,#535,.F.);
#535 = EDGE_CURVE('',#279,#528,#536,.T.);
#536 = LINE('',#537,#538);
#537 = CARTESIAN_POINT('',(1.7881784197E-15,20.,-2.5));
#538 = VECTOR('',#539,1.);
#539 = DIRECTION('',(0.,0.,1.));
#540 = ORIENTED_EDGE('',*,*,#278,.F.);
#541 = ORIENTED_EDGE('',*,*,#107,.F.);
#542 = ORIENTED_EDGE('',*,*,#543,.F.);
#543 = EDGE_CURVE('',#544,#100,#546,.T.);
#544 = VERTEX_POINT('',#545);
#545 = CARTESIAN_POINT('',(1.8E-15,6.,-1.5));
#546 = LINE('',#547,#548);
#547 = CARTESIAN_POINT('',(1.8E-15,6.,-5.));
#548 = VECTOR('',#549,1.);
#549 = DIRECTION('',(0.,0.,1.));
#550 = ORIENTED_EDGE('',*,*,#551,.T.);
#551 = EDGE_CURVE('',#544,#511,#552,.T.);
#552 = LINE('',#553,#554);
#553 = CARTESIAN_POINT('',(1.8E-15,11.63,-1.5));
#554 = VECTOR('',#555,1.);
#555 = DIRECTION('',(0.,1.,0.));
#556 = PLANE('',#557);
#557 = AXIS2_PLACEMENT_3D('',#558,#559,#560);
#558 = CARTESIAN_POINT('',(1.8E-15,23.26,-5.));
#559 = DIRECTION('',(1.,0.,0.));
#560 = DIRECTION('',(0.,-1.,0.));
#561 = ADVANCED_FACE('',(#562),#580,.T.);
#562 = FACE_BOUND('',#563,.T.);
#563 = EDGE_LOOP('',(#564,#572,#573,#574));
#564 = ORIENTED_EDGE('',*,*,#565,.T.);
#565 = EDGE_CURVE('',#566,#544,#568,.T.);
#566 = VERTEX_POINT('',#567);
#567 = CARTESIAN_POINT('',(7.5,6.,-1.5));
#568 = LINE('',#569,#570);
#569 = CARTESIAN_POINT('',(9.E-16,6.,-1.5));
#570 = VECTOR('',#571,1.);
#571 = DIRECTION('',(-1.,0.,0.));
#572 = ORIENTED_EDGE('',*,*,#543,.T.);
#573 = ORIENTED_EDGE('',*,*,#99,.F.);
#574 = ORIENTED_EDGE('',*,*,#575,.F.);
#575 = EDGE_CURVE('',#566,#92,#576,.T.);
#576 = LINE('',#577,#578);
#577 = CARTESIAN_POINT('',(7.5,6.,-5.));
#578 = VECTOR('',#579,1.);
#579 = DIRECTION('',(0.,0.,1.));
#580 = PLANE('',#581);
#581 = AXIS2_PLACEMENT_3D('',#582,#583,#584);
#582 = CARTESIAN_POINT('',(1.8E-15,6.,-5.));
#583 = DIRECTION('',(0.,1.,0.));
#584 = DIRECTION('',(1.,0.,0.));
#585 = ADVANCED_FACE('',(#586),#638,.T.);
#586 = FACE_BOUND('',#587,.T.);
#587 = EDGE_LOOP('',(#588,#599,#605,#606,#607,#616,#624,#632));
#588 = ORIENTED_EDGE('',*,*,#589,.T.);
#589 = EDGE_CURVE('',#590,#592,#594,.T.);
#590 = VERTEX_POINT('',#591);
#591 = CARTESIAN_POINT('',(7.5,21.5,6.));
#592 = VERTEX_POINT('',#593);
#593 = CARTESIAN_POINT('',(7.5,14.,-1.5));
#594 = CIRCLE('',#595,7.5);
#595 = AXIS2_PLACEMENT_3D('',#596,#597,#598);
#596 = CARTESIAN_POINT('',(7.5,14.,6.));
#597 = DIRECTION('',(-1.,0.,0.));
#598 = DIRECTION('',(0.,-1.,0.));
#599 = ORIENTED_EDGE('',*,*,#600,.T.);
#600 = EDGE_CURVE('',#592,#566,#601,.T.);
#601 = LINE('',#602,#603);
#602 = CARTESIAN_POINT('',(7.5,3.,-1.5));
#603 = VECTOR('',#604,1.);
#604 = DIRECTION('',(0.,-1.,0.));
#605 = ORIENTED_EDGE('',*,*,#575,.T.);
#606 = ORIENTED_EDGE('',*,*,#91,.F.);
#607 = ORIENTED_EDGE('',*,*,#608,.T.);
#608 = EDGE_CURVE('',#84,#609,#611,.T.);
#609 = VERTEX_POINT('',#610);
#610 = CARTESIAN_POINT('',(7.5,19.999999999999,5.999999999997));
#611 = CIRCLE('',#612,6.249988612114);
#612 = AXIS2_PLACEMENT_3D('',#613,#614,#615);
#613 = CARTESIAN_POINT('',(7.5,13.750011387886,6.));
#614 = DIRECTION('',(1.,-4.440892098501E-16,2.22044604925E-16));
#615 = DIRECTION('',(-4.440892098501E-16,-1.,-2.22044604925E-16));
#616 = ORIENTED_EDGE('',*,*,#617,.F.);
#617 = EDGE_CURVE('',#618,#609,#620,.T.);
#618 = VERTEX_POINT('',#619);
#619 = CARTESIAN_POINT('',(7.5,20.,7.));
#620 = LINE('',#621,#622);
#621 = CARTESIAN_POINT('',(7.5,20.,-2.5));
#622 = VECTOR('',#623,1.);
#623 = DIRECTION('',(-0.,-0.,-1.));
#624 = ORIENTED_EDGE('',*,*,#625,.T.);
#625 = EDGE_CURVE('',#618,#626,#628,.T.);
#626 = VERTEX_POINT('',#627);
#627 = CARTESIAN_POINT('',(7.5,21.5,7.));
#628 = LINE('',#629,#630);
#629 = CARTESIAN_POINT('',(7.5,6.,7.));
#630 = VECTOR('',#631,1.);
#631 = DIRECTION('',(0.,1.,0.));
#632 = ORIENTED_EDGE('',*,*,#633,.T.);
#633 = EDGE_CURVE('',#626,#590,#634,.T.);
#634 = LINE('',#635,#636);
#635 = CARTESIAN_POINT('',(7.5,21.5,-2.5));
#636 = VECTOR('',#637,1.);
#637 = DIRECTION('',(-0.,-0.,-1.));
#638 = PLANE('',#639);
#639 = AXIS2_PLACEMENT_3D('',#640,#641,#642);
#640 = CARTESIAN_POINT('',(7.5,6.,-5.));
#641 = DIRECTION('',(-1.,0.,0.));
#642 = DIRECTION('',(0.,1.,0.));
#643 = ADVANCED_FACE('',(#644),#867,.F.);
#644 = FACE_BOUND('',#645,.T.);
#645 = EDGE_LOOP('',(#646,#657,#699,#705,#706,#707,#812,#833,#834));
#646 = ORIENTED_EDGE('',*,*,#647,.F.);
#647 = EDGE_CURVE('',#648,#650,#652,.T.);
#648 = VERTEX_POINT('',#649);
#649 = CARTESIAN_POINT('',(14.,19.,2.608838366545));
#650 = VERTEX_POINT('',#651);
#651 = CARTESIAN_POINT('',(14.,17.499992408045,1.));
#652 = CIRCLE('',#653,6.249988612114);
#653 = AXIS2_PLACEMENT_3D('',#654,#655,#656);
#654 = CARTESIAN_POINT('',(14.,13.750011387886,6.));
#655 = DIRECTION('',(-1.,4.440892098501E-16,-2.22044604925E-16));
#656 = DIRECTION('',(-4.440892098501E-16,-1.,-2.22044604925E-16));
#657 = ORIENTED_EDGE('',*,*,#658,.T.);
#658 = EDGE_CURVE('',#648,#659,#661,.T.);
#659 = VERTEX_POINT('',#660);
#660 = CARTESIAN_POINT('',(13.,20.,5.999999999997));
#661 = B_SPLINE_CURVE_WITH_KNOTS('',8,(#662,#663,#664,#665,#666,#667,
    #668,#669,#670,#671,#672,#673,#674,#675,#676,#677,#678,#679,#680,
    #681,#682,#683,#684,#685,#686,#687,#688,#689,#690,#691,#692,#693,
    #694,#695,#696,#697,#698),.UNSPECIFIED.,.F.,.F.,(9,7,7,7,7,9),(0.,
    0.61432136106,0.934827805236,0.977465541876,0.995952188054,1.),
  .UNSPECIFIED.);
#662 = CARTESIAN_POINT('',(14.,19.,2.608838366544));
#663 = CARTESIAN_POINT('',(14.,19.158491882876,2.85420578637));
#664 = CARTESIAN_POINT('',(13.971292317197,19.304484303047,
    3.108977905546));
#665 = CARTESIAN_POINT('',(13.92179629284,19.434736342236,3.368520805025
    ));
#666 = CARTESIAN_POINT('',(13.857258751517,19.54884130044,3.629884267093
    ));
#667 = CARTESIAN_POINT('',(13.781835972547,19.647327353612,
    3.891359715196));
#668 = CARTESIAN_POINT('',(13.698314677865,19.731220207903,
    4.152498820072));
#669 = CARTESIAN_POINT('',(13.608293473751,19.80152619328,4.414201030503
    ));
#670 = CARTESIAN_POINT('',(13.462396829475,19.888584352199,
    4.816693978691));
#671 = CARTESIAN_POINT('',(13.411018607017,19.914726987755,
    4.954799115546));
#672 = CARTESIAN_POINT('',(13.35852732506,19.937216490167,5.092968949725
    ));
#673 = CARTESIAN_POINT('',(13.305140380852,19.956100814454,
    5.231170283258));
#674 = CARTESIAN_POINT('',(13.251052595034,19.971421416139,
    5.369383222411));
#675 = CARTESIAN_POINT('',(13.196440622142,19.983210985926,
    5.507602262445));
#676 = CARTESIAN_POINT('',(13.141467361115,19.991491184359,
    5.645837372378));
#677 = CARTESIAN_POINT('',(13.078945506391,19.99690616382,5.80251049293)
  );
#678 = CARTESIAN_POINT('',(13.071601222557,19.997479966963,
    5.820906024312));
#679 = CARTESIAN_POINT('',(13.064253905687,19.997991809278,
    5.839301659954));
#680 = CARTESIAN_POINT('',(13.056903946451,19.998441710939,
    5.857697386082));
#681 = CARTESIAN_POINT('',(13.049551734791,19.998829688932,
    5.876093189082));
#682 = CARTESIAN_POINT('',(13.042197659932,19.99915575706,5.8944890555)
  );
#683 = CARTESIAN_POINT('',(13.034842110371,19.999419925938,
    5.912884972041));
#684 = CARTESIAN_POINT('',(13.024295822031,19.999709905224,
    5.939256946597));
#685 = CARTESIAN_POINT('',(13.021105966026,19.999785972588,
    5.947232974506));
#686 = CARTESIAN_POINT('',(13.017915937326,19.999850405697,
    5.955209008249));
#687 = CARTESIAN_POINT('',(13.01472576747,19.999903205044,5.963185046769
    ));
#688 = CARTESIAN_POINT('',(13.011535488088,19.99994437101,5.971161089007
    ));
#689 = CARTESIAN_POINT('',(13.008345130894,19.999973903863,
    5.979137133895));
#690 = CARTESIAN_POINT('',(13.005154727691,19.999991803759,
    5.987113180359));
#691 = CARTESIAN_POINT('',(13.001265740749,19.999999442951,
    5.996835652166));
#692 = CARTESIAN_POINT('',(13.000750116343,19.999999904293,
    5.998131454159));
#693 = CARTESIAN_POINT('',(13.000381875482,20.000000001033,
    5.999039554425));
#694 = CARTESIAN_POINT('',(13.000154829335,20.000000000107,5.99960434765
    ));
#695 = CARTESIAN_POINT('',(13.000048157472,19.999999996942,
    5.999886517317));
#696 = CARTESIAN_POINT('',(13.000014634575,20.000000001133,
    5.999975723384));
#697 = CARTESIAN_POINT('',(13.000001088302,19.999999999999,5.99998116239
    ));
#698 = CARTESIAN_POINT('',(13.000001088295,19.999999999999,
    5.999999999997));
#699 = ORIENTED_EDGE('',*,*,#700,.T.);
#700 = EDGE_CURVE('',#659,#609,#701,.T.);
#701 = LINE('',#702,#703);
#702 = CARTESIAN_POINT('',(14.,19.999999999999,5.999999999997));
#703 = VECTOR('',#704,1.);
#704 = DIRECTION('',(-1.,1.110223024625E-16,-1.110223024625E-16));
#705 = ORIENTED_EDGE('',*,*,#608,.F.);
#706 = ORIENTED_EDGE('',*,*,#83,.F.);
#707 = ORIENTED_EDGE('',*,*,#708,.F.);
#708 = EDGE_CURVE('',#709,#75,#711,.T.);
#709 = VERTEX_POINT('',#710);
#710 = CARTESIAN_POINT('',(13.,17.,0.661467273428));
#711 = B_SPLINE_CURVE_WITH_KNOTS('',8,(#712,#713,#714,#715,#716,#717,
    #718,#719,#720,#721,#722,#723,#724,#725,#726,#727,#728,#729,#730,
    #731,#732,#733,#734,#735,#736,#737,#738,#739,#740,#741,#742,#743,
    #744,#745,#746,#747,#748,#749,#750,#751,#752,#753,#754,#755,#756,
    #757,#758,#759,#760,#761,#762,#763,#764,#765,#766,#767,#768,#769,
    #770,#771,#772,#773,#774,#775,#776,#777,#778,#779,#780,#781,#782,
    #783,#784,#785,#786,#787,#788,#789,#790,#791,#792,#793,#794,#795,
    #796,#797,#798,#799,#800,#801,#802,#803,#804,#805,#806,#807,#808,
    #809,#810,#811),.UNSPECIFIED.,.F.,.F.,(9,7,7,7,7,7,7,7,7,7,7,7,7,7,9
    ),(0.,6.603508450896E-02,0.222013291122,0.315825135046,
    0.342685996579,0.374371487368,0.396792075768,0.433244781353,
    0.494000568326,0.644445273321,0.773424166228,0.826397415547,
    0.890949985441,0.937747966099,1.),.UNSPECIFIED.);
#712 = CARTESIAN_POINT('',(13.,17.,0.661467273428));
#713 = CARTESIAN_POINT('',(13.,17.091072921209,0.716910589403));
#714 = CARTESIAN_POINT('',(12.996208400988,17.180490220408,
    0.773779745795));
#715 = CARTESIAN_POINT('',(12.988866209065,17.268124081553,
    0.831942958712));
#716 = CARTESIAN_POINT('',(12.978206390609,17.353864144209,
    0.891261775812));
#717 = CARTESIAN_POINT('',(12.964454619883,17.437616105468,
    0.951592140977));
#718 = CARTESIAN_POINT('',(12.94783002663,17.519300321874,1.012785458993
    ));
#719 = CARTESIAN_POINT('',(12.928545943688,17.598850411347,
    1.074689660215));
#720 = CARTESIAN_POINT('',(12.855470803352,17.858943494627,
    1.284685370713));
#721 = CARTESIAN_POINT('',(12.79036859642,18.029772218273,1.435573285946
    ));
#722 = CARTESIAN_POINT('',(12.713890132586,18.188882308332,
    1.588580140031));
#723 = CARTESIAN_POINT('',(12.627819706036,18.336735713046,
    1.742678724653));
#724 = CARTESIAN_POINT('',(12.533414750682,18.473936113804,
    1.897064535515));
#725 = CARTESIAN_POINT('',(12.431476404114,18.601100842067,
    2.051096520391));
#726 = CARTESIAN_POINT('',(12.322404645814,18.718751669259,
    2.204135945731));
#727 = CARTESIAN_POINT('',(12.136352827621,18.892482220246,2.44614721822
    ));
#728 = CARTESIAN_POINT('',(12.064115892978,18.954219133984,
    2.536073925744));
#729 = CARTESIAN_POINT('',(11.989393512235,19.012699524871,
    2.625041025112));
#730 = CARTESIAN_POINT('',(11.912029652013,19.06806815614,2.712954555922
    ));
#731 = CARTESIAN_POINT('',(11.831858548472,19.120368160852,
    2.799576338525));
#732 = CARTESIAN_POINT('',(11.748727444793,19.169549193606,
    2.884477983572));
#733 = CARTESIAN_POINT('',(11.662518411335,19.215476836554,
    2.966995061163));
#734 = CARTESIAN_POINT('',(11.547586172928,19.27010254222,3.068854622978
    ));
#735 = CARTESIAN_POINT('',(11.521725642248,19.281987682284,
    3.091272519645));
#736 = CARTESIAN_POINT('',(11.495577104553,19.293596839928,
    3.113419769124));
#737 = CARTESIAN_POINT('',(11.469130694351,19.304926959395,
    3.135277762952));
#738 = CARTESIAN_POINT('',(11.442377232553,19.315973769154,
    3.156824634675));
#739 = CARTESIAN_POINT('',(11.415308226471,19.326731781898,
    3.178035259856));
#740 = CARTESIAN_POINT('',(11.387915869817,19.337194294545,3.19888125607
    ));
#741 = CARTESIAN_POINT('',(11.327490763893,19.359337213452,
    3.243453799312));
#742 = CARTESIAN_POINT('',(11.294322071197,19.37090137484,3.267029973835
    ));
#743 = CARTESIAN_POINT('',(11.260672488519,19.382033715067,
    3.290009031929));
#744 = CARTESIAN_POINT('',(11.226528180379,19.392720065367,
    3.312333949942));
#745 = CARTESIAN_POINT('',(11.191875951914,19.40294424554,3.333941155124
    ));
#746 = CARTESIAN_POINT('',(11.156703248881,19.412688063955,
    3.354760525617));
#747 = CARTESIAN_POINT('',(11.120998157654,19.421931317547,
    3.374715390463));
#748 = CARTESIAN_POINT('',(11.059099862235,19.436822381562,
    3.407171942331));
#749 = CARTESIAN_POINT('',(11.033172451371,19.442732477305,
    3.420149848363));
#750 = CARTESIAN_POINT('',(11.006972640924,19.448371885958,
    3.432621338078));
#751 = CARTESIAN_POINT('',(10.980505166942,19.453730589311,
    3.444551678267));
#752 = CARTESIAN_POINT('',(10.95377403323,19.458798744041,3.455906312121
    ));
#753 = CARTESIAN_POINT('',(10.926782511348,19.463566681706,
    3.466650859234));
#754 = CARTESIAN_POINT('',(10.899533140614,19.468024908753,
    3.476751115605));
#755 = CARTESIAN_POINT('',(10.827307817702,19.478893856621,
    3.501491792237));
#756 = CARTESIAN_POINT('',(10.781827818965,19.484792316053,
    3.515046095679));
#757 = CARTESIAN_POINT('',(10.735729650338,19.489792860971,
    3.526630730237));
#758 = CARTESIAN_POINT('',(10.689139190662,19.493844835405,
    3.536078986985));
#759 = CARTESIAN_POINT('',(10.642169660737,19.496911537243,
    3.543262506019));
#760 = CARTESIAN_POINT('',(10.594925004904,19.498968204238,
    3.548091100677));
#761 = CARTESIAN_POINT('',(10.547503272614,19.5,3.550512581762));
#762 = CARTESIAN_POINT('',(10.420826213992,19.5,3.550512581762));
#763 = CARTESIAN_POINT('',(10.342369602629,19.497134313888,
    3.543786052496));
#764 = CARTESIAN_POINT('',(10.264815166744,19.491494188687,
    3.530545159386));
#765 = CARTESIAN_POINT('',(10.188379627784,19.483187840257,
    3.511169322151));
#766 = CARTESIAN_POINT('',(10.113331587999,19.472353614958,
    3.486207475643));
#767 = CARTESIAN_POINT('',(10.040010434755,19.459181255204,
    3.456378222506));
#768 = CARTESIAN_POINT('',(9.968843988977,19.443941268918,3.422567877653
    ));
#769 = CARTESIAN_POINT('',(9.73079559087,19.385127565601,3.294846427881)
  );
#770 = CARTESIAN_POINT('',(9.571378489705,19.331374679042,3.182501600903
    ));
#771 = CARTESIAN_POINT('',(9.421670110391,19.267672607771,3.056667905486
    ));
#772 = CARTESIAN_POINT('',(9.281556573839,19.195462836788,2.923556270456
    ));
#773 = CARTESIAN_POINT('',(9.150400491394,19.115963411285,2.786753785634
    ));
#774 = CARTESIAN_POINT('',(9.026840555931,19.029399570261,2.647480481952
    ));
#775 = CARTESIAN_POINT('',(8.90920912393,18.934734558254,2.505206371814)
  );
#776 = CARTESIAN_POINT('',(8.699457145948,18.73941028524,2.232746119839)
  );
#777 = CARTESIAN_POINT('',(8.607541845969,18.642884178713,2.105616259394
    ));
#778 = CARTESIAN_POINT('',(8.520565821287,18.539807141204,1.977681014889
    ));
#779 = CARTESIAN_POINT('',(8.438725878172,18.429902764445,1.849348094494
    ));
#780 = CARTESIAN_POINT('',(8.36240222404,18.312838383743,1.720990977365)
  );
#781 = CARTESIAN_POINT('',(8.292183356809,18.188266107703,1.593028858248
    ));
#782 = CARTESIAN_POINT('',(8.228893904569,18.055869109761,1.465968685686
    ));
#783 = CARTESIAN_POINT('',(8.150925953811,17.857726169826,1.288840476484
    ));
#784 = CARTESIAN_POINT('',(8.129575484131,17.798669571063,1.237515811339
    ));
#785 = CARTESIAN_POINT('',(8.109654540216,17.738236399132,1.186486006696
    ));
#786 = CARTESIAN_POINT('',(8.091249898792,17.676423252666,1.135804370591
    ));
#787 = CARTESIAN_POINT('',(8.07445482452,17.613230775817,1.085526503329)
  );
#788 = CARTESIAN_POINT('',(8.059369314907,17.548664119036,1.035709990025
    ));
#789 = CARTESIAN_POINT('',(8.046100345207,17.482733399851,0.986414093135
    ));
#790 = CARTESIAN_POINT('',(8.020945479162,17.333468488737,0.878336355717
    ));
#791 = CARTESIAN_POINT('',(8.009980564169,17.249388903,0.819770171378));
#792 = CARTESIAN_POINT('',(8.002107273805,17.163365750453,0.762208025831
    ));
#793 = CARTESIAN_POINT('',(7.997555642173,17.075562473757,0.705840932918
    ));
#794 = CARTESIAN_POINT('',(7.996546194076,16.986156173166,0.650843201901
    ));
#795 = CARTESIAN_POINT('',(7.99929030708,16.89533816547,0.597371852887)
  );
#796 = CARTESIAN_POINT('',(8.005990573572,16.80331454295,0.545566032257)
  );
#797 = CARTESIAN_POINT('',(8.02470739753,16.642879862553,0.459284254918)
  );
#798 = CARTESIAN_POINT('',(8.034750170329,16.574976385957,0.423982662004
    ));
#799 = CARTESIAN_POINT('',(8.047029493658,16.506761655158,0.389728789734
    ));
#800 = CARTESIAN_POINT('',(8.061588923646,16.438402696765,0.356594897871
    ));
#801 = CARTESIAN_POINT('',(8.078455243631,16.370067271365,0.324639037265
    ));
#802 = CARTESIAN_POINT('',(8.097638147681,16.301922933523,0.293905721563
    ));
#803 = CARTESIAN_POINT('',(8.119129924111,16.234136091777,0.264426598915
    ));
#804 = CARTESIAN_POINT('',(8.174531620802,16.077393180033,0.19870138083)
  );
#805 = CARTESIAN_POINT('',(8.210152130441,15.988970498528,0.16349054665)
  );
#806 = CARTESIAN_POINT('',(8.249692921475,15.901963912986,0.130614936004
    ));
#807 = CARTESIAN_POINT('',(8.293029940745,15.816726807671,0.100065877169
    ));
#808 = CARTESIAN_POINT('',(8.339987461612,15.733599571245,
    7.180440478613E-02));
#809 = CARTESIAN_POINT('',(8.390336717176,15.652904105756,
    4.576595280452E-02));
#810 = CARTESIAN_POINT('',(8.443794533508,15.574938335621,
    2.18650474268E-02));
#811 = CARTESIAN_POINT('',(8.500021962874,15.499970716615,
    5.458478113951E-11));
#812 = ORIENTED_EDGE('',*,*,#813,.F.);
#813 = EDGE_CURVE('',#67,#709,#814,.T.);
#814 = B_SPLINE_CURVE_WITH_KNOTS('',5,(#815,#816,#817,#818,#819,#820,
    #821,#822,#823,#824,#825,#826,#827,#828,#829,#830,#831,#832),
  .UNSPECIFIED.,.F.,.F.,(6,4,4,4,6),(0.,0.152061085065,0.454264770965,
    0.81637266943,1.),.UNSPECIFIED.);
#815 = CARTESIAN_POINT('',(12.499978037126,15.499970716615,
    5.458522522872E-11));
#816 = CARTESIAN_POINT('',(12.529584599732,15.5394449293,
    1.151304450996E-02));
#817 = CARTESIAN_POINT('',(12.558327637769,15.579796477096,
    2.363410141299E-02));
#818 = CARTESIAN_POINT('',(12.586156206206,15.62098869932,
    3.638762276702E-02));
#819 = CARTESIAN_POINT('',(12.613021116945,15.662975114063,
    4.979404336052E-02));
#820 = CARTESIAN_POINT('',(12.690256396887,15.790608993691,
    9.184366852556E-02));
#821 = CARTESIAN_POINT('',(12.737673744822,15.878480356356,0.12247623575
    ));
#822 = CARTESIAN_POINT('',(12.780697983041,15.968788901879,0.15586941989
    ));
#823 = CARTESIAN_POINT('',(12.819057971464,16.060947146589,
    0.192059591345));
#824 = CARTESIAN_POINT('',(12.892856320756,16.266255572143,
    0.277625291761));
#825 = CARTESIAN_POINT('',(12.926162528809,16.379818615699,
    0.328139396403));
#826 = CARTESIAN_POINT('',(12.952375840168,16.493999095568,0.38241359009
    ));
#827 = CARTESIAN_POINT('',(12.971614504609,16.60772688866,0.440135780245
    ));
#828 = CARTESIAN_POINT('',(12.990681760494,16.776874964588,0.53148662039
    ));
#829 = CARTESIAN_POINT('',(12.995405820803,16.8334254003,0.562978526567)
  );
#830 = CARTESIAN_POINT('',(12.998491547377,16.889520762535,
    0.595178007362));
#831 = CARTESIAN_POINT('',(13.,16.9450735822,0.628029203176));
#832 = CARTESIAN_POINT('',(13.,17.,0.661467273428));
#833 = ORIENTED_EDGE('',*,*,#66,.F.);
#834 = ORIENTED_EDGE('',*,*,#835,.F.);
#835 = EDGE_CURVE('',#650,#59,#836,.T.);
#836 = B_SPLINE_CURVE_WITH_KNOTS('',8,(#837,#838,#839,#840,#841,#842,
    #843,#844,#845,#846,#847,#848,#849,#850,#851,#852,#853,#854,#855,
    #856,#857,#858,#859,#860,#861,#862,#863,#864,#865,#866),
  .UNSPECIFIED.,.F.,.F.,(9,7,7,7,9),(0.,0.439364339936,0.811435149458,
    0.912347867414,1.),.UNSPECIFIED.);
#837 = CARTESIAN_POINT('',(14.,17.499992408045,1.));
#838 = CARTESIAN_POINT('',(14.,17.3788668008,0.909156254356));
#839 = CARTESIAN_POINT('',(13.990568830463,17.255397600883,
    0.821794625781));
#840 = CARTESIAN_POINT('',(13.97296954623,17.13032532164,0.738444339623)
  );
#841 = CARTESIAN_POINT('',(13.94821560774,17.004248184947,0.659371964808
    ));
#842 = CARTESIAN_POINT('',(13.917087810343,16.877643302949,
    0.584678281199));
#843 = CARTESIAN_POINT('',(13.880156110024,16.750916540485,
    0.514385127145));
#844 = CARTESIAN_POINT('',(13.837791739962,16.624513761805,
    0.448505845499));
#845 = CARTESIAN_POINT('',(13.749814378908,16.392943072108,
    0.335086115056));
#846 = CARTESIAN_POINT('',(13.706766369805,16.290314068167,0.28766657834
    ));
#847 = CARTESIAN_POINT('',(13.660581333774,16.189286330926,
    0.243437707296));
#848 = CARTESIAN_POINT('',(13.610400147923,16.088475781515,0.20164054162
    ));
#849 = CARTESIAN_POINT('',(13.555333773808,15.987693208319,
    0.162201127269));
#850 = CARTESIAN_POINT('',(13.494823119701,15.888543037276,
    0.125785336205));
#851 = CARTESIAN_POINT('',(13.428753261091,15.794817226653,
    9.333138872847E-02));
#852 = CARTESIAN_POINT('',(13.337724219042,15.689546165604,
    5.852525943171E-02));
#853 = CARTESIAN_POINT('',(13.317749481433,15.667720205386,
    5.141643896471E-02));
#854 = CARTESIAN_POINT('',(13.297163138229,15.64660348122,
    4.463912849895E-02));
#855 = CARTESIAN_POINT('',(13.275915439121,15.626313866025,
    3.821922290381E-02));
#856 = CARTESIAN_POINT('',(13.253963501808,15.607010270414,
    3.219326039808E-02));
#857 = CARTESIAN_POINT('',(13.23126969242,15.588891048429,
    2.660749000977E-02));
#858 = CARTESIAN_POINT('',(13.207800005948,15.572192403273,
    2.151693903606E-02));
#859 = CARTESIAN_POINT('',(13.162435116059,15.544153017284,
    1.304761640604E-02));
#860 = CARTESIAN_POINT('',(13.140586730161,15.53230280572,
    9.503860514583E-03));
#861 = CARTESIAN_POINT('',(13.11811208956,15.52195252344,
    6.436816236653E-03));
#862 = CARTESIAN_POINT('',(13.095128145529,15.513363607856,
    3.911152568408E-03));
#863 = CARTESIAN_POINT('',(13.071737514557,15.506743333428,
    1.975229461263E-03));
#864 = CARTESIAN_POINT('',(13.048031992895,15.502245576388,
    6.63723188799E-04));
#865 = CARTESIAN_POINT('',(13.024096071088,15.499971579466,
    2.517136837747E-07));
#866 = CARTESIAN_POINT('',(13.00001044852,15.499970716615,
    5.458561380678E-11));
#867 = CYLINDRICAL_SURFACE('',#868,6.249988612114);
#868 = AXIS2_PLACEMENT_3D('',#869,#870,#871);
#869 = CARTESIAN_POINT('',(14.,13.750011387886,6.));
#870 = DIRECTION('',(1.,-4.440892098501E-16,2.22044604925E-16));
#871 = DIRECTION('',(-4.440892098501E-16,-1.,-2.22044604925E-16));
#872 = ADVANCED_FACE('',(#873),#894,.T.);
#873 = FACE_BOUND('',#874,.F.);
#874 = EDGE_LOOP('',(#875,#876,#877,#878,#886,#893));
#875 = ORIENTED_EDGE('',*,*,#813,.F.);
#876 = ORIENTED_EDGE('',*,*,#74,.F.);
#877 = ORIENTED_EDGE('',*,*,#708,.F.);
#878 = ORIENTED_EDGE('',*,*,#879,.T.);
#879 = EDGE_CURVE('',#709,#880,#882,.T.);
#880 = VERTEX_POINT('',#881);
#881 = CARTESIAN_POINT('',(13.,17.,6.));
#882 = LINE('',#883,#884);
#883 = CARTESIAN_POINT('',(13.,17.,0.));
#884 = VECTOR('',#885,1.);
#885 = DIRECTION('',(0.,0.,1.));
#886 = ORIENTED_EDGE('',*,*,#887,.T.);
#887 = EDGE_CURVE('',#880,#880,#888,.T.);
#888 = CIRCLE('',#889,2.5);
#889 = AXIS2_PLACEMENT_3D('',#890,#891,#892);
#890 = CARTESIAN_POINT('',(10.5,17.,6.));
#891 = DIRECTION('',(0.,0.,1.));
#892 = DIRECTION('',(1.,0.,0.));
#893 = ORIENTED_EDGE('',*,*,#879,.F.);
#894 = CYLINDRICAL_SURFACE('',#895,2.5);
#895 = AXIS2_PLACEMENT_3D('',#896,#897,#898);
#896 = CARTESIAN_POINT('',(10.5,17.,0.));
#897 = DIRECTION('',(-0.,-0.,-1.));
#898 = DIRECTION('',(1.,0.,0.));
#899 = ADVANCED_FACE('',(#900),#920,.F.);
#900 = FACE_BOUND('',#901,.F.);
#901 = EDGE_LOOP('',(#902,#910,#917,#918,#919));
#902 = ORIENTED_EDGE('',*,*,#903,.F.);
#903 = EDGE_CURVE('',#904,#650,#906,.T.);
#904 = VERTEX_POINT('',#905);
#905 = CARTESIAN_POINT('',(14.,-19.,1.));
#906 = LINE('',#907,#908);
#907 = CARTESIAN_POINT('',(14.,-20.,1.));
#908 = VECTOR('',#909,1.);
#909 = DIRECTION('',(0.,1.,0.));
#910 = ORIENTED_EDGE('',*,*,#911,.T.);
#911 = EDGE_CURVE('',#904,#43,#912,.T.);
#912 = CIRCLE('',#913,1.);
#913 = AXIS2_PLACEMENT_3D('',#914,#915,#916);
#914 = CARTESIAN_POINT('',(13.,-19.,1.));
#915 = DIRECTION('',(0.,1.,0.));
#916 = DIRECTION('',(0.,0.,-1.));
#917 = ORIENTED_EDGE('',*,*,#50,.T.);
#918 = ORIENTED_EDGE('',*,*,#58,.T.);
#919 = ORIENTED_EDGE('',*,*,#835,.F.);
#920 = CYLINDRICAL_SURFACE('',#921,1.);
#921 = AXIS2_PLACEMENT_3D('',#922,#923,#924);
#922 = CARTESIAN_POINT('',(13.,-20.,1.));
#923 = DIRECTION('',(0.,1.,0.));
#924 = DIRECTION('',(1.,0.,0.));
#925 = ADVANCED_FACE('',(#926),#953,.F.);
#926 = FACE_BOUND('',#927,.F.);
#927 = EDGE_LOOP('',(#928,#937,#938,#947));
#928 = ORIENTED_EDGE('',*,*,#929,.T.);
#929 = EDGE_CURVE('',#930,#35,#932,.T.);
#930 = VERTEX_POINT('',#931);
#931 = CARTESIAN_POINT('',(-13.,-20.,1.));
#932 = CIRCLE('',#933,1.);
#933 = AXIS2_PLACEMENT_3D('',#934,#935,#936);
#934 = CARTESIAN_POINT('',(-13.,-19.,1.));
#935 = DIRECTION('',(1.,-0.,0.));
#936 = DIRECTION('',(0.,0.,-1.));
#937 = ORIENTED_EDGE('',*,*,#42,.T.);
#938 = ORIENTED_EDGE('',*,*,#939,.T.);
#939 = EDGE_CURVE('',#43,#940,#942,.T.);
#940 = VERTEX_POINT('',#941);
#941 = CARTESIAN_POINT('',(13.,-20.,1.));
#942 = CIRCLE('',#943,1.);
#943 = AXIS2_PLACEMENT_3D('',#944,#945,#946);
#944 = CARTESIAN_POINT('',(13.,-19.,1.));
#945 = DIRECTION('',(-1.,0.,0.));
#946 = DIRECTION('',(0.,0.,-1.));
#947 = ORIENTED_EDGE('',*,*,#948,.F.);
#948 = EDGE_CURVE('',#930,#940,#949,.T.);
#949 = LINE('',#950,#951);
#950 = CARTESIAN_POINT('',(-14.,-20.,1.));
#951 = VECTOR('',#952,1.);
#952 = DIRECTION('',(1.,0.,0.));
#953 = CYLINDRICAL_SURFACE('',#954,1.);
#954 = AXIS2_PLACEMENT_3D('',#955,#956,#957);
#955 = CARTESIAN_POINT('',(-14.,-19.,1.));
#956 = DIRECTION('',(1.,0.,0.));
#957 = DIRECTION('',(0.,-1.,0.));
#958 = ADVANCED_FACE('',(#959),#979,.T.);
#959 = FACE_BOUND('',#960,.F.);
#960 = EDGE_LOOP('',(#961,#962,#970,#977,#978));
#961 = ORIENTED_EDGE('',*,*,#157,.F.);
#962 = ORIENTED_EDGE('',*,*,#963,.T.);
#963 = EDGE_CURVE('',#149,#964,#966,.T.);
#964 = VERTEX_POINT('',#965);
#965 = CARTESIAN_POINT('',(-8.,-8.,6.));
#966 = LINE('',#967,#968);
#967 = CARTESIAN_POINT('',(-8.,-8.,0.));
#968 = VECTOR('',#969,1.);
#969 = DIRECTION('',(0.,0.,1.));
#970 = ORIENTED_EDGE('',*,*,#971,.T.);
#971 = EDGE_CURVE('',#964,#964,#972,.T.);
#972 = CIRCLE('',#973,2.5);
#973 = AXIS2_PLACEMENT_3D('',#974,#975,#976);
#974 = CARTESIAN_POINT('',(-10.5,-8.,6.));
#975 = DIRECTION('',(0.,0.,1.));
#976 = DIRECTION('',(1.,0.,0.));
#977 = ORIENTED_EDGE('',*,*,#963,.F.);
#978 = ORIENTED_EDGE('',*,*,#148,.F.);
#979 = CYLINDRICAL_SURFACE('',#980,2.5);
#980 = AXIS2_PLACEMENT_3D('',#981,#982,#983);
#981 = CARTESIAN_POINT('',(-10.5,-8.,0.));
#982 = DIRECTION('',(-0.,-0.,-1.));
#983 = DIRECTION('',(1.,0.,0.));
#984 = ADVANCED_FACE('',(#985),#1004,.T.);
#985 = FACE_BOUND('',#986,.F.);
#986 = EDGE_LOOP('',(#987,#995,#1002,#1003));
#987 = ORIENTED_EDGE('',*,*,#988,.T.);
#988 = EDGE_CURVE('',#51,#989,#991,.T.);
#989 = VERTEX_POINT('',#990);
#990 = CARTESIAN_POINT('',(13.,-8.,6.));
#991 = LINE('',#992,#993);
#992 = CARTESIAN_POINT('',(13.,-8.,0.));
#993 = VECTOR('',#994,1.);
#994 = DIRECTION('',(0.,0.,1.));
#995 = ORIENTED_EDGE('',*,*,#996,.T.);
#996 = EDGE_CURVE('',#989,#989,#997,.T.);
#997 = CIRCLE('',#998,2.5);
#998 = AXIS2_PLACEMENT_3D('',#999,#1000,#1001);
#999 = CARTESIAN_POINT('',(10.5,-8.,6.));
#1000 = DIRECTION('',(0.,0.,1.));
#1001 = DIRECTION('',(1.,0.,0.));
#1002 = ORIENTED_EDGE('',*,*,#988,.F.);
#1003 = ORIENTED_EDGE('',*,*,#166,.F.);
#1004 = CYLINDRICAL_SURFACE('',#1005,2.5);
#1005 = AXIS2_PLACEMENT_3D('',#1006,#1007,#1008);
#1006 = CARTESIAN_POINT('',(10.5,-8.,0.));
#1007 = DIRECTION('',(-0.,-0.,-1.));
#1008 = DIRECTION('',(1.,0.,0.));
#1009 = ADVANCED_FACE('',(#1010),#1029,.F.);
#1010 = FACE_BOUND('',#1011,.T.);
#1011 = EDGE_LOOP('',(#1012,#1021,#1027,#1028));
#1012 = ORIENTED_EDGE('',*,*,#1013,.T.);
#1013 = EDGE_CURVE('',#1014,#1014,#1016,.T.);
#1014 = VERTEX_POINT('',#1015);
#1015 = CARTESIAN_POINT('',(-0.75,10.,-1.5));
#1016 = CIRCLE('',#1017,3.25);
#1017 = AXIS2_PLACEMENT_3D('',#1018,#1019,#1020);
#1018 = CARTESIAN_POINT('',(-4.,10.,-1.5));
#1019 = DIRECTION('',(0.,0.,-1.));
#1020 = DIRECTION('',(1.,0.,0.));
#1021 = ORIENTED_EDGE('',*,*,#1022,.T.);
#1022 = EDGE_CURVE('',#1014,#176,#1023,.T.);
#1023 = LINE('',#1024,#1025);
#1024 = CARTESIAN_POINT('',(-0.75,10.,-5.));
#1025 = VECTOR('',#1026,1.);
#1026 = DIRECTION('',(0.,0.,1.));
#1027 = ORIENTED_EDGE('',*,*,#175,.F.);
#1028 = ORIENTED_EDGE('',*,*,#1022,.F.);
#1029 = CYLINDRICAL_SURFACE('',#1030,3.25);
#1030 = AXIS2_PLACEMENT_3D('',#1031,#1032,#1033);
#1031 = CARTESIAN_POINT('',(-4.,10.,-5.));
#1032 = DIRECTION('',(-0.,-0.,-1.));
#1033 = DIRECTION('',(1.,0.,0.));
#1034 = ADVANCED_FACE('',(#1035),#1054,.T.);
#1035 = FACE_BOUND('',#1036,.F.);
#1036 = EDGE_LOOP('',(#1037,#1045,#1052,#1053));
#1037 = ORIENTED_EDGE('',*,*,#1038,.T.);
#1038 = EDGE_CURVE('',#193,#1039,#1041,.T.);
#1039 = VERTEX_POINT('',#1040);
#1040 = CARTESIAN_POINT('',(3.,-15.,21.));
#1041 = LINE('',#1042,#1043);
#1042 = CARTESIAN_POINT('',(3.,-15.,0.));
#1043 = VECTOR('',#1044,1.);
#1044 = DIRECTION('',(0.,0.,1.));
#1045 = ORIENTED_EDGE('',*,*,#1046,.T.);
#1046 = EDGE_CURVE('',#1039,#1039,#1047,.T.);
#1047 = CIRCLE('',#1048,3.);
#1048 = AXIS2_PLACEMENT_3D('',#1049,#1050,#1051);
#1049 = CARTESIAN_POINT('',(0.,-15.,21.));
#1050 = DIRECTION('',(0.,0.,1.));
#1051 = DIRECTION('',(1.,0.,0.));
#1052 = ORIENTED_EDGE('',*,*,#1038,.F.);
#1053 = ORIENTED_EDGE('',*,*,#203,.F.);
#1054 = CYLINDRICAL_SURFACE('',#1055,3.);
#1055 = AXIS2_PLACEMENT_3D('',#1056,#1057,#1058);
#1056 = CARTESIAN_POINT('',(0.,-15.,0.));
#1057 = DIRECTION('',(-0.,-0.,-1.));
#1058 = DIRECTION('',(1.,0.,0.));
#1059 = ADVANCED_FACE('',(#1060),#1136,.T.);
#1060 = FACE_BOUND('',#1061,.T.);
#1061 = EDGE_LOOP('',(#1062,#1072,#1081,#1089,#1097,#1103,#1104,#1105,
    #1113,#1121,#1129));
#1062 = ORIENTED_EDGE('',*,*,#1063,.F.);
#1063 = EDGE_CURVE('',#1064,#1066,#1068,.T.);
#1064 = VERTEX_POINT('',#1065);
#1065 = CARTESIAN_POINT('',(-14.,2.5,20.2));
#1066 = VERTEX_POINT('',#1067);
#1067 = CARTESIAN_POINT('',(-14.,11.5,20.2));
#1068 = LINE('',#1069,#1070);
#1069 = CARTESIAN_POINT('',(-14.,2.,20.2));
#1070 = VECTOR('',#1071,1.);
#1071 = DIRECTION('',(0.,1.,0.));
#1072 = ORIENTED_EDGE('',*,*,#1073,.T.);
#1073 = EDGE_CURVE('',#1064,#1074,#1076,.T.);
#1074 = VERTEX_POINT('',#1075);
#1075 = CARTESIAN_POINT('',(-14.,2.,20.7));
#1076 = CIRCLE('',#1077,0.5);
#1077 = AXIS2_PLACEMENT_3D('',#1078,#1079,#1080);
#1078 = CARTESIAN_POINT('',(-14.,2.5,20.7));
#1079 = DIRECTION('',(-1.,0.,0.));
#1080 = DIRECTION('',(0.,0.,1.));
#1081 = ORIENTED_EDGE('',*,*,#1082,.F.);
#1082 = EDGE_CURVE('',#1083,#1074,#1085,.T.);
#1083 = VERTEX_POINT('',#1084);
#1084 = CARTESIAN_POINT('',(-14.,2.,22.));
#1085 = LINE('',#1086,#1087);
#1086 = CARTESIAN_POINT('',(-14.,2.,22.));
#1087 = VECTOR('',#1088,1.);
#1088 = DIRECTION('',(0.,0.,-1.));
#1089 = ORIENTED_EDGE('',*,*,#1090,.T.);
#1090 = EDGE_CURVE('',#1083,#1091,#1093,.T.);
#1091 = VERTEX_POINT('',#1092);
#1092 = CARTESIAN_POINT('',(-14.,-19.,22.));
#1093 = LINE('',#1094,#1095);
#1094 = CARTESIAN_POINT('',(-14.,20.,22.));
#1095 = VECTOR('',#1096,1.);
#1096 = DIRECTION('',(0.,-1.,0.));
#1097 = ORIENTED_EDGE('',*,*,#1098,.F.);
#1098 = EDGE_CURVE('',#221,#1091,#1099,.T.);
#1099 = LINE('',#1100,#1101);
#1100 = CARTESIAN_POINT('',(-14.,-19.,0.));
#1101 = VECTOR('',#1102,1.);
#1102 = DIRECTION('',(0.,0.,1.));
#1103 = ORIENTED_EDGE('',*,*,#218,.F.);
#1104 = ORIENTED_EDGE('',*,*,#337,.F.);
#1105 = ORIENTED_EDGE('',*,*,#1106,.T.);
#1106 = EDGE_CURVE('',#296,#1107,#1109,.T.);
#1107 = VERTEX_POINT('',#1108);
#1108 = CARTESIAN_POINT('',(-14.,19.,22.));
#1109 = LINE('',#1110,#1111);
#1110 = CARTESIAN_POINT('',(-14.,19.,0.));
#1111 = VECTOR('',#1112,1.);
#1112 = DIRECTION('',(0.,0.,1.));
#1113 = ORIENTED_EDGE('',*,*,#1114,.T.);
#1114 = EDGE_CURVE('',#1107,#1115,#1117,.T.);
#1115 = VERTEX_POINT('',#1116);
#1116 = CARTESIAN_POINT('',(-14.,12.,22.));
#1117 = LINE('',#1118,#1119);
#1118 = CARTESIAN_POINT('',(-14.,20.,22.));
#1119 = VECTOR('',#1120,1.);
#1120 = DIRECTION('',(0.,-1.,0.));
#1121 = ORIENTED_EDGE('',*,*,#1122,.F.);
#1122 = EDGE_CURVE('',#1123,#1115,#1125,.T.);
#1123 = VERTEX_POINT('',#1124);
#1124 = CARTESIAN_POINT('',(-14.,12.,20.7));
#1125 = LINE('',#1126,#1127);
#1126 = CARTESIAN_POINT('',(-14.,12.,20.2));
#1127 = VECTOR('',#1128,1.);
#1128 = DIRECTION('',(0.,0.,1.));
#1129 = ORIENTED_EDGE('',*,*,#1130,.F.);
#1130 = EDGE_CURVE('',#1066,#1123,#1131,.T.);
#1131 = CIRCLE('',#1132,0.5);
#1132 = AXIS2_PLACEMENT_3D('',#1133,#1134,#1135);
#1133 = CARTESIAN_POINT('',(-14.,11.5,20.7));
#1134 = DIRECTION('',(1.,0.,-0.));
#1135 = DIRECTION('',(0.,0.,1.));
#1136 = PLANE('',#1137);
#1137 = AXIS2_PLACEMENT_3D('',#1138,#1139,#1140);
#1138 = CARTESIAN_POINT('',(-14.,20.,0.));
#1139 = DIRECTION('',(1.,0.,0.));
#1140 = DIRECTION('',(0.,-1.,0.));
#1141 = ADVANCED_FACE('',(#1142),#1153,.F.);
#1142 = FACE_BOUND('',#1143,.F.);
#1143 = EDGE_LOOP('',(#1144,#1145,#1152));
#1144 = ORIENTED_EDGE('',*,*,#929,.F.);
#1145 = ORIENTED_EDGE('',*,*,#1146,.T.);
#1146 = EDGE_CURVE('',#930,#221,#1147,.T.);
#1147 = CIRCLE('',#1148,1.);
#1148 = AXIS2_PLACEMENT_3D('',#1149,#1150,#1151);
#1149 = CARTESIAN_POINT('',(-13.,-19.,1.));
#1150 = DIRECTION('',(6.123233995737E-17,0.,-1.));
#1151 = DIRECTION('',(-1.,0.,-6.123233995737E-17));
#1152 = ORIENTED_EDGE('',*,*,#263,.F.);
#1153 = SPHERICAL_SURFACE('',#1154,1.);
#1154 = AXIS2_PLACEMENT_3D('',#1155,#1156,#1157);
#1155 = CARTESIAN_POINT('',(-13.,-19.,1.));
#1156 = DIRECTION('',(0.,1.,0.));
#1157 = DIRECTION('',(0.,0.,-1.));
#1158 = ADVANCED_FACE('',(#1159),#1178,.F.);
#1159 = FACE_BOUND('',#1160,.T.);
#1160 = EDGE_LOOP('',(#1161,#1162,#1163,#1171));
#1161 = ORIENTED_EDGE('',*,*,#1106,.F.);
#1162 = ORIENTED_EDGE('',*,*,#295,.T.);
#1163 = ORIENTED_EDGE('',*,*,#1164,.T.);
#1164 = EDGE_CURVE('',#288,#1165,#1167,.T.);
#1165 = VERTEX_POINT('',#1166);
#1166 = CARTESIAN_POINT('',(-13.,20.,22.));
#1167 = LINE('',#1168,#1169);
#1168 = CARTESIAN_POINT('',(-13.,20.,0.));
#1169 = VECTOR('',#1170,1.);
#1170 = DIRECTION('',(0.,0.,1.));
#1171 = ORIENTED_EDGE('',*,*,#1172,.F.);
#1172 = EDGE_CURVE('',#1107,#1165,#1173,.T.);
#1173 = CIRCLE('',#1174,1.);
#1174 = AXIS2_PLACEMENT_3D('',#1175,#1176,#1177);
#1175 = CARTESIAN_POINT('',(-13.,19.,22.));
#1176 = DIRECTION('',(-0.,-0.,-1.));
#1177 = DIRECTION('',(0.,-1.,0.));
#1178 = CYLINDRICAL_SURFACE('',#1179,1.);
#1179 = AXIS2_PLACEMENT_3D('',#1180,#1181,#1182);
#1180 = CARTESIAN_POINT('',(-13.,19.,0.));
#1181 = DIRECTION('',(0.,0.,1.));
#1182 = DIRECTION('',(-1.,0.,0.));
#1183 = ADVANCED_FACE('',(#1184),#1259,.T.);
#1184 = FACE_BOUND('',#1185,.T.);
#1185 = EDGE_LOOP('',(#1186,#1187,#1195,#1203,#1211,#1219,#1227,#1235,
    #1243,#1249,#1250,#1251,#1252,#1258));
#1186 = ORIENTED_EDGE('',*,*,#700,.F.);
#1187 = ORIENTED_EDGE('',*,*,#1188,.T.);
#1188 = EDGE_CURVE('',#659,#1189,#1191,.T.);
#1189 = VERTEX_POINT('',#1190);
#1190 = CARTESIAN_POINT('',(13.,20.,22.));
#1191 = LINE('',#1192,#1193);
#1192 = CARTESIAN_POINT('',(13.,20.,0.));
#1193 = VECTOR('',#1194,1.);
#1194 = DIRECTION('',(0.,0.,1.));
#1195 = ORIENTED_EDGE('',*,*,#1196,.T.);
#1196 = EDGE_CURVE('',#1189,#1197,#1199,.T.);
#1197 = VERTEX_POINT('',#1198);
#1198 = CARTESIAN_POINT('',(5.,20.,22.));
#1199 = LINE('',#1200,#1201);
#1200 = CARTESIAN_POINT('',(14.,20.,22.));
#1201 = VECTOR('',#1202,1.);
#1202 = DIRECTION('',(-1.,0.,0.));
#1203 = ORIENTED_EDGE('',*,*,#1204,.F.);
#1204 = EDGE_CURVE('',#1205,#1197,#1207,.T.);
#1205 = VERTEX_POINT('',#1206);
#1206 = CARTESIAN_POINT('',(5.,20.,18.));
#1207 = LINE('',#1208,#1209);
#1208 = CARTESIAN_POINT('',(5.,20.,18.));
#1209 = VECTOR('',#1210,1.);
#1210 = DIRECTION('',(0.,2.22044604925E-16,1.));
#1211 = ORIENTED_EDGE('',*,*,#1212,.F.);
#1212 = EDGE_CURVE('',#1213,#1205,#1215,.T.);
#1213 = VERTEX_POINT('',#1214);
#1214 = CARTESIAN_POINT('',(2.75,20.,17.999999999999));
#1215 = LINE('',#1216,#1217);
#1216 = CARTESIAN_POINT('',(-5.,20.,18.));
#1217 = VECTOR('',#1218,1.);
#1218 = DIRECTION('',(1.,0.,0.));
#1219 = ORIENTED_EDGE('',*,*,#1220,.F.);
#1220 = EDGE_CURVE('',#1221,#1213,#1223,.T.);
#1221 = VERTEX_POINT('',#1222);
#1222 = CARTESIAN_POINT('',(-2.75,20.,17.999999999999));
#1223 = LINE('',#1224,#1225);
#1224 = CARTESIAN_POINT('',(-5.,20.,18.));
#1225 = VECTOR('',#1226,1.);
#1226 = DIRECTION('',(1.,0.,0.));
#1227 = ORIENTED_EDGE('',*,*,#1228,.F.);
#1228 = EDGE_CURVE('',#1229,#1221,#1231,.T.);
#1229 = VERTEX_POINT('',#1230);
#1230 = CARTESIAN_POINT('',(-5.,20.,18.));
#1231 = LINE('',#1232,#1233);
#1232 = CARTESIAN_POINT('',(-5.,20.,18.));
#1233 = VECTOR('',#1234,1.);
#1234 = DIRECTION('',(1.,0.,0.));
#1235 = ORIENTED_EDGE('',*,*,#1236,.F.);
#1236 = EDGE_CURVE('',#1237,#1229,#1239,.T.);
#1237 = VERTEX_POINT('',#1238);
#1238 = CARTESIAN_POINT('',(-5.,20.,22.));
#1239 = LINE('',#1240,#1241);
#1240 = CARTESIAN_POINT('',(-5.,20.,22.));
#1241 = VECTOR('',#1242,1.);
#1242 = DIRECTION('',(0.,-2.22044604925E-16,-1.));
#1243 = ORIENTED_EDGE('',*,*,#1244,.T.);
#1244 = EDGE_CURVE('',#1237,#1165,#1245,.T.);
#1245 = LINE('',#1246,#1247);
#1246 = CARTESIAN_POINT('',(14.,20.,22.));
#1247 = VECTOR('',#1248,1.);
#1248 = DIRECTION('',(-1.,0.,0.));
#1249 = ORIENTED_EDGE('',*,*,#1164,.F.);
#1250 = ORIENTED_EDGE('',*,*,#287,.F.);
#1251 = ORIENTED_EDGE('',*,*,#535,.T.);
#1252 = ORIENTED_EDGE('',*,*,#1253,.F.);
#1253 = EDGE_CURVE('',#618,#528,#1254,.T.);
#1254 = LINE('',#1255,#1256);
#1255 = CARTESIAN_POINT('',(7.889583456203,20.,7.));
#1256 = VECTOR('',#1257,1.);
#1257 = DIRECTION('',(-1.,0.,0.));
#1258 = ORIENTED_EDGE('',*,*,#617,.T.);
#1259 = PLANE('',#1260);
#1260 = AXIS2_PLACEMENT_3D('',#1261,#1262,#1263);
#1261 = CARTESIAN_POINT('',(14.,20.,0.));
#1262 = DIRECTION('',(0.,-1.,0.));
#1263 = DIRECTION('',(-1.,0.,0.));
#1264 = ADVANCED_FACE('',(#1265,#1268),#1279,.T.);
#1265 = FACE_BOUND('',#1266,.T.);
#1266 = EDGE_LOOP('',(#1267));
#1267 = ORIENTED_EDGE('',*,*,#492,.T.);
#1268 = FACE_BOUND('',#1269,.T.);
#1269 = EDGE_LOOP('',(#1270));
#1270 = ORIENTED_EDGE('',*,*,#1271,.F.);
#1271 = EDGE_CURVE('',#1272,#1272,#1274,.T.);
#1272 = VERTEX_POINT('',#1273);
#1273 = CARTESIAN_POINT('',(-8.95,17.,6.));
#1274 = CIRCLE('',#1275,1.55);
#1275 = AXIS2_PLACEMENT_3D('',#1276,#1277,#1278);
#1276 = CARTESIAN_POINT('',(-10.5,17.,6.));
#1277 = DIRECTION('',(0.,0.,1.));
#1278 = DIRECTION('',(1.,0.,0.));
#1279 = PLANE('',#1280);
#1280 = AXIS2_PLACEMENT_3D('',#1281,#1282,#1283);
#1281 = CARTESIAN_POINT('',(5.469760530158E-16,4.5,6.));
#1282 = DIRECTION('',(0.,0.,1.));
#1283 = DIRECTION('',(1.,0.,0.));
#1284 = ADVANCED_FACE('',(#1285),#1406,.T.);
#1285 = FACE_BOUND('',#1286,.T.);
#1286 = EDGE_LOOP('',(#1287,#1300,#1306,#1307,#1315,#1336,#1344,#1353,
    #1374,#1387));
#1287 = ORIENTED_EDGE('',*,*,#1288,.T.);
#1288 = EDGE_CURVE('',#1289,#1291,#1293,.T.);
#1289 = VERTEX_POINT('',#1290);
#1290 = CARTESIAN_POINT('',(-14.,21.291287847478,4.2427434252));
#1291 = VERTEX_POINT('',#1292);
#1292 = CARTESIAN_POINT('',(-13.,21.5,6.));
#1293 = B_SPLINE_CURVE_WITH_KNOTS('',5,(#1294,#1295,#1296,#1297,#1298,
    #1299),.UNSPECIFIED.,.F.,.F.,(6,6),(0.,1.),
  .PIECEWISE_BEZIER_KNOTS.);
#1294 = CARTESIAN_POINT('',(-14.00011672854,21.291236899426,
    4.242531985127));
#1295 = CARTESIAN_POINT('',(-13.80627940167,21.375846200744,
    4.593647633881));
#1296 = CARTESIAN_POINT('',(-13.60749038064,21.438213326499,
    4.945238401742));
#1297 = CARTESIAN_POINT('',(-13.40594470236,21.47939144828,
    5.296791194816));
#1298 = CARTESIAN_POINT('',(-13.20301902477,21.500000043973,
    5.648313845012));
#1299 = CARTESIAN_POINT('',(-13.,21.5,6.));
#1300 = ORIENTED_EDGE('',*,*,#1301,.T.);
#1301 = EDGE_CURVE('',#1291,#509,#1302,.T.);
#1302 = LINE('',#1303,#1304);
#1303 = CARTESIAN_POINT('',(-15.5,21.5,6.));
#1304 = VECTOR('',#1305,1.);
#1305 = DIRECTION('',(1.,0.,0.));
#1306 = ORIENTED_EDGE('',*,*,#508,.T.);
#1307 = ORIENTED_EDGE('',*,*,#1308,.F.);
#1308 = EDGE_CURVE('',#1309,#511,#1311,.T.);
#1309 = VERTEX_POINT('',#1310);
#1310 = CARTESIAN_POINT('',(-13.,14.,-1.5));
#1311 = LINE('',#1312,#1313);
#1312 = CARTESIAN_POINT('',(-15.5,14.,-1.5));
#1313 = VECTOR('',#1314,1.);
#1314 = DIRECTION('',(1.,0.,0.));
#1315 = ORIENTED_EDGE('',*,*,#1316,.F.);
#1316 = EDGE_CURVE('',#1317,#1309,#1319,.T.);
#1317 = VERTEX_POINT('',#1318);
#1318 = CARTESIAN_POINT('',(-13.09951831162,14.17239355046,
    -1.498018435811));
#1319 = B_SPLINE_CURVE_WITH_KNOTS('',8,(#1320,#1321,#1322,#1323,#1324,
    #1325,#1326,#1327,#1328,#1329,#1330,#1331,#1332,#1333,#1334,#1335),
  .UNSPECIFIED.,.F.,.F.,(9,7,9),(0.,0.186035485181,1.),.UNSPECIFIED.);
#1320 = CARTESIAN_POINT('',(-15.42936798168,19.000122533516,
    0.409939655976));
#1321 = CARTESIAN_POINT('',(-15.4054104509,18.889848114437,
    0.311302866072));
#1322 = CARTESIAN_POINT('',(-15.3774825488,18.778605271823,
    0.216275095165));
#1323 = CARTESIAN_POINT('',(-15.34600829575,18.666568463359,
    0.124833987603));
#1324 = CARTESIAN_POINT('',(-15.31135927423,18.55388476387,
    3.692743624784E-02));
#1325 = CARTESIAN_POINT('',(-15.27385905921,18.440672362628,
    -4.751887325656E-02));
#1326 = CARTESIAN_POINT('',(-15.23378697194,18.327019618297,
    -0.128594984188));
#1327 = CARTESIAN_POINT('',(-15.19138115752,18.212984671521,
    -0.206401256439));
#1328 = CARTESIAN_POINT('',(-14.95196354496,17.598107051451,
    -0.60762989126));
#1329 = CARTESIAN_POINT('',(-14.7141174932,17.085417630531,
    -0.877192222802));
#1330 = CARTESIAN_POINT('',(-14.45087812344,16.56886333394,
    -1.092270141155));
#1331 = CARTESIAN_POINT('',(-14.17279976114,16.053428000377,
    -1.257924669387));
#1332 = CARTESIAN_POINT('',(-13.88635623686,15.540856000057,
    -1.378950922492));
#1333 = CARTESIAN_POINT('',(-13.59479450118,15.030219077851,
    -1.459072336291));
#1334 = CARTESIAN_POINT('',(-13.2992214863,14.518265997752,
    -1.499999695857));
#1335 = CARTESIAN_POINT('',(-13.,14.,-1.5));
#1336 = ORIENTED_EDGE('',*,*,#1337,.T.);
#1337 = EDGE_CURVE('',#1317,#1338,#1340,.T.);
#1338 = VERTEX_POINT('',#1339);
#1339 = CARTESIAN_POINT('',(-14.,14.17239355046,-1.498018435811));
#1340 = LINE('',#1341,#1342);
#1341 = CARTESIAN_POINT('',(-15.5,14.17239355046,-1.498018435811));
#1342 = VECTOR('',#1343,1.);
#1343 = DIRECTION('',(-1.,0.,0.));
#1344 = ORIENTED_EDGE('',*,*,#1345,.F.);
#1345 = EDGE_CURVE('',#1346,#1338,#1348,.T.);
#1346 = VERTEX_POINT('',#1347);
#1347 = CARTESIAN_POINT('',(-14.,15.757020638815,-1.291287847478));
#1348 = CIRCLE('',#1349,7.5);
#1349 = AXIS2_PLACEMENT_3D('',#1350,#1351,#1352);
#1350 = CARTESIAN_POINT('',(-14.,14.,6.));
#1351 = DIRECTION('',(-1.,0.,0.));
#1352 = DIRECTION('',(0.,-1.,0.));
#1353 = ORIENTED_EDGE('',*,*,#1354,.F.);
#1354 = EDGE_CURVE('',#1355,#1346,#1357,.T.);
#1355 = VERTEX_POINT('',#1356);
#1356 = CARTESIAN_POINT('',(-15.42934135878,19.,0.409830056251));
#1357 = B_SPLINE_CURVE_WITH_KNOTS('',8,(#1358,#1359,#1360,#1361,#1362,
    #1363,#1364,#1365,#1366,#1367,#1368,#1369,#1370,#1371,#1372,#1373),
  .UNSPECIFIED.,.F.,.F.,(9,7,9),(0.,0.186035485181,1.),.UNSPECIFIED.);
#1358 = CARTESIAN_POINT('',(-15.42936798168,19.000122533516,
    0.409939655976));
#1359 = CARTESIAN_POINT('',(-15.4054104509,18.889848114437,
    0.311302866072));
#1360 = CARTESIAN_POINT('',(-15.3774825488,18.778605271823,
    0.216275095165));
#1361 = CARTESIAN_POINT('',(-15.34600829575,18.666568463359,
    0.124833987603));
#1362 = CARTESIAN_POINT('',(-15.31135927423,18.55388476387,
    3.692743624784E-02));
#1363 = CARTESIAN_POINT('',(-15.27385905921,18.440672362628,
    -4.751887325656E-02));
#1364 = CARTESIAN_POINT('',(-15.23378697194,18.327019618297,
    -0.128594984188));
#1365 = CARTESIAN_POINT('',(-15.19138115752,18.212984671521,
    -0.206401256439));
#1366 = CARTESIAN_POINT('',(-14.95196354496,17.598107051451,
    -0.60762989126));
#1367 = CARTESIAN_POINT('',(-14.7141174932,17.085417630531,
    -0.877192222802));
#1368 = CARTESIAN_POINT('',(-14.45087812344,16.56886333394,
    -1.092270141155));
#1369 = CARTESIAN_POINT('',(-14.17279976114,16.053428000377,
    -1.257924669387));
#1370 = CARTESIAN_POINT('',(-13.88635623686,15.540856000057,
    -1.378950922492));
#1371 = CARTESIAN_POINT('',(-13.59479450118,15.030219077851,
    -1.459072336291));
#1372 = CARTESIAN_POINT('',(-13.2992214863,14.518265997752,
    -1.499999695857));
#1373 = CARTESIAN_POINT('',(-13.,14.,-1.5));
#1374 = ORIENTED_EDGE('',*,*,#1375,.T.);
#1375 = EDGE_CURVE('',#1355,#1376,#1378,.T.);
#1376 = VERTEX_POINT('',#1377);
#1377 = CARTESIAN_POINT('',(-15.42934135878,19.590169943749,1.));
#1378 = B_SPLINE_CURVE_WITH_KNOTS('',4,(#1379,#1380,#1381,#1382,#1383,
    #1384,#1385,#1386),.UNSPECIFIED.,.F.,.F.,(5,3,5),(0.,0.499810211016,
    1.),.UNSPECIFIED.);
#1379 = CARTESIAN_POINT('',(-15.42934135878,19.,0.409830056251));
#1380 = CARTESIAN_POINT('',(-15.4460947748,19.0771027442,0.478792847164)
  );
#1381 = CARTESIAN_POINT('',(-15.45731088524,19.153606180739,
    0.549771754006));
#1382 = CARTESIAN_POINT('',(-15.46292218773,19.229087552512,
    0.62248898223));
#1383 = CARTESIAN_POINT('',(-15.46293496245,19.377345340539,
    0.770740477613));
#1384 = CARTESIAN_POINT('',(-15.4573279182,19.450120435044,
    0.846277618385));
#1385 = CARTESIAN_POINT('',(-15.44610749808,19.521154779469,
    0.922838700595));
#1386 = CARTESIAN_POINT('',(-15.42934135878,19.590169943749,1.));
#1387 = ORIENTED_EDGE('',*,*,#1388,.T.);
#1388 = EDGE_CURVE('',#1376,#1289,#1389,.T.);
#1389 = B_SPLINE_CURVE_WITH_KNOTS('',8,(#1390,#1391,#1392,#1393,#1394,
    #1395,#1396,#1397,#1398,#1399,#1400,#1401,#1402,#1403,#1404,#1405),
  .UNSPECIFIED.,.F.,.F.,(9,7,9),(0.,0.186035485187,1.),.UNSPECIFIED.);
#1390 = CARTESIAN_POINT('',(-15.42936798168,19.590060344024,
    0.999877466484));
#1391 = CARTESIAN_POINT('',(-15.4054104509,19.688697133929,
    1.110151885563));
#1392 = CARTESIAN_POINT('',(-15.3774825488,19.783724904835,
    1.221394728177));
#1393 = CARTESIAN_POINT('',(-15.34600829575,19.875166012397,
    1.333431536641));
#1394 = CARTESIAN_POINT('',(-15.31135927423,19.963072563752,
    1.44611523613));
#1395 = CARTESIAN_POINT('',(-15.27385905921,20.047518873257,
    1.559327637372));
#1396 = CARTESIAN_POINT('',(-15.23378697194,20.128594984188,
    1.672980381703));
#1397 = CARTESIAN_POINT('',(-15.19138115752,20.206401256439,
    1.787015328479));
#1398 = CARTESIAN_POINT('',(-14.95196354497,20.607629891247,
    2.401892948529));
#1399 = CARTESIAN_POINT('',(-14.7141174932,20.877192222817,
    2.914582369485));
#1400 = CARTESIAN_POINT('',(-14.45087812343,21.092270141157,
    3.431136666074));
#1401 = CARTESIAN_POINT('',(-14.17279976114,21.257924669378,
    3.946571999619));
#1402 = CARTESIAN_POINT('',(-13.88635623687,21.378950922494,
    4.459143999922));
#1403 = CARTESIAN_POINT('',(-13.59479450118,21.459072336291,
    4.969780922155));
#1404 = CARTESIAN_POINT('',(-13.29922148629,21.499999695857,
    5.481734002256));
#1405 = CARTESIAN_POINT('',(-13.,21.5,6.));
#1406 = CYLINDRICAL_SURFACE('',#1407,7.5);
#1407 = AXIS2_PLACEMENT_3D('',#1408,#1409,#1410);
#1408 = CARTESIAN_POINT('',(-15.5,14.,6.));
#1409 = DIRECTION('',(-1.,0.,0.));
#1410 = DIRECTION('',(0.,-1.,0.));
#1411 = ADVANCED_FACE('',(#1412,#1448),#1451,.F.);
#1412 = FACE_BOUND('',#1413,.F.);
#1413 = EDGE_LOOP('',(#1414,#1422,#1430,#1438,#1444,#1445,#1446,#1447));
#1414 = ORIENTED_EDGE('',*,*,#1415,.T.);
#1415 = EDGE_CURVE('',#1309,#1416,#1418,.T.);
#1416 = VERTEX_POINT('',#1417);
#1417 = CARTESIAN_POINT('',(-13.,-19.,-1.5));
#1418 = LINE('',#1419,#1420);
#1419 = CARTESIAN_POINT('',(-13.,20.,-1.5));
#1420 = VECTOR('',#1421,1.);
#1421 = DIRECTION('',(0.,-1.,0.));
#1422 = ORIENTED_EDGE('',*,*,#1423,.T.);
#1423 = EDGE_CURVE('',#1416,#1424,#1426,.T.);
#1424 = VERTEX_POINT('',#1425);
#1425 = CARTESIAN_POINT('',(13.,-19.,-1.5));
#1426 = LINE('',#1427,#1428);
#1427 = CARTESIAN_POINT('',(-14.,-19.,-1.5));
#1428 = VECTOR('',#1429,1.);
#1429 = DIRECTION('',(1.,0.,0.));
#1430 = ORIENTED_EDGE('',*,*,#1431,.T.);
#1431 = EDGE_CURVE('',#1424,#1432,#1434,.T.);
#1432 = VERTEX_POINT('',#1433);
#1433 = CARTESIAN_POINT('',(13.,14.,-1.5));
#1434 = LINE('',#1435,#1436);
#1435 = CARTESIAN_POINT('',(13.,-20.,-1.5));
#1436 = VECTOR('',#1437,1.);
#1437 = DIRECTION('',(0.,1.,0.));
#1438 = ORIENTED_EDGE('',*,*,#1439,.F.);
#1439 = EDGE_CURVE('',#592,#1432,#1440,.T.);
#1440 = LINE('',#1441,#1442);
#1441 = CARTESIAN_POINT('',(-15.5,14.,-1.5));
#1442 = VECTOR('',#1443,1.);
#1443 = DIRECTION('',(1.,0.,0.));
#1444 = ORIENTED_EDGE('',*,*,#600,.T.);
#1445 = ORIENTED_EDGE('',*,*,#565,.T.);
#1446 = ORIENTED_EDGE('',*,*,#551,.T.);
#1447 = ORIENTED_EDGE('',*,*,#1308,.F.);
#1448 = FACE_BOUND('',#1449,.F.);
#1449 = EDGE_LOOP('',(#1450));
#1450 = ORIENTED_EDGE('',*,*,#1013,.T.);
#1451 = PLANE('',#1452);
#1452 = AXIS2_PLACEMENT_3D('',#1453,#1454,#1455);
#1453 = CARTESIAN_POINT('',(0.,0.,-1.5));
#1454 = DIRECTION('',(0.,0.,1.));
#1455 = DIRECTION('',(1.,0.,0.));
#1456 = ADVANCED_FACE('',(#1457),#1468,.F.);
#1457 = FACE_BOUND('',#1458,.F.);
#1458 = EDGE_LOOP('',(#1459,#1465,#1466,#1467));
#1459 = ORIENTED_EDGE('',*,*,#1460,.T.);
#1460 = EDGE_CURVE('',#626,#520,#1461,.T.);
#1461 = LINE('',#1462,#1463);
#1462 = CARTESIAN_POINT('',(7.889583456203,21.5,7.));
#1463 = VECTOR('',#1464,1.);
#1464 = DIRECTION('',(-1.,0.,0.));
#1465 = ORIENTED_EDGE('',*,*,#527,.T.);
#1466 = ORIENTED_EDGE('',*,*,#1253,.F.);
#1467 = ORIENTED_EDGE('',*,*,#625,.T.);
#1468 = PLANE('',#1469);
#1469 = AXIS2_PLACEMENT_3D('',#1470,#1471,#1472);
#1470 = CARTESIAN_POINT('',(1.779166912406,13.452586168315,7.));
#1471 = DIRECTION('',(0.,0.,1.));
#1472 = DIRECTION('',(1.,0.,0.));
#1473 = ADVANCED_FACE('',(#1474),#1510,.F.);
#1474 = FACE_BOUND('',#1475,.F.);
#1475 = EDGE_LOOP('',(#1476,#1484,#1492,#1500,#1506,#1507,#1508,#1509));
#1476 = ORIENTED_EDGE('',*,*,#1477,.T.);
#1477 = EDGE_CURVE('',#590,#1478,#1480,.T.);
#1478 = VERTEX_POINT('',#1479);
#1479 = CARTESIAN_POINT('',(13.,21.5,6.));
#1480 = LINE('',#1481,#1482);
#1481 = CARTESIAN_POINT('',(-15.5,21.5,6.));
#1482 = VECTOR('',#1483,1.);
#1483 = DIRECTION('',(1.,0.,0.));
#1484 = ORIENTED_EDGE('',*,*,#1485,.T.);
#1485 = EDGE_CURVE('',#1478,#1486,#1488,.T.);
#1486 = VERTEX_POINT('',#1487);
#1487 = CARTESIAN_POINT('',(13.,21.5,22.));
#1488 = LINE('',#1489,#1490);
#1489 = CARTESIAN_POINT('',(13.,21.5,0.));
#1490 = VECTOR('',#1491,1.);
#1491 = DIRECTION('',(0.,0.,1.));
#1492 = ORIENTED_EDGE('',*,*,#1493,.T.);
#1493 = EDGE_CURVE('',#1486,#1494,#1496,.T.);
#1494 = VERTEX_POINT('',#1495);
#1495 = CARTESIAN_POINT('',(-13.,21.5,22.));
#1496 = LINE('',#1497,#1498);
#1497 = CARTESIAN_POINT('',(14.,21.5,22.));
#1498 = VECTOR('',#1499,1.);
#1499 = DIRECTION('',(-1.,0.,0.));
#1500 = ORIENTED_EDGE('',*,*,#1501,.F.);
#1501 = EDGE_CURVE('',#1291,#1494,#1502,.T.);
#1502 = LINE('',#1503,#1504);
#1503 = CARTESIAN_POINT('',(-13.,21.5,0.));
#1504 = VECTOR('',#1505,1.);
#1505 = DIRECTION('',(0.,0.,1.));
#1506 = ORIENTED_EDGE('',*,*,#1301,.T.);
#1507 = ORIENTED_EDGE('',*,*,#519,.T.);
#1508 = ORIENTED_EDGE('',*,*,#1460,.F.);
#1509 = ORIENTED_EDGE('',*,*,#633,.T.);
#1510 = PLANE('',#1511);
#1511 = AXIS2_PLACEMENT_3D('',#1512,#1513,#1514);
#1512 = CARTESIAN_POINT('',(14.,21.5,0.));
#1513 = DIRECTION('',(0.,-1.,0.));
#1514 = DIRECTION('',(-1.,0.,0.));
#1515 = ADVANCED_FACE('',(#1516),#1627,.T.);
#1516 = FACE_BOUND('',#1517,.T.);
#1517 = EDGE_LOOP('',(#1518,#1519,#1520,#1535,#1556,#1569,#1590,#1599,
    #1607,#1626));
#1518 = ORIENTED_EDGE('',*,*,#589,.F.);
#1519 = ORIENTED_EDGE('',*,*,#1477,.T.);
#1520 = ORIENTED_EDGE('',*,*,#1521,.F.);
#1521 = EDGE_CURVE('',#1522,#1478,#1524,.T.);
#1522 = VERTEX_POINT('',#1523);
#1523 = CARTESIAN_POINT('',(14.,21.291287847478,4.2427434252));
#1524 = B_SPLINE_CURVE_WITH_KNOTS('',5,(#1525,#1526,#1527,#1528,#1529,
    #1530,#1531,#1532,#1533,#1534),.UNSPECIFIED.,.F.,.F.,(6,4,6),(0.,
    0.877564978212,1.),.UNSPECIFIED.);
#1525 = CARTESIAN_POINT('',(14.000116728541,21.291236899426,
    4.242531985127));
#1526 = CARTESIAN_POINT('',(13.83000210882,21.365491323748,4.55067647944
    ));
#1527 = CARTESIAN_POINT('',(13.656096224217,21.422604781106,
    4.859146034408));
#1528 = CARTESIAN_POINT('',(13.479863945899,21.463307311994,
    5.167631267831));
#1529 = CARTESIAN_POINT('',(13.302285160005,21.488051313211,
    5.476122228024));
#1530 = CARTESIAN_POINT('',(13.099409029654,21.49814658409,
    5.827777976237));
#1531 = CARTESIAN_POINT('',(13.07456200202,21.499073352648,
    5.870833267081));
#1532 = CARTESIAN_POINT('',(13.049709752958,21.499691117575,
    5.913888782728));
#1533 = CARTESIAN_POINT('',(13.02485489296,21.500000000068,
    5.956944408123));
#1534 = CARTESIAN_POINT('',(12.999999980244,21.5,6.));
#1535 = ORIENTED_EDGE('',*,*,#1536,.F.);
#1536 = EDGE_CURVE('',#1537,#1522,#1539,.T.);
#1537 = VERTEX_POINT('',#1538);
#1538 = CARTESIAN_POINT('',(15.429341358783,19.590169943749,1.));
#1539 = B_SPLINE_CURVE_WITH_KNOTS('',8,(#1540,#1541,#1542,#1543,#1544,
    #1545,#1546,#1547,#1548,#1549,#1550,#1551,#1552,#1553,#1554,#1555),
  .UNSPECIFIED.,.F.,.F.,(9,7,9),(0.,0.18603549748,1.),.UNSPECIFIED.);
#1540 = CARTESIAN_POINT('',(15.42936798168,19.590060344024,
    0.999877466484));
#1541 = CARTESIAN_POINT('',(15.405410450672,19.688697134888,
    1.110151886636));
#1542 = CARTESIAN_POINT('',(15.377482548264,19.783724906685,
    1.221394730342));
#1543 = CARTESIAN_POINT('',(15.346008294833,19.875166015066,
    1.333431539912));
#1544 = CARTESIAN_POINT('',(15.311359272889,19.963072567174,
    1.446115240517));
#1545 = CARTESIAN_POINT('',(15.273859057385,20.047518877366,
    1.559327642882));
#1546 = CARTESIAN_POINT('',(15.233786969609,20.128594988923,
    1.67298038834));
#1547 = CARTESIAN_POINT('',(15.191381154632,20.206401261739,
    1.787015336247));
#1548 = CARTESIAN_POINT('',(14.951963554794,20.607629872775,
    2.401892921772));
#1549 = CARTESIAN_POINT('',(14.714117469866,20.877192262452,
    2.914582415309));
#1550 = CARTESIAN_POINT('',(14.450878136923,21.092270123996,
    3.43113669744));
#1551 = CARTESIAN_POINT('',(14.172799704499,21.257924685428,
    3.94657196309));
#1552 = CARTESIAN_POINT('',(13.886356305661,21.378950905985,
    4.459144050937));
#1553 = CARTESIAN_POINT('',(13.594794469418,21.459072344422,
    4.969780845333));
#1554 = CARTESIAN_POINT('',(13.299221484692,21.499999696083,
    5.481734068114));
#1555 = CARTESIAN_POINT('',(12.999999990122,21.5,6.));
#1556 = ORIENTED_EDGE('',*,*,#1557,.T.);
#1557 = EDGE_CURVE('',#1537,#1558,#1560,.T.);
#1558 = VERTEX_POINT('',#1559);
#1559 = CARTESIAN_POINT('',(15.429341358783,19.,0.409830056251));
#1560 = B_SPLINE_CURVE_WITH_KNOTS('',4,(#1561,#1562,#1563,#1564,#1565,
    #1566,#1567,#1568),.UNSPECIFIED.,.F.,.F.,(5,3,5),(0.,0.499817358967,
    1.),.UNSPECIFIED.);
#1561 = CARTESIAN_POINT('',(15.429341358783,19.590169943749,1.));
#1562 = CARTESIAN_POINT('',(15.446095014424,19.521206166469,
    0.922896153008));
#1563 = CARTESIAN_POINT('',(15.457311206066,19.450226215673,
    0.846391630914));
#1564 = CARTESIAN_POINT('',(15.462922428485,19.377507897826,
    0.770909208956));
#1565 = CARTESIAN_POINT('',(15.462934722071,19.229256284007,
    0.622651539493));
#1566 = CARTESIAN_POINT('',(15.457327597522,19.15372019352,
    0.549877534821));
#1567 = CARTESIAN_POINT('',(15.446107258493,19.077160196776,
    0.47884423431));
#1568 = CARTESIAN_POINT('',(15.429341358783,19.,0.409830056251));
#1569 = ORIENTED_EDGE('',*,*,#1570,.T.);
#1570 = EDGE_CURVE('',#1558,#1571,#1573,.T.);
#1571 = VERTEX_POINT('',#1572);
#1572 = CARTESIAN_POINT('',(14.,15.757020638815,-1.291287847478));
#1573 = B_SPLINE_CURVE_WITH_KNOTS('',8,(#1574,#1575,#1576,#1577,#1578,
    #1579,#1580,#1581,#1582,#1583,#1584,#1585,#1586,#1587,#1588,#1589),
  .UNSPECIFIED.,.F.,.F.,(9,7,9),(0.,0.186035485179,1.),.UNSPECIFIED.);
#1574 = CARTESIAN_POINT('',(15.42936798168,19.000122533516,
    0.409939655976));
#1575 = CARTESIAN_POINT('',(15.405410450905,18.889848114437,
    0.311302866071));
#1576 = CARTESIAN_POINT('',(15.377482548807,18.778605271822,
    0.216275095164));
#1577 = CARTESIAN_POINT('',(15.346008295752,18.666568463359,
    0.124833987603));
#1578 = CARTESIAN_POINT('',(15.311359274238,18.55388476387,
    3.692743624794E-02));
#1579 = CARTESIAN_POINT('',(15.27385905921,18.440672362628,
    -4.751887325651E-02));
#1580 = CARTESIAN_POINT('',(15.233786971949,18.327019618297,
    -0.128594984188));
#1581 = CARTESIAN_POINT('',(15.191381157521,18.212984671521,
    -0.206401256439));
#1582 = CARTESIAN_POINT('',(14.951963544961,17.598107051446,
    -0.607629891264));
#1583 = CARTESIAN_POINT('',(14.714117493206,17.085417630535,
    -0.877192222798));
#1584 = CARTESIAN_POINT('',(14.450878123451,16.568863333945,
    -1.092270141154));
#1585 = CARTESIAN_POINT('',(14.172799761144,16.053428000378,
    -1.257924669388));
#1586 = CARTESIAN_POINT('',(13.88635623686,15.540856000048,
    -1.378950922493));
#1587 = CARTESIAN_POINT('',(13.594794501183,15.030219077852,
    -1.45907233629));
#1588 = CARTESIAN_POINT('',(13.299221486305,14.518265997755,
    -1.499999695857));
#1589 = CARTESIAN_POINT('',(13.,14.,-1.5));
#1590 = ORIENTED_EDGE('',*,*,#1591,.T.);
#1591 = EDGE_CURVE('',#1571,#1592,#1594,.T.);
#1592 = VERTEX_POINT('',#1593);
#1593 = CARTESIAN_POINT('',(14.,14.17239355046,-1.498018435811));
#1594 = CIRCLE('',#1595,7.5);
#1595 = AXIS2_PLACEMENT_3D('',#1596,#1597,#1598);
#1596 = CARTESIAN_POINT('',(14.,14.,6.));
#1597 = DIRECTION('',(-1.,0.,0.));
#1598 = DIRECTION('',(0.,-1.,0.));
#1599 = ORIENTED_EDGE('',*,*,#1600,.T.);
#1600 = EDGE_CURVE('',#1592,#1601,#1603,.T.);
#1601 = VERTEX_POINT('',#1602);
#1602 = CARTESIAN_POINT('',(13.099518311626,14.17239355046,
    -1.498018435811));
#1603 = LINE('',#1604,#1605);
#1604 = CARTESIAN_POINT('',(-15.5,14.17239355046,-1.498018435811));
#1605 = VECTOR('',#1606,1.);
#1606 = DIRECTION('',(-1.,0.,0.));
#1607 = ORIENTED_EDGE('',*,*,#1608,.T.);
#1608 = EDGE_CURVE('',#1601,#1432,#1609,.T.);
#1609 = B_SPLINE_CURVE_WITH_KNOTS('',8,(#1610,#1611,#1612,#1613,#1614,
    #1615,#1616,#1617,#1618,#1619,#1620,#1621,#1622,#1623,#1624,#1625),
  .UNSPECIFIED.,.F.,.F.,(9,7,9),(0.,0.186035485179,1.),.UNSPECIFIED.);
#1610 = CARTESIAN_POINT('',(15.42936798168,19.000122533516,
    0.409939655976));
#1611 = CARTESIAN_POINT('',(15.405410450905,18.889848114437,
    0.311302866071));
#1612 = CARTESIAN_POINT('',(15.377482548807,18.778605271822,
    0.216275095164));
#1613 = CARTESIAN_POINT('',(15.346008295752,18.666568463359,
    0.124833987603));
#1614 = CARTESIAN_POINT('',(15.311359274238,18.55388476387,
    3.692743624794E-02));
#1615 = CARTESIAN_POINT('',(15.27385905921,18.440672362628,
    -4.751887325651E-02));
#1616 = CARTESIAN_POINT('',(15.233786971949,18.327019618297,
    -0.128594984188));
#1617 = CARTESIAN_POINT('',(15.191381157521,18.212984671521,
    -0.206401256439));
#1618 = CARTESIAN_POINT('',(14.951963544961,17.598107051446,
    -0.607629891264));
#1619 = CARTESIAN_POINT('',(14.714117493206,17.085417630535,
    -0.877192222798));
#1620 = CARTESIAN_POINT('',(14.450878123451,16.568863333945,
    -1.092270141154));
#1621 = CARTESIAN_POINT('',(14.172799761144,16.053428000378,
    -1.257924669388));
#1622 = CARTESIAN_POINT('',(13.88635623686,15.540856000048,
    -1.378950922493));
#1623 = CARTESIAN_POINT('',(13.594794501183,15.030219077852,
    -1.45907233629));
#1624 = CARTESIAN_POINT('',(13.299221486305,14.518265997755,
    -1.499999695857));
#1625 = CARTESIAN_POINT('',(13.,14.,-1.5));
#1626 = ORIENTED_EDGE('',*,*,#1439,.F.);
#1627 = CYLINDRICAL_SURFACE('',#1628,7.5);
#1628 = AXIS2_PLACEMENT_3D('',#1629,#1630,#1631);
#1629 = CARTESIAN_POINT('',(-15.5,14.,6.));
#1630 = DIRECTION('',(-1.,0.,0.));
#1631 = DIRECTION('',(0.,-1.,0.));
#1632 = ADVANCED_FACE('',(#1633),#1659,.T.);
#1633 = FACE_BOUND('',#1634,.T.);
#1634 = EDGE_LOOP('',(#1635,#1643,#1651,#1657,#1658));
#1635 = ORIENTED_EDGE('',*,*,#1636,.T.);
#1636 = EDGE_CURVE('',#904,#1637,#1639,.T.);
#1637 = VERTEX_POINT('',#1638);
#1638 = CARTESIAN_POINT('',(14.,-19.,22.));
#1639 = LINE('',#1640,#1641);
#1640 = CARTESIAN_POINT('',(14.,-19.,0.));
#1641 = VECTOR('',#1642,1.);
#1642 = DIRECTION('',(0.,0.,1.));
#1643 = ORIENTED_EDGE('',*,*,#1644,.T.);
#1644 = EDGE_CURVE('',#1637,#1645,#1647,.T.);
#1645 = VERTEX_POINT('',#1646);
#1646 = CARTESIAN_POINT('',(14.,19.,22.));
#1647 = LINE('',#1648,#1649);
#1648 = CARTESIAN_POINT('',(14.,-20.,22.));
#1649 = VECTOR('',#1650,1.);
#1650 = DIRECTION('',(0.,1.,0.));
#1651 = ORIENTED_EDGE('',*,*,#1652,.F.);
#1652 = EDGE_CURVE('',#648,#1645,#1653,.T.);
#1653 = LINE('',#1654,#1655);
#1654 = CARTESIAN_POINT('',(14.,19.,0.));
#1655 = VECTOR('',#1656,1.);
#1656 = DIRECTION('',(0.,0.,1.));
#1657 = ORIENTED_EDGE('',*,*,#647,.T.);
#1658 = ORIENTED_EDGE('',*,*,#903,.F.);
#1659 = PLANE('',#1660);
#1660 = AXIS2_PLACEMENT_3D('',#1661,#1662,#1663);
#1661 = CARTESIAN_POINT('',(14.,-20.,0.));
#1662 = DIRECTION('',(-1.,0.,0.));
#1663 = DIRECTION('',(0.,1.,0.));
#1664 = ADVANCED_FACE('',(#1665),#1677,.F.);
#1665 = FACE_BOUND('',#1666,.F.);
#1666 = EDGE_LOOP('',(#1667,#1668,#1669,#1670));
#1667 = ORIENTED_EDGE('',*,*,#1652,.F.);
#1668 = ORIENTED_EDGE('',*,*,#658,.T.);
#1669 = ORIENTED_EDGE('',*,*,#1188,.T.);
#1670 = ORIENTED_EDGE('',*,*,#1671,.F.);
#1671 = EDGE_CURVE('',#1645,#1189,#1672,.T.);
#1672 = CIRCLE('',#1673,1.);
#1673 = AXIS2_PLACEMENT_3D('',#1674,#1675,#1676);
#1674 = CARTESIAN_POINT('',(13.,19.,22.));
#1675 = DIRECTION('',(-0.,0.,1.));
#1676 = DIRECTION('',(0.,-1.,0.));
#1677 = CYLINDRICAL_SURFACE('',#1678,1.);
#1678 = AXIS2_PLACEMENT_3D('',#1679,#1680,#1681);
#1679 = CARTESIAN_POINT('',(13.,19.,0.));
#1680 = DIRECTION('',(0.,0.,1.));
#1681 = DIRECTION('',(1.,0.,0.));
#1682 = ADVANCED_FACE('',(#1683,#1686),#1697,.T.);
#1683 = FACE_BOUND('',#1684,.T.);
#1684 = EDGE_LOOP('',(#1685));
#1685 = ORIENTED_EDGE('',*,*,#887,.T.);
#1686 = FACE_BOUND('',#1687,.T.);
#1687 = EDGE_LOOP('',(#1688));
#1688 = ORIENTED_EDGE('',*,*,#1689,.F.);
#1689 = EDGE_CURVE('',#1690,#1690,#1692,.T.);
#1690 = VERTEX_POINT('',#1691);
#1691 = CARTESIAN_POINT('',(12.05,17.,6.));
#1692 = CIRCLE('',#1693,1.55);
#1693 = AXIS2_PLACEMENT_3D('',#1694,#1695,#1696);
#1694 = CARTESIAN_POINT('',(10.5,17.,6.));
#1695 = DIRECTION('',(0.,0.,1.));
#1696 = DIRECTION('',(1.,0.,0.));
#1697 = PLANE('',#1698);
#1698 = AXIS2_PLACEMENT_3D('',#1699,#1700,#1701);
#1699 = CARTESIAN_POINT('',(5.469760530158E-16,4.5,6.));
#1700 = DIRECTION('',(0.,0.,1.));
#1701 = DIRECTION('',(1.,0.,0.));
#1702 = ADVANCED_FACE('',(#1703),#1714,.F.);
#1703 = FACE_BOUND('',#1704,.F.);
#1704 = EDGE_LOOP('',(#1705,#1706,#1713));
#1705 = ORIENTED_EDGE('',*,*,#911,.F.);
#1706 = ORIENTED_EDGE('',*,*,#1707,.T.);
#1707 = EDGE_CURVE('',#904,#940,#1708,.T.);
#1708 = CIRCLE('',#1709,1.);
#1709 = AXIS2_PLACEMENT_3D('',#1710,#1711,#1712);
#1710 = CARTESIAN_POINT('',(13.,-19.,1.));
#1711 = DIRECTION('',(0.,6.123233995737E-17,-1.));
#1712 = DIRECTION('',(0.,-1.,-6.123233995737E-17));
#1713 = ORIENTED_EDGE('',*,*,#939,.F.);
#1714 = SPHERICAL_SURFACE('',#1715,1.);
#1715 = AXIS2_PLACEMENT_3D('',#1716,#1717,#1718);
#1716 = CARTESIAN_POINT('',(13.,-19.,1.));
#1717 = DIRECTION('',(-1.,0.,0.));
#1718 = DIRECTION('',(0.,0.,-1.));
#1719 = ADVANCED_FACE('',(#1720),#1745,.T.);
#1720 = FACE_BOUND('',#1721,.T.);
#1721 = EDGE_LOOP('',(#1722,#1732,#1738,#1739));
#1722 = ORIENTED_EDGE('',*,*,#1723,.T.);
#1723 = EDGE_CURVE('',#1724,#1726,#1728,.T.);
#1724 = VERTEX_POINT('',#1725);
#1725 = CARTESIAN_POINT('',(-13.,-20.,22.));
#1726 = VERTEX_POINT('',#1727);
#1727 = CARTESIAN_POINT('',(13.,-20.,22.));
#1728 = LINE('',#1729,#1730);
#1729 = CARTESIAN_POINT('',(-14.,-20.,22.));
#1730 = VECTOR('',#1731,1.);
#1731 = DIRECTION('',(1.,0.,0.));
#1732 = ORIENTED_EDGE('',*,*,#1733,.F.);
#1733 = EDGE_CURVE('',#940,#1726,#1734,.T.);
#1734 = LINE('',#1735,#1736);
#1735 = CARTESIAN_POINT('',(13.,-20.,0.));
#1736 = VECTOR('',#1737,1.);
#1737 = DIRECTION('',(0.,0.,1.));
#1738 = ORIENTED_EDGE('',*,*,#948,.F.);
#1739 = ORIENTED_EDGE('',*,*,#1740,.T.);
#1740 = EDGE_CURVE('',#930,#1724,#1741,.T.);
#1741 = LINE('',#1742,#1743);
#1742 = CARTESIAN_POINT('',(-13.,-20.,0.));
#1743 = VECTOR('',#1744,1.);
#1744 = DIRECTION('',(0.,0.,1.));
#1745 = PLANE('',#1746);
#1746 = AXIS2_PLACEMENT_3D('',#1747,#1748,#1749);
#1747 = CARTESIAN_POINT('',(-14.,-20.,0.));
#1748 = DIRECTION('',(0.,1.,0.));
#1749 = DIRECTION('',(1.,0.,0.));
#1750 = ADVANCED_FACE('',(#1751,#1754),#1765,.T.);
#1751 = FACE_BOUND('',#1752,.T.);
#1752 = EDGE_LOOP('',(#1753));
#1753 = ORIENTED_EDGE('',*,*,#971,.T.);
#1754 = FACE_BOUND('',#1755,.T.);
#1755 = EDGE_LOOP('',(#1756));
#1756 = ORIENTED_EDGE('',*,*,#1757,.F.);
#1757 = EDGE_CURVE('',#1758,#1758,#1760,.T.);
#1758 = VERTEX_POINT('',#1759);
#1759 = CARTESIAN_POINT('',(-8.95,-8.,6.));
#1760 = CIRCLE('',#1761,1.55);
#1761 = AXIS2_PLACEMENT_3D('',#1762,#1763,#1764);
#1762 = CARTESIAN_POINT('',(-10.5,-8.,6.));
#1763 = DIRECTION('',(0.,0.,1.));
#1764 = DIRECTION('',(1.,0.,0.));
#1765 = PLANE('',#1766);
#1766 = AXIS2_PLACEMENT_3D('',#1767,#1768,#1769);
#1767 = CARTESIAN_POINT('',(5.469760530158E-16,4.5,6.));
#1768 = DIRECTION('',(0.,0.,1.));
#1769 = DIRECTION('',(1.,0.,0.));
#1770 = ADVANCED_FACE('',(#1771,#1774),#1785,.T.);
#1771 = FACE_BOUND('',#1772,.T.);
#1772 = EDGE_LOOP('',(#1773));
#1773 = ORIENTED_EDGE('',*,*,#996,.T.);
#1774 = FACE_BOUND('',#1775,.T.);
#1775 = EDGE_LOOP('',(#1776));
#1776 = ORIENTED_EDGE('',*,*,#1777,.F.);
#1777 = EDGE_CURVE('',#1778,#1778,#1780,.T.);
#1778 = VERTEX_POINT('',#1779);
#1779 = CARTESIAN_POINT('',(12.05,-8.,6.));
#1780 = CIRCLE('',#1781,1.55);
#1781 = AXIS2_PLACEMENT_3D('',#1782,#1783,#1784);
#1782 = CARTESIAN_POINT('',(10.5,-8.,6.));
#1783 = DIRECTION('',(0.,0.,1.));
#1784 = DIRECTION('',(1.,0.,0.));
#1785 = PLANE('',#1786);
#1786 = AXIS2_PLACEMENT_3D('',#1787,#1788,#1789);
#1787 = CARTESIAN_POINT('',(5.469760530158E-16,4.5,6.));
#1788 = DIRECTION('',(0.,0.,1.));
#1789 = DIRECTION('',(1.,0.,0.));
#1790 = ADVANCED_FACE('',(#1791,#1794),#1805,.T.);
#1791 = FACE_BOUND('',#1792,.T.);
#1792 = EDGE_LOOP('',(#1793));
#1793 = ORIENTED_EDGE('',*,*,#1046,.T.);
#1794 = FACE_BOUND('',#1795,.T.);
#1795 = EDGE_LOOP('',(#1796));
#1796 = ORIENTED_EDGE('',*,*,#1797,.F.);
#1797 = EDGE_CURVE('',#1798,#1798,#1800,.T.);
#1798 = VERTEX_POINT('',#1799);
#1799 = CARTESIAN_POINT('',(1.6,-15.,21.));
#1800 = CIRCLE('',#1801,1.6);
#1801 = AXIS2_PLACEMENT_3D('',#1802,#1803,#1804);
#1802 = CARTESIAN_POINT('',(0.,-15.,21.));
#1803 = DIRECTION('',(0.,0.,1.));
#1804 = DIRECTION('',(1.,0.,0.));
#1805 = PLANE('',#1806);
#1806 = AXIS2_PLACEMENT_3D('',#1807,#1808,#1809);
#1807 = CARTESIAN_POINT('',(-2.279066887566E-16,-15.,21.));
#1808 = DIRECTION('',(0.,0.,1.));
#1809 = DIRECTION('',(1.,0.,0.));
#1810 = ADVANCED_FACE('',(#1811),#1836,.T.);
#1811 = FACE_BOUND('',#1812,.T.);
#1812 = EDGE_LOOP('',(#1813,#1823,#1829,#1830));
#1813 = ORIENTED_EDGE('',*,*,#1814,.T.);
#1814 = EDGE_CURVE('',#1815,#1817,#1819,.T.);
#1815 = VERTEX_POINT('',#1816);
#1816 = CARTESIAN_POINT('',(-15.5,11.5,20.2));
#1817 = VERTEX_POINT('',#1818);
#1818 = CARTESIAN_POINT('',(-15.5,2.5,20.2));
#1819 = LINE('',#1820,#1821);
#1820 = CARTESIAN_POINT('',(-15.5,11.,20.2));
#1821 = VECTOR('',#1822,1.);
#1822 = DIRECTION('',(0.,-1.,0.));
#1823 = ORIENTED_EDGE('',*,*,#1824,.T.);
#1824 = EDGE_CURVE('',#1817,#1064,#1825,.T.);
#1825 = LINE('',#1826,#1827);
#1826 = CARTESIAN_POINT('',(-15.5,2.5,20.2));
#1827 = VECTOR('',#1828,1.);
#1828 = DIRECTION('',(1.,0.,0.));
#1829 = ORIENTED_EDGE('',*,*,#1063,.T.);
#1830 = ORIENTED_EDGE('',*,*,#1831,.F.);
#1831 = EDGE_CURVE('',#1815,#1066,#1832,.T.);
#1832 = LINE('',#1833,#1834);
#1833 = CARTESIAN_POINT('',(-15.5,11.5,20.2));
#1834 = VECTOR('',#1835,1.);
#1835 = DIRECTION('',(1.,0.,0.));
#1836 = PLANE('',#1837);
#1837 = AXIS2_PLACEMENT_3D('',#1838,#1839,#1840);
#1838 = CARTESIAN_POINT('',(-131.1295218977,2.,20.2));
#1839 = DIRECTION('',(0.,0.,1.));
#1840 = DIRECTION('',(0.,1.,0.));
#1841 = ADVANCED_FACE('',(#1842),#1861,.F.);
#1842 = FACE_BOUND('',#1843,.F.);
#1843 = EDGE_LOOP('',(#1844,#1853,#1859,#1860));
#1844 = ORIENTED_EDGE('',*,*,#1845,.T.);
#1845 = EDGE_CURVE('',#1815,#1846,#1848,.T.);
#1846 = VERTEX_POINT('',#1847);
#1847 = CARTESIAN_POINT('',(-15.5,12.,20.7));
#1848 = CIRCLE('',#1849,0.5);
#1849 = AXIS2_PLACEMENT_3D('',#1850,#1851,#1852);
#1850 = CARTESIAN_POINT('',(-15.5,11.5,20.7));
#1851 = DIRECTION('',(1.,0.,-0.));
#1852 = DIRECTION('',(0.,0.,1.));
#1853 = ORIENTED_EDGE('',*,*,#1854,.T.);
#1854 = EDGE_CURVE('',#1846,#1123,#1855,.T.);
#1855 = LINE('',#1856,#1857);
#1856 = CARTESIAN_POINT('',(-15.5,12.,20.7));
#1857 = VECTOR('',#1858,1.);
#1858 = DIRECTION('',(1.,0.,0.));
#1859 = ORIENTED_EDGE('',*,*,#1130,.F.);
#1860 = ORIENTED_EDGE('',*,*,#1831,.F.);
#1861 = CYLINDRICAL_SURFACE('',#1862,0.5);
#1862 = AXIS2_PLACEMENT_3D('',#1863,#1864,#1865);
#1863 = CARTESIAN_POINT('',(-15.5,11.5,20.7));
#1864 = DIRECTION('',(1.,0.,0.));
#1865 = DIRECTION('',(0.,0.,-1.));
#1866 = ADVANCED_FACE('',(#1867),#1885,.T.);
#1867 = FACE_BOUND('',#1868,.T.);
#1868 = EDGE_LOOP('',(#1869,#1877,#1878,#1879));
#1869 = ORIENTED_EDGE('',*,*,#1870,.T.);
#1870 = EDGE_CURVE('',#1871,#1846,#1873,.T.);
#1871 = VERTEX_POINT('',#1872);
#1872 = CARTESIAN_POINT('',(-15.5,12.,22.));
#1873 = LINE('',#1874,#1875);
#1874 = CARTESIAN_POINT('',(-15.5,12.,10.1));
#1875 = VECTOR('',#1876,1.);
#1876 = DIRECTION('',(0.,0.,-1.));
#1877 = ORIENTED_EDGE('',*,*,#1854,.T.);
#1878 = ORIENTED_EDGE('',*,*,#1122,.T.);
#1879 = ORIENTED_EDGE('',*,*,#1880,.F.);
#1880 = EDGE_CURVE('',#1871,#1115,#1881,.T.);
#1881 = LINE('',#1882,#1883);
#1882 = CARTESIAN_POINT('',(-131.1295218977,12.,22.));
#1883 = VECTOR('',#1884,1.);
#1884 = DIRECTION('',(1.,0.,0.));
#1885 = PLANE('',#1886);
#1886 = AXIS2_PLACEMENT_3D('',#1887,#1888,#1889);
#1887 = CARTESIAN_POINT('',(-131.1295218977,12.,20.2));
#1888 = DIRECTION('',(0.,-1.,0.));
#1889 = DIRECTION('',(0.,0.,1.));
#1890 = ADVANCED_FACE('',(#1891),#2011,.T.);
#1891 = FACE_BOUND('',#1892,.T.);
#1892 = EDGE_LOOP('',(#1893,#1894,#1895,#1896,#1904,#1912,#1918,#1919,
    #1920,#1921,#1928,#1929,#1936,#1937,#1945,#1953,#1962,#1970,#1979,
    #1987,#1994,#1995,#2004,#2010));
#1893 = ORIENTED_EDGE('',*,*,#1114,.F.);
#1894 = ORIENTED_EDGE('',*,*,#1172,.T.);
#1895 = ORIENTED_EDGE('',*,*,#1244,.F.);
#1896 = ORIENTED_EDGE('',*,*,#1897,.T.);
#1897 = EDGE_CURVE('',#1237,#1898,#1900,.T.);
#1898 = VERTEX_POINT('',#1899);
#1899 = CARTESIAN_POINT('',(-5.,18.5,22.));
#1900 = LINE('',#1901,#1902);
#1901 = CARTESIAN_POINT('',(-5.,20.,22.));
#1902 = VECTOR('',#1903,1.);
#1903 = DIRECTION('',(0.,-1.,2.22044604925E-16));
#1904 = ORIENTED_EDGE('',*,*,#1905,.F.);
#1905 = EDGE_CURVE('',#1906,#1898,#1908,.T.);
#1906 = VERTEX_POINT('',#1907);
#1907 = CARTESIAN_POINT('',(5.,18.5,22.));
#1908 = LINE('',#1909,#1910);
#1909 = CARTESIAN_POINT('',(5.,18.5,22.));
#1910 = VECTOR('',#1911,1.);
#1911 = DIRECTION('',(-1.,0.,0.));
#1912 = ORIENTED_EDGE('',*,*,#1913,.F.);
#1913 = EDGE_CURVE('',#1197,#1906,#1914,.T.);
#1914 = LINE('',#1915,#1916);
#1915 = CARTESIAN_POINT('',(5.,20.,22.));
#1916 = VECTOR('',#1917,1.);
#1917 = DIRECTION('',(0.,-1.,2.22044604925E-16));
#1918 = ORIENTED_EDGE('',*,*,#1196,.F.);
#1919 = ORIENTED_EDGE('',*,*,#1671,.F.);
#1920 = ORIENTED_EDGE('',*,*,#1644,.F.);
#1921 = ORIENTED_EDGE('',*,*,#1922,.F.);
#1922 = EDGE_CURVE('',#1726,#1637,#1923,.T.);
#1923 = CIRCLE('',#1924,1.);
#1924 = AXIS2_PLACEMENT_3D('',#1925,#1926,#1927);
#1925 = CARTESIAN_POINT('',(13.,-19.,22.));
#1926 = DIRECTION('',(-0.,0.,1.));
#1927 = DIRECTION('',(0.,-1.,0.));
#1928 = ORIENTED_EDGE('',*,*,#1723,.F.);
#1929 = ORIENTED_EDGE('',*,*,#1930,.F.);
#1930 = EDGE_CURVE('',#1091,#1724,#1931,.T.);
#1931 = CIRCLE('',#1932,1.);
#1932 = AXIS2_PLACEMENT_3D('',#1933,#1934,#1935);
#1933 = CARTESIAN_POINT('',(-13.,-19.,22.));
#1934 = DIRECTION('',(-0.,0.,1.));
#1935 = DIRECTION('',(0.,-1.,0.));
#1936 = ORIENTED_EDGE('',*,*,#1090,.F.);
#1937 = ORIENTED_EDGE('',*,*,#1938,.F.);
#1938 = EDGE_CURVE('',#1939,#1083,#1941,.T.);
#1939 = VERTEX_POINT('',#1940);
#1940 = CARTESIAN_POINT('',(-15.5,2.,22.));
#1941 = LINE('',#1942,#1943);
#1942 = CARTESIAN_POINT('',(-131.1295218977,2.,22.));
#1943 = VECTOR('',#1944,1.);
#1944 = DIRECTION('',(1.,0.,0.));
#1945 = ORIENTED_EDGE('',*,*,#1946,.T.);
#1946 = EDGE_CURVE('',#1939,#1947,#1949,.T.);
#1947 = VERTEX_POINT('',#1948);
#1948 = CARTESIAN_POINT('',(-15.5,-19.,22.));
#1949 = LINE('',#1950,#1951);
#1950 = CARTESIAN_POINT('',(-15.5,20.,22.));
#1951 = VECTOR('',#1952,1.);
#1952 = DIRECTION('',(0.,-1.,0.));
#1953 = ORIENTED_EDGE('',*,*,#1954,.T.);
#1954 = EDGE_CURVE('',#1947,#1955,#1957,.T.);
#1955 = VERTEX_POINT('',#1956);
#1956 = CARTESIAN_POINT('',(-13.,-21.5,22.));
#1957 = CIRCLE('',#1958,2.5);
#1958 = AXIS2_PLACEMENT_3D('',#1959,#1960,#1961);
#1959 = CARTESIAN_POINT('',(-13.,-19.,22.));
#1960 = DIRECTION('',(-0.,0.,1.));
#1961 = DIRECTION('',(2.22044604925E-16,-1.,0.));
#1962 = ORIENTED_EDGE('',*,*,#1963,.T.);
#1963 = EDGE_CURVE('',#1955,#1964,#1966,.T.);
#1964 = VERTEX_POINT('',#1965);
#1965 = CARTESIAN_POINT('',(13.,-21.5,22.));
#1966 = LINE('',#1967,#1968);
#1967 = CARTESIAN_POINT('',(-14.,-21.5,22.));
#1968 = VECTOR('',#1969,1.);
#1969 = DIRECTION('',(1.,0.,0.));
#1970 = ORIENTED_EDGE('',*,*,#1971,.T.);
#1971 = EDGE_CURVE('',#1964,#1972,#1974,.T.);
#1972 = VERTEX_POINT('',#1973);
#1973 = CARTESIAN_POINT('',(15.5,-19.,22.));
#1974 = CIRCLE('',#1975,2.5);
#1975 = AXIS2_PLACEMENT_3D('',#1976,#1977,#1978);
#1976 = CARTESIAN_POINT('',(13.,-19.,22.));
#1977 = DIRECTION('',(-0.,0.,1.));
#1978 = DIRECTION('',(0.,-1.,0.));
#1979 = ORIENTED_EDGE('',*,*,#1980,.T.);
#1980 = EDGE_CURVE('',#1972,#1981,#1983,.T.);
#1981 = VERTEX_POINT('',#1982);
#1982 = CARTESIAN_POINT('',(15.5,19.,22.));
#1983 = LINE('',#1984,#1985);
#1984 = CARTESIAN_POINT('',(15.5,-20.,22.));
#1985 = VECTOR('',#1986,1.);
#1986 = DIRECTION('',(0.,1.,0.));
#1987 = ORIENTED_EDGE('',*,*,#1988,.T.);
#1988 = EDGE_CURVE('',#1981,#1486,#1989,.T.);
#1989 = CIRCLE('',#1990,2.5);
#1990 = AXIS2_PLACEMENT_3D('',#1991,#1992,#1993);
#1991 = CARTESIAN_POINT('',(13.,19.,22.));
#1992 = DIRECTION('',(-0.,0.,1.));
#1993 = DIRECTION('',(1.110223024625E-16,-1.,0.));
#1994 = ORIENTED_EDGE('',*,*,#1493,.T.);
#1995 = ORIENTED_EDGE('',*,*,#1996,.F.);
#1996 = EDGE_CURVE('',#1997,#1494,#1999,.T.);
#1997 = VERTEX_POINT('',#1998);
#1998 = CARTESIAN_POINT('',(-15.5,19.,22.));
#1999 = CIRCLE('',#2000,2.5);
#2000 = AXIS2_PLACEMENT_3D('',#2001,#2002,#2003);
#2001 = CARTESIAN_POINT('',(-13.,19.,22.));
#2002 = DIRECTION('',(-0.,0.,-1.));
#2003 = DIRECTION('',(-1.110223024625E-16,-1.,0.));
#2004 = ORIENTED_EDGE('',*,*,#2005,.T.);
#2005 = EDGE_CURVE('',#1997,#1871,#2006,.T.);
#2006 = LINE('',#2007,#2008);
#2007 = CARTESIAN_POINT('',(-15.5,20.,22.));
#2008 = VECTOR('',#2009,1.);
#2009 = DIRECTION('',(0.,-1.,0.));
#2010 = ORIENTED_EDGE('',*,*,#1880,.T.);
#2011 = PLANE('',#2012);
#2012 = AXIS2_PLACEMENT_3D('',#2013,#2014,#2015);
#2013 = CARTESIAN_POINT('',(0.950744064631,-0.28910961088,22.));
#2014 = DIRECTION('',(0.,0.,1.));
#2015 = DIRECTION('',(1.,0.,0.));
#2016 = ADVANCED_FACE('',(#2017),#2023,.F.);
#2017 = FACE_BOUND('',#2018,.F.);
#2018 = EDGE_LOOP('',(#2019,#2020,#2021,#2022));
#2019 = ORIENTED_EDGE('',*,*,#1146,.F.);
#2020 = ORIENTED_EDGE('',*,*,#1740,.T.);
#2021 = ORIENTED_EDGE('',*,*,#1930,.F.);
#2022 = ORIENTED_EDGE('',*,*,#1098,.F.);
#2023 = CYLINDRICAL_SURFACE('',#2024,1.);
#2024 = AXIS2_PLACEMENT_3D('',#2025,#2026,#2027);
#2025 = CARTESIAN_POINT('',(-13.,-19.,0.));
#2026 = DIRECTION('',(0.,0.,1.));
#2027 = DIRECTION('',(-1.,0.,0.));
#2028 = ADVANCED_FACE('',(#2029),#2047,.T.);
#2029 = FACE_BOUND('',#2030,.T.);
#2030 = EDGE_LOOP('',(#2031,#2039,#2040,#2041));
#2031 = ORIENTED_EDGE('',*,*,#2032,.T.);
#2032 = EDGE_CURVE('',#2033,#1939,#2035,.T.);
#2033 = VERTEX_POINT('',#2034);
#2034 = CARTESIAN_POINT('',(-15.5,2.,20.7));
#2035 = LINE('',#2036,#2037);
#2036 = CARTESIAN_POINT('',(-15.5,2.,11.));
#2037 = VECTOR('',#2038,1.);
#2038 = DIRECTION('',(0.,0.,1.));
#2039 = ORIENTED_EDGE('',*,*,#1938,.T.);
#2040 = ORIENTED_EDGE('',*,*,#1082,.T.);
#2041 = ORIENTED_EDGE('',*,*,#2042,.F.);
#2042 = EDGE_CURVE('',#2033,#1074,#2043,.T.);
#2043 = LINE('',#2044,#2045);
#2044 = CARTESIAN_POINT('',(-15.5,2.,20.7));
#2045 = VECTOR('',#2046,1.);
#2046 = DIRECTION('',(1.,0.,0.));
#2047 = PLANE('',#2048);
#2048 = AXIS2_PLACEMENT_3D('',#2049,#2050,#2051);
#2049 = CARTESIAN_POINT('',(-131.1295218977,2.,22.));
#2050 = DIRECTION('',(0.,1.,0.));
#2051 = DIRECTION('',(0.,0.,-1.));
#2052 = ADVANCED_FACE('',(#2053),#2065,.F.);
#2053 = FACE_BOUND('',#2054,.T.);
#2054 = EDGE_LOOP('',(#2055,#2062,#2063,#2064));
#2055 = ORIENTED_EDGE('',*,*,#2056,.T.);
#2056 = EDGE_CURVE('',#1817,#2033,#2057,.T.);
#2057 = CIRCLE('',#2058,0.5);
#2058 = AXIS2_PLACEMENT_3D('',#2059,#2060,#2061);
#2059 = CARTESIAN_POINT('',(-15.5,2.5,20.7));
#2060 = DIRECTION('',(-1.,0.,0.));
#2061 = DIRECTION('',(0.,0.,1.));
#2062 = ORIENTED_EDGE('',*,*,#2042,.T.);
#2063 = ORIENTED_EDGE('',*,*,#1073,.F.);
#2064 = ORIENTED_EDGE('',*,*,#1824,.F.);
#2065 = CYLINDRICAL_SURFACE('',#2066,0.5);
#2066 = AXIS2_PLACEMENT_3D('',#2067,#2068,#2069);
#2067 = CARTESIAN_POINT('',(-15.5,2.5,20.7));
#2068 = DIRECTION('',(1.,0.,0.));
#2069 = DIRECTION('',(0.,0.,-1.));
#2070 = ADVANCED_FACE('',(#2071),#2089,.F.);
#2071 = FACE_BOUND('',#2072,.F.);
#2072 = EDGE_LOOP('',(#2073,#2074,#2082,#2088));
#2073 = ORIENTED_EDGE('',*,*,#1897,.T.);
#2074 = ORIENTED_EDGE('',*,*,#2075,.T.);
#2075 = EDGE_CURVE('',#1898,#2076,#2078,.T.);
#2076 = VERTEX_POINT('',#2077);
#2077 = CARTESIAN_POINT('',(-5.,18.5,18.));
#2078 = LINE('',#2079,#2080);
#2079 = CARTESIAN_POINT('',(-5.,18.5,22.));
#2080 = VECTOR('',#2081,1.);
#2081 = DIRECTION('',(0.,-2.22044604925E-16,-1.));
#2082 = ORIENTED_EDGE('',*,*,#2083,.F.);
#2083 = EDGE_CURVE('',#1229,#2076,#2084,.T.);
#2084 = LINE('',#2085,#2086);
#2085 = CARTESIAN_POINT('',(-5.,20.,18.));
#2086 = VECTOR('',#2087,1.);
#2087 = DIRECTION('',(0.,-1.,2.22044604925E-16));
#2088 = ORIENTED_EDGE('',*,*,#1236,.F.);
#2089 = PLANE('',#2090);
#2090 = AXIS2_PLACEMENT_3D('',#2091,#2092,#2093);
#2091 = CARTESIAN_POINT('',(-5.,20.,22.));
#2092 = DIRECTION('',(1.,0.,0.));
#2093 = DIRECTION('',(0.,-2.22044604925E-16,-1.));
#2094 = ADVANCED_FACE('',(#2095),#2113,.F.);
#2095 = FACE_BOUND('',#2096,.F.);
#2096 = EDGE_LOOP('',(#2097,#2098,#2099,#2107));
#2097 = ORIENTED_EDGE('',*,*,#1228,.F.);
#2098 = ORIENTED_EDGE('',*,*,#2083,.T.);
#2099 = ORIENTED_EDGE('',*,*,#2100,.T.);
#2100 = EDGE_CURVE('',#2076,#2101,#2103,.T.);
#2101 = VERTEX_POINT('',#2102);
#2102 = CARTESIAN_POINT('',(-2.75,18.5,17.999999999999));
#2103 = LINE('',#2104,#2105);
#2104 = CARTESIAN_POINT('',(-5.,18.5,18.));
#2105 = VECTOR('',#2106,1.);
#2106 = DIRECTION('',(1.,0.,0.));
#2107 = ORIENTED_EDGE('',*,*,#2108,.F.);
#2108 = EDGE_CURVE('',#1221,#2101,#2109,.T.);
#2109 = LINE('',#2110,#2111);
#2110 = CARTESIAN_POINT('',(-2.75,20.199999999999,17.999999999999));
#2111 = VECTOR('',#2112,1.);
#2112 = DIRECTION('',(0.,-1.,0.));
#2113 = PLANE('',#2114);
#2114 = AXIS2_PLACEMENT_3D('',#2115,#2116,#2117);
#2115 = CARTESIAN_POINT('',(-5.,20.,18.));
#2116 = DIRECTION('',(0.,2.22044604925E-16,1.));
#2117 = DIRECTION('',(1.,0.,0.));
#2118 = ADVANCED_FACE('',(#2119),#2144,.T.);
#2119 = FACE_BOUND('',#2120,.T.);
#2120 = EDGE_LOOP('',(#2121,#2129,#2137,#2143));
#2121 = ORIENTED_EDGE('',*,*,#2122,.F.);
#2122 = EDGE_CURVE('',#2123,#1213,#2125,.T.);
#2123 = VERTEX_POINT('',#2124);
#2124 = CARTESIAN_POINT('',(2.75,20.199999999999,17.999999999999));
#2125 = LINE('',#2126,#2127);
#2126 = CARTESIAN_POINT('',(2.75,20.199999999999,17.999999999999));
#2127 = VECTOR('',#2128,1.);
#2128 = DIRECTION('',(0.,-1.,0.));
#2129 = ORIENTED_EDGE('',*,*,#2130,.T.);
#2130 = EDGE_CURVE('',#2123,#2131,#2133,.T.);
#2131 = VERTEX_POINT('',#2132);
#2132 = CARTESIAN_POINT('',(-2.75,20.199999999999,17.999999999999));
#2133 = LINE('',#2134,#2135);
#2134 = CARTESIAN_POINT('',(2.75,20.199999999999,17.999999999999));
#2135 = VECTOR('',#2136,1.);
#2136 = DIRECTION('',(-1.,-0.,-0.));
#2137 = ORIENTED_EDGE('',*,*,#2138,.T.);
#2138 = EDGE_CURVE('',#2131,#1221,#2139,.T.);
#2139 = LINE('',#2140,#2141);
#2140 = CARTESIAN_POINT('',(-2.75,20.199999999999,17.999999999999));
#2141 = VECTOR('',#2142,1.);
#2142 = DIRECTION('',(0.,-1.,0.));
#2143 = ORIENTED_EDGE('',*,*,#1220,.T.);
#2144 = PLANE('',#2145);
#2145 = AXIS2_PLACEMENT_3D('',#2146,#2147,#2148);
#2146 = CARTESIAN_POINT('',(2.75,20.199999999999,17.999999999999));
#2147 = DIRECTION('',(0.,0.,1.));
#2148 = DIRECTION('',(0.,-1.,0.));
#2149 = ADVANCED_FACE('',(#2150),#2175,.F.);
#2150 = FACE_BOUND('',#2151,.F.);
#2151 = EDGE_LOOP('',(#2152,#2153,#2161,#2169));
#2152 = ORIENTED_EDGE('',*,*,#1212,.F.);
#2153 = ORIENTED_EDGE('',*,*,#2154,.T.);
#2154 = EDGE_CURVE('',#1213,#2155,#2157,.T.);
#2155 = VERTEX_POINT('',#2156);
#2156 = CARTESIAN_POINT('',(2.75,18.5,17.999999999999));
#2157 = LINE('',#2158,#2159);
#2158 = CARTESIAN_POINT('',(2.75,20.199999999999,17.999999999999));
#2159 = VECTOR('',#2160,1.);
#2160 = DIRECTION('',(0.,-1.,0.));
#2161 = ORIENTED_EDGE('',*,*,#2162,.T.);
#2162 = EDGE_CURVE('',#2155,#2163,#2165,.T.);
#2163 = VERTEX_POINT('',#2164);
#2164 = CARTESIAN_POINT('',(5.,18.5,18.));
#2165 = LINE('',#2166,#2167);
#2166 = CARTESIAN_POINT('',(-5.,18.5,18.));
#2167 = VECTOR('',#2168,1.);
#2168 = DIRECTION('',(1.,0.,0.));
#2169 = ORIENTED_EDGE('',*,*,#2170,.F.);
#2170 = EDGE_CURVE('',#1205,#2163,#2171,.T.);
#2171 = LINE('',#2172,#2173);
#2172 = CARTESIAN_POINT('',(5.,20.,18.));
#2173 = VECTOR('',#2174,1.);
#2174 = DIRECTION('',(0.,-1.,2.22044604925E-16));
#2175 = PLANE('',#2176);
#2176 = AXIS2_PLACEMENT_3D('',#2177,#2178,#2179);
#2177 = CARTESIAN_POINT('',(-5.,20.,18.));
#2178 = DIRECTION('',(0.,2.22044604925E-16,1.));
#2179 = DIRECTION('',(1.,0.,0.));
#2180 = ADVANCED_FACE('',(#2181),#2192,.F.);
#2181 = FACE_BOUND('',#2182,.F.);
#2182 = EDGE_LOOP('',(#2183,#2184,#2190,#2191));
#2183 = ORIENTED_EDGE('',*,*,#2170,.T.);
#2184 = ORIENTED_EDGE('',*,*,#2185,.T.);
#2185 = EDGE_CURVE('',#2163,#1906,#2186,.T.);
#2186 = LINE('',#2187,#2188);
#2187 = CARTESIAN_POINT('',(5.,18.5,18.));
#2188 = VECTOR('',#2189,1.);
#2189 = DIRECTION('',(0.,2.22044604925E-16,1.));
#2190 = ORIENTED_EDGE('',*,*,#1913,.F.);
#2191 = ORIENTED_EDGE('',*,*,#1204,.F.);
#2192 = PLANE('',#2193);
#2193 = AXIS2_PLACEMENT_3D('',#2194,#2195,#2196);
#2194 = CARTESIAN_POINT('',(5.,20.,18.));
#2195 = DIRECTION('',(-1.,0.,0.));
#2196 = DIRECTION('',(0.,2.22044604925E-16,1.));
#2197 = ADVANCED_FACE('',(#2198),#2309,.F.);
#2198 = FACE_BOUND('',#2199,.T.);
#2199 = EDGE_LOOP('',(#2200,#2207,#2208,#2209,#2220,#2229));
#2200 = ORIENTED_EDGE('',*,*,#2201,.F.);
#2201 = EDGE_CURVE('',#1272,#2202,#2204,.T.);
#2202 = VERTEX_POINT('',#2203);
#2203 = CARTESIAN_POINT('',(-9.417061093437,17.,0.661467273428));
#2204 = B_SPLINE_CURVE_WITH_KNOTS('',1,(#2205,#2206),.UNSPECIFIED.,.F.,
  .F.,(2,2),(0.,1.),.PIECEWISE_BEZIER_KNOTS.);
#2205 = CARTESIAN_POINT('',(-8.95,17.,6.));
#2206 = CARTESIAN_POINT('',(-9.431187649393,17.,0.5));
#2207 = ORIENTED_EDGE('',*,*,#1271,.T.);
#2208 = ORIENTED_EDGE('',*,*,#2201,.T.);
#2209 = ORIENTED_EDGE('',*,*,#2210,.F.);
#2210 = EDGE_CURVE('',#2211,#2202,#2213,.T.);
#2211 = VERTEX_POINT('',#2212);
#2212 = CARTESIAN_POINT('',(-9.468904152278,16.718572933745,0.5));
#2213 = B_SPLINE_CURVE_WITH_KNOTS('',5,(#2214,#2215,#2216,#2217,#2218,
    #2219),.UNSPECIFIED.,.F.,.F.,(6,6),(0.,1.),
  .PIECEWISE_BEZIER_KNOTS.);
#2214 = CARTESIAN_POINT('',(-9.468904152278,16.718572933745,0.5));
#2215 = CARTESIAN_POINT('',(-9.451171683827,16.773661861197,
    0.529733613025));
#2216 = CARTESIAN_POINT('',(-9.437079158828,16.829780499054,
    0.560913580718));
#2217 = CARTESIAN_POINT('',(-9.426721526642,16.886483683913,
    0.593390767815));
#2218 = CARTESIAN_POINT('',(-9.420078409605,16.943348800761,
    0.626979191811));
#2219 = CARTESIAN_POINT('',(-9.417061093437,17.,0.661467273428));
#2220 = ORIENTED_EDGE('',*,*,#2221,.F.);
#2221 = EDGE_CURVE('',#2222,#2211,#2224,.T.);
#2222 = VERTEX_POINT('',#2223);
#2223 = CARTESIAN_POINT('',(-11.53109584772,16.718572933745,0.5));
#2224 = CIRCLE('',#2225,1.068812350607);
#2225 = AXIS2_PLACEMENT_3D('',#2226,#2227,#2228);
#2226 = CARTESIAN_POINT('',(-10.5,17.,0.5));
#2227 = DIRECTION('',(0.,0.,1.));
#2228 = DIRECTION('',(1.,0.,0.));
#2229 = ORIENTED_EDGE('',*,*,#2230,.F.);
#2230 = EDGE_CURVE('',#2202,#2222,#2231,.T.);
#2231 = B_SPLINE_CURVE_WITH_KNOTS('',6,(#2232,#2233,#2234,#2235,#2236,
    #2237,#2238,#2239,#2240,#2241,#2242,#2243,#2244,#2245,#2246,#2247,
    #2248,#2249,#2250,#2251,#2252,#2253,#2254,#2255,#2256,#2257,#2258,
    #2259,#2260,#2261,#2262,#2263,#2264,#2265,#2266,#2267,#2268,#2269,
    #2270,#2271,#2272,#2273,#2274,#2275,#2276,#2277,#2278,#2279,#2280,
    #2281,#2282,#2283,#2284,#2285,#2286,#2287,#2288,#2289,#2290,#2291,
    #2292,#2293,#2294,#2295,#2296,#2297,#2298,#2299,#2300,#2301,#2302,
    #2303,#2304,#2305,#2306,#2307,#2308),.UNSPECIFIED.,.F.,.F.,(7,5,5,5,
    5,5,5,5,5,5,5,5,5,5,5,7),(0.,7.070265819314E-02,0.135409861887,
    0.193576417844,0.242365175603,0.299189176539,0.345222743524,
    0.387150376791,0.460420873952,0.542745236786,0.5848302756,
    0.63038880169,0.735916896652,0.831912336583,0.879178774748,1.),
  .UNSPECIFIED.);
#2232 = CARTESIAN_POINT('',(-9.417061093437,17.,0.661467273428));
#2233 = CARTESIAN_POINT('',(-9.414549687349,17.047152555024,
    0.690172776365));
#2234 = CARTESIAN_POINT('',(-9.414449558574,17.09416553116,
    0.719478285083));
#2235 = CARTESIAN_POINT('',(-9.416716251572,17.140855833422,
    0.749281364738));
#2236 = CARTESIAN_POINT('',(-9.42128422659,17.187064813785,
    0.779477464857));
#2237 = CARTESIAN_POINT('',(-9.428076625812,17.232656637142,
    0.809962152174));
#2238 = CARTESIAN_POINT('',(-9.445195492285,17.318572611598,
    0.868703674522));
#2239 = CARTESIAN_POINT('',(-9.455173378736,17.359015490428,
    0.896930152539));
#2240 = CARTESIAN_POINT('',(-9.466888618016,17.39875902841,
    0.925235636996));
#2241 = CARTESIAN_POINT('',(-9.480279925849,17.437729838407,
    0.953543623363));
#2242 = CARTESIAN_POINT('',(-9.495288187354,17.475865190793,
    0.981778480599));
#2243 = CARTESIAN_POINT('',(-9.52675639958,17.546591603175,
    1.035113822785));
#2244 = CARTESIAN_POINT('',(-9.542916027882,17.579352464416,
    1.060242003021));
#2245 = CARTESIAN_POINT('',(-9.56029939539,17.611354785795,
    1.085196360956));
#2246 = CARTESIAN_POINT('',(-9.578870192009,17.64256197012,
    1.109921557562));
#2247 = CARTESIAN_POINT('',(-9.598595116924,17.672939423687,
    1.134360783174));
#2248 = CARTESIAN_POINT('',(-9.636931336236,17.727211164804,
    1.178666062992));
#2249 = CARTESIAN_POINT('',(-9.655209244244,17.751360542098,
    1.198633810732));
#2250 = CARTESIAN_POINT('',(-9.674259941054,17.77488318526,
    1.218324505597));
#2251 = CARTESIAN_POINT('',(-9.694066570217,17.797758800509,
    1.237701783209));
#2252 = CARTESIAN_POINT('',(-9.714613080407,17.819966303188,
    1.25672740994));
#2253 = CARTESIAN_POINT('',(-9.760658612374,17.866545150025,
    1.297064053451));
#2254 = CARTESIAN_POINT('',(-9.786415379298,17.890669891688,
    1.31823488982));
#2255 = CARTESIAN_POINT('',(-9.813130478334,17.91382363452,
    1.338810703296));
#2256 = CARTESIAN_POINT('',(-9.840778948561,17.935967884618,
    1.358722752353));
#2257 = CARTESIAN_POINT('',(-9.869333721763,17.957060646268,
    1.377897541205));
#2258 = CARTESIAN_POINT('',(-9.922606473368,17.993256212827,
    1.411131441291));
#2259 = CARTESIAN_POINT('',(-9.947022939513,18.008735580701,
    1.425470283933));
#2260 = CARTESIAN_POINT('',(-9.971997309887,18.023471079841,
    1.439233038441));
#2261 = CARTESIAN_POINT('',(-9.997510470628,18.037436669308,
    1.452376128655));
#2262 = CARTESIAN_POINT('',(-10.02353992582,18.050605082097,
    1.464854753436));
#2263 = CARTESIAN_POINT('',(-10.07421274679,18.074191165856,
    1.487343553672));
#2264 = CARTESIAN_POINT('',(-10.09877256907,18.084749380109,
    1.497474585628));
#2265 = CARTESIAN_POINT('',(-10.12371800826,18.094602224136,
    1.50698315937));
#2266 = CARTESIAN_POINT('',(-10.14902539133,18.103728272965,
    1.515835175835));
#2267 = CARTESIAN_POINT('',(-10.17466731498,18.112106605252,
    1.523997733563));
#2268 = CARTESIAN_POINT('',(-10.24595187106,18.13301845128,
    1.544446968894));
#2269 = CARTESIAN_POINT('',(-10.29222212688,18.143977664361,
    1.555256772206));
#2270 = CARTESIAN_POINT('',(-10.33924390847,18.152487705285,
    1.563704036041));
#2271 = CARTESIAN_POINT('',(-10.38681224403,18.158461255018,
    1.569654898618));
#2272 = CARTESIAN_POINT('',(-10.43469514848,18.161844241206,
    1.573027021417));
#2273 = CARTESIAN_POINT('',(-10.53649358348,18.163510235045,
    1.574687906273));
#2274 = CARTESIAN_POINT('',(-10.59066381787,18.161115488183,
    1.572300993521));
#2275 = CARTESIAN_POINT('',(-10.64450222717,18.155375386152,
    1.566572859236));
#2276 = CARTESIAN_POINT('',(-10.69757532346,18.14641065546,
    1.557657082719));
#2277 = CARTESIAN_POINT('',(-10.74963818191,18.134376684126,
    1.545772846918));
#2278 = CARTESIAN_POINT('',(-10.82664721402,18.111686813144,
    1.523588449758));
#2279 = CARTESIAN_POINT('',(-10.85239109272,18.103237727138,
    1.515358527761));
#2280 = CARTESIAN_POINT('',(-10.87779635035,18.094034873457,
    1.506434042274));
#2281 = CARTESIAN_POINT('',(-10.90283532437,18.084099482606,
    1.496848391609));
#2282 = CARTESIAN_POINT('',(-10.92748414002,18.073453278906,
    1.486636165847));
#2283 = CARTESIAN_POINT('',(-10.97796068271,18.049846256731,
    1.46413567925));
#2284 = CARTESIAN_POINT('',(-11.0037176961,18.036766974638,
    1.451745684856));
#2285 = CARTESIAN_POINT('',(-11.02896744919,18.022906623068,
    1.438705414627));
#2286 = CARTESIAN_POINT('',(-11.05368816892,18.008291664149,
    1.425058366996));
#2287 = CARTESIAN_POINT('',(-11.07786132221,17.992947372486,
    1.410846849136));
#2288 = CARTESIAN_POINT('',(-11.15615811928,17.939719512331,
    1.36197771353));
#2289 = CARTESIAN_POINT('',(-11.20780992848,17.898762093494,
    1.325037792497));
#2290 = CARTESIAN_POINT('',(-11.25624942254,17.85430373869,
    1.285779933878));
#2291 = CARTESIAN_POINT('',(-11.30131775938,17.806593453723,
    1.244649367863));
#2292 = CARTESIAN_POINT('',(-11.34285809661,17.755848316241,
    1.20204054894));
#2293 = CARTESIAN_POINT('',(-11.41512269379,17.653496135247,
    1.118491475176));
#2294 = CARTESIAN_POINT('',(-11.44647756456,17.602391434026,
    1.077756995829));
#2295 = CARTESIAN_POINT('',(-11.47463376589,17.549081357507,
    1.036344854852));
#2296 = CARTESIAN_POINT('',(-11.49942780979,17.493722761901,
    0.994506056555));
#2297 = CARTESIAN_POINT('',(-11.52067504178,17.436498478579,
    0.952486096053));
#2298 = CARTESIAN_POINT('',(-11.54680145193,17.348644882091,
    0.889866770312));
#2299 = CARTESIAN_POINT('',(-11.55451423889,17.319262237349,
    0.869222371969));
#2300 = CARTESIAN_POINT('',(-11.56129598959,17.289510042017,
    0.848623379212));
#2301 = CARTESIAN_POINT('',(-11.56712311583,17.259419783022,
    0.828099951999));
#2302 = CARTESIAN_POINT('',(-11.57197236937,17.229026905817,
    0.807682620888));
#2303 = CARTESIAN_POINT('',(-11.5856582064,17.120008520263,
    0.735562231365));
#2304 = CARTESIAN_POINT('',(-11.58896178524,17.039895218784,
    0.684596214077));
#2305 = CARTESIAN_POINT('',(-11.58534195208,16.958746848423,
    0.635056583788));
#2306 = CARTESIAN_POINT('',(-11.57450473814,16.877433282273,
    0.587475747362));
#2307 = CARTESIAN_POINT('',(-11.55633947853,16.796996563845,
    0.542328249564));
#2308 = CARTESIAN_POINT('',(-11.53109584772,16.718572933745,0.5));
#2309 = CONICAL_SURFACE('',#2310,1.55,8.726646259972E-02);
#2310 = AXIS2_PLACEMENT_3D('',#2311,#2312,#2313);
#2311 = CARTESIAN_POINT('',(-10.5,17.,6.));
#2312 = DIRECTION('',(0.,0.,1.));
#2313 = DIRECTION('',(1.,0.,0.));
#2314 = ADVANCED_FACE('',(#2315),#2333,.T.);
#2315 = FACE_BOUND('',#2316,.F.);
#2316 = EDGE_LOOP('',(#2317,#2318,#2326));
#2317 = ORIENTED_EDGE('',*,*,#1288,.T.);
#2318 = ORIENTED_EDGE('',*,*,#2319,.T.);
#2319 = EDGE_CURVE('',#1291,#2320,#2322,.T.);
#2320 = VERTEX_POINT('',#2321);
#2321 = CARTESIAN_POINT('',(-14.,21.5,6.));
#2322 = LINE('',#2323,#2324);
#2323 = CARTESIAN_POINT('',(14.,21.5,6.));
#2324 = VECTOR('',#2325,1.);
#2325 = DIRECTION('',(-1.,1.110223024625E-16,-1.110223024625E-16));
#2326 = ORIENTED_EDGE('',*,*,#2327,.T.);
#2327 = EDGE_CURVE('',#2320,#1289,#2328,.T.);
#2328 = CIRCLE('',#2329,7.501986334883);
#2329 = AXIS2_PLACEMENT_3D('',#2330,#2331,#2332);
#2330 = CARTESIAN_POINT('',(-14.,13.998013665117,6.));
#2331 = DIRECTION('',(-1.,4.440892098501E-16,-2.22044604925E-16));
#2332 = DIRECTION('',(-4.440892098501E-16,-1.,-2.22044604925E-16));
#2333 = CYLINDRICAL_SURFACE('',#2334,7.501986334883);
#2334 = AXIS2_PLACEMENT_3D('',#2335,#2336,#2337);
#2335 = CARTESIAN_POINT('',(14.,13.998013665117,6.));
#2336 = DIRECTION('',(1.,-4.440892098501E-16,2.22044604925E-16));
#2337 = DIRECTION('',(-4.440892098501E-16,-1.,-2.22044604925E-16));
#2338 = ADVANCED_FACE('',(#2339),#2374,.T.);
#2339 = FACE_BOUND('',#2340,.F.);
#2340 = EDGE_LOOP('',(#2341,#2349,#2356,#2357,#2365,#2372,#2373));
#2341 = ORIENTED_EDGE('',*,*,#2342,.F.);
#2342 = EDGE_CURVE('',#2343,#1997,#2345,.T.);
#2343 = VERTEX_POINT('',#2344);
#2344 = CARTESIAN_POINT('',(-15.5,19.,1.));
#2345 = LINE('',#2346,#2347);
#2346 = CARTESIAN_POINT('',(-15.5,19.,0.));
#2347 = VECTOR('',#2348,1.);
#2348 = DIRECTION('',(0.,0.,1.));
#2349 = ORIENTED_EDGE('',*,*,#2350,.T.);
#2350 = EDGE_CURVE('',#2343,#1376,#2351,.T.);
#2351 = CIRCLE('',#2352,2.5);
#2352 = AXIS2_PLACEMENT_3D('',#2353,#2354,#2355);
#2353 = CARTESIAN_POINT('',(-13.,19.,1.));
#2354 = DIRECTION('',(0.,-1.110223024625E-16,-1.));
#2355 = DIRECTION('',(2.449293598295E-16,1.,-1.110223024625E-16));
#2356 = ORIENTED_EDGE('',*,*,#1388,.T.);
#2357 = ORIENTED_EDGE('',*,*,#2358,.T.);
#2358 = EDGE_CURVE('',#1289,#2359,#2361,.T.);
#2359 = VERTEX_POINT('',#2360);
#2360 = CARTESIAN_POINT('',(-14.,21.291287847478,6.));
#2361 = LINE('',#2362,#2363);
#2362 = CARTESIAN_POINT('',(-14.,21.291287847478,-4.008036083139E-16));
#2363 = VECTOR('',#2364,1.);
#2364 = DIRECTION('',(0.,0.,1.));
#2365 = ORIENTED_EDGE('',*,*,#2366,.F.);
#2366 = EDGE_CURVE('',#1291,#2359,#2367,.T.);
#2367 = CIRCLE('',#2368,2.5);
#2368 = AXIS2_PLACEMENT_3D('',#2369,#2370,#2371);
#2369 = CARTESIAN_POINT('',(-13.,19.,5.999999999996));
#2370 = DIRECTION('',(0.,0.,1.));
#2371 = DIRECTION('',(-1.,0.,0.));
#2372 = ORIENTED_EDGE('',*,*,#1501,.T.);
#2373 = ORIENTED_EDGE('',*,*,#1996,.F.);
#2374 = CYLINDRICAL_SURFACE('',#2375,2.5);
#2375 = AXIS2_PLACEMENT_3D('',#2376,#2377,#2378);
#2376 = CARTESIAN_POINT('',(-13.,19.,0.));
#2377 = DIRECTION('',(0.,0.,1.));
#2378 = DIRECTION('',(-1.,0.,0.));
#2379 = ADVANCED_FACE('',(#2380),#2391,.T.);
#2380 = FACE_BOUND('',#2381,.T.);
#2381 = EDGE_LOOP('',(#2382,#2389,#2390));
#2382 = ORIENTED_EDGE('',*,*,#2383,.F.);
#2383 = EDGE_CURVE('',#2343,#1355,#2384,.T.);
#2384 = CIRCLE('',#2385,2.5);
#2385 = AXIS2_PLACEMENT_3D('',#2386,#2387,#2388);
#2386 = CARTESIAN_POINT('',(-13.,19.,1.));
#2387 = DIRECTION('',(0.,-1.,0.));
#2388 = DIRECTION('',(2.449293598295E-16,0.,-1.));
#2389 = ORIENTED_EDGE('',*,*,#2350,.T.);
#2390 = ORIENTED_EDGE('',*,*,#1375,.F.);
#2391 = SPHERICAL_SURFACE('',#2392,2.5);
#2392 = AXIS2_PLACEMENT_3D('',#2393,#2394,#2395);
#2393 = CARTESIAN_POINT('',(-13.,19.,1.));
#2394 = DIRECTION('',(1.,0.,0.));
#2395 = DIRECTION('',(0.,0.,-1.));
#2396 = ADVANCED_FACE('',(#2397),#2433,.T.);
#2397 = FACE_BOUND('',#2398,.T.);
#2398 = EDGE_LOOP('',(#2399,#2407,#2408,#2409,#2417,#2424,#2425,#2426));
#2399 = ORIENTED_EDGE('',*,*,#2400,.F.);
#2400 = EDGE_CURVE('',#2343,#2401,#2403,.T.);
#2401 = VERTEX_POINT('',#2402);
#2402 = CARTESIAN_POINT('',(-15.5,-19.,1.));
#2403 = LINE('',#2404,#2405);
#2404 = CARTESIAN_POINT('',(-15.5,20.,1.));
#2405 = VECTOR('',#2406,1.);
#2406 = DIRECTION('',(0.,-1.,0.));
#2407 = ORIENTED_EDGE('',*,*,#2383,.T.);
#2408 = ORIENTED_EDGE('',*,*,#1354,.T.);
#2409 = ORIENTED_EDGE('',*,*,#2410,.T.);
#2410 = EDGE_CURVE('',#1346,#2411,#2413,.T.);
#2411 = VERTEX_POINT('',#2412);
#2412 = CARTESIAN_POINT('',(-14.,14.355602783434,-1.291287847478));
#2413 = LINE('',#2414,#2415);
#2414 = CARTESIAN_POINT('',(-14.,20.,-1.291287847478));
#2415 = VECTOR('',#2416,1.);
#2416 = DIRECTION('',(0.,-1.,0.));
#2417 = ORIENTED_EDGE('',*,*,#2418,.F.);
#2418 = EDGE_CURVE('',#1317,#2411,#2419,.T.);
#2419 = ELLIPSE('',#2420,3.340461939404,2.5);
#2420 = AXIS2_PLACEMENT_3D('',#2421,#2422,#2423);
#2421 = CARTESIAN_POINT('',(-13.,16.386192898064,1.));
#2422 = DIRECTION('',(1.567243792508E-16,0.748399486463,-0.663248225525)
  );
#2423 = DIRECTION('',(1.768454711731E-16,-0.663248225525,-0.748399486463
    ));
#2424 = ORIENTED_EDGE('',*,*,#1316,.T.);
#2425 = ORIENTED_EDGE('',*,*,#1415,.T.);
#2426 = ORIENTED_EDGE('',*,*,#2427,.T.);
#2427 = EDGE_CURVE('',#1416,#2401,#2428,.T.);
#2428 = CIRCLE('',#2429,2.5);
#2429 = AXIS2_PLACEMENT_3D('',#2430,#2431,#2432);
#2430 = CARTESIAN_POINT('',(-13.,-19.,1.));
#2431 = DIRECTION('',(0.,1.,0.));
#2432 = DIRECTION('',(0.,0.,-1.));
#2433 = CYLINDRICAL_SURFACE('',#2434,2.5);
#2434 = AXIS2_PLACEMENT_3D('',#2435,#2436,#2437);
#2435 = CARTESIAN_POINT('',(-13.,20.,1.));
#2436 = DIRECTION('',(0.,-1.,0.));
#2437 = DIRECTION('',(-1.,0.,0.));
#2438 = ADVANCED_FACE('',(#2439),#2449,.F.);
#2439 = FACE_BOUND('',#2440,.F.);
#2440 = EDGE_LOOP('',(#2441,#2442,#2443));
#2441 = ORIENTED_EDGE('',*,*,#1345,.F.);
#2442 = ORIENTED_EDGE('',*,*,#2410,.T.);
#2443 = ORIENTED_EDGE('',*,*,#2444,.F.);
#2444 = EDGE_CURVE('',#1338,#2411,#2445,.T.);
#2445 = LINE('',#2446,#2447);
#2446 = CARTESIAN_POINT('',(-14.,14.170637444344,-1.499999999974));
#2447 = VECTOR('',#2448,1.);
#2448 = DIRECTION('',(1.283633121099E-16,0.663248225525,0.748399486463)
  );
#2449 = PLANE('',#2450);
#2450 = AXIS2_PLACEMENT_3D('',#2451,#2452,#2453);
#2451 = CARTESIAN_POINT('',(-14.,18.389475700153,1.900026074101));
#2452 = DIRECTION('',(1.,-5.757254773002E-16,4.008036083139E-16));
#2453 = DIRECTION('',(5.757254773002E-16,1.,0.));
#2454 = ADVANCED_FACE('',(#2455),#2460,.F.);
#2455 = FACE_BOUND('',#2456,.F.);
#2456 = EDGE_LOOP('',(#2457,#2458,#2459));
#2457 = ORIENTED_EDGE('',*,*,#2418,.F.);
#2458 = ORIENTED_EDGE('',*,*,#1337,.T.);
#2459 = ORIENTED_EDGE('',*,*,#2444,.T.);
#2460 = PLANE('',#2461);
#2461 = AXIS2_PLACEMENT_3D('',#2462,#2463,#2464);
#2462 = CARTESIAN_POINT('',(14.,14.170637444344,-1.499999999974));
#2463 = DIRECTION('',(1.567243792508E-16,0.748399486463,-0.663248225525)
  );
#2464 = DIRECTION('',(1.283633121099E-16,0.663248225525,0.748399486463)
  );
#2465 = ADVANCED_FACE('',(#2466),#2510,.T.);
#2466 = FACE_BOUND('',#2467,.T.);
#2467 = EDGE_LOOP('',(#2468,#2478,#2485,#2486,#2487,#2496,#2502,#2503));
#2468 = ORIENTED_EDGE('',*,*,#2469,.F.);
#2469 = EDGE_CURVE('',#2470,#2472,#2474,.T.);
#2470 = VERTEX_POINT('',#2471);
#2471 = CARTESIAN_POINT('',(15.5,-19.,1.));
#2472 = VERTEX_POINT('',#2473);
#2473 = CARTESIAN_POINT('',(15.5,19.,1.));
#2474 = LINE('',#2475,#2476);
#2475 = CARTESIAN_POINT('',(15.5,-20.,1.));
#2476 = VECTOR('',#2477,1.);
#2477 = DIRECTION('',(0.,1.,0.));
#2478 = ORIENTED_EDGE('',*,*,#2479,.T.);
#2479 = EDGE_CURVE('',#2470,#1424,#2480,.T.);
#2480 = CIRCLE('',#2481,2.5);
#2481 = AXIS2_PLACEMENT_3D('',#2482,#2483,#2484);
#2482 = CARTESIAN_POINT('',(13.,-19.,1.));
#2483 = DIRECTION('',(0.,1.,0.));
#2484 = DIRECTION('',(-2.449293598295E-16,0.,-1.));
#2485 = ORIENTED_EDGE('',*,*,#1431,.T.);
#2486 = ORIENTED_EDGE('',*,*,#1608,.F.);
#2487 = ORIENTED_EDGE('',*,*,#2488,.F.);
#2488 = EDGE_CURVE('',#2489,#1601,#2491,.T.);
#2489 = VERTEX_POINT('',#2490);
#2490 = CARTESIAN_POINT('',(14.,14.355602783434,-1.291287847478));
#2491 = ELLIPSE('',#2492,3.340461939404,2.5);
#2492 = AXIS2_PLACEMENT_3D('',#2493,#2494,#2495);
#2493 = CARTESIAN_POINT('',(13.,16.386192898064,1.));
#2494 = DIRECTION('',(1.567243792508E-16,0.748399486463,-0.663248225525)
  );
#2495 = DIRECTION('',(-1.768454711731E-16,0.663248225525,0.748399486463)
  );
#2496 = ORIENTED_EDGE('',*,*,#2497,.T.);
#2497 = EDGE_CURVE('',#2489,#1571,#2498,.T.);
#2498 = LINE('',#2499,#2500);
#2499 = CARTESIAN_POINT('',(14.,-20.,-1.291287847478));
#2500 = VECTOR('',#2501,1.);
#2501 = DIRECTION('',(0.,1.,0.));
#2502 = ORIENTED_EDGE('',*,*,#1570,.F.);
#2503 = ORIENTED_EDGE('',*,*,#2504,.F.);
#2504 = EDGE_CURVE('',#2472,#1558,#2505,.T.);
#2505 = CIRCLE('',#2506,2.5);
#2506 = AXIS2_PLACEMENT_3D('',#2507,#2508,#2509);
#2507 = CARTESIAN_POINT('',(13.,19.,1.));
#2508 = DIRECTION('',(0.,1.,0.));
#2509 = DIRECTION('',(-2.449293598295E-16,0.,-1.));
#2510 = CYLINDRICAL_SURFACE('',#2511,2.5);
#2511 = AXIS2_PLACEMENT_3D('',#2512,#2513,#2514);
#2512 = CARTESIAN_POINT('',(13.,-20.,1.));
#2513 = DIRECTION('',(0.,1.,0.));
#2514 = DIRECTION('',(1.,0.,0.));
#2515 = ADVANCED_FACE('',(#2516),#2543,.T.);
#2516 = FACE_BOUND('',#2517,.T.);
#2517 = EDGE_LOOP('',(#2518,#2527,#2528,#2537));
#2518 = ORIENTED_EDGE('',*,*,#2519,.T.);
#2519 = EDGE_CURVE('',#2520,#1416,#2522,.T.);
#2520 = VERTEX_POINT('',#2521);
#2521 = CARTESIAN_POINT('',(-13.,-21.5,1.));
#2522 = CIRCLE('',#2523,2.5);
#2523 = AXIS2_PLACEMENT_3D('',#2524,#2525,#2526);
#2524 = CARTESIAN_POINT('',(-13.,-19.,1.));
#2525 = DIRECTION('',(1.,-0.,0.));
#2526 = DIRECTION('',(0.,2.449293598295E-16,-1.));
#2527 = ORIENTED_EDGE('',*,*,#1423,.T.);
#2528 = ORIENTED_EDGE('',*,*,#2529,.T.);
#2529 = EDGE_CURVE('',#1424,#2530,#2532,.T.);
#2530 = VERTEX_POINT('',#2531);
#2531 = CARTESIAN_POINT('',(13.,-21.5,1.));
#2532 = CIRCLE('',#2533,2.5);
#2533 = AXIS2_PLACEMENT_3D('',#2534,#2535,#2536);
#2534 = CARTESIAN_POINT('',(13.,-19.,1.));
#2535 = DIRECTION('',(-1.,0.,0.));
#2536 = DIRECTION('',(0.,0.,-1.));
#2537 = ORIENTED_EDGE('',*,*,#2538,.F.);
#2538 = EDGE_CURVE('',#2520,#2530,#2539,.T.);
#2539 = LINE('',#2540,#2541);
#2540 = CARTESIAN_POINT('',(-14.,-21.5,1.));
#2541 = VECTOR('',#2542,1.);
#2542 = DIRECTION('',(1.,0.,0.));
#2543 = CYLINDRICAL_SURFACE('',#2544,2.5);
#2544 = AXIS2_PLACEMENT_3D('',#2545,#2546,#2547);
#2545 = CARTESIAN_POINT('',(-14.,-19.,1.));
#2546 = DIRECTION('',(1.,0.,0.));
#2547 = DIRECTION('',(0.,-1.,0.));
#2548 = ADVANCED_FACE('',(#2549),#2582,.T.);
#2549 = FACE_BOUND('',#2550,.T.);
#2550 = EDGE_LOOP('',(#2551,#2557,#2564,#2565,#2573,#2580,#2581));
#2551 = ORIENTED_EDGE('',*,*,#2552,.F.);
#2552 = EDGE_CURVE('',#2472,#1981,#2553,.T.);
#2553 = LINE('',#2554,#2555);
#2554 = CARTESIAN_POINT('',(15.5,19.,0.));
#2555 = VECTOR('',#2556,1.);
#2556 = DIRECTION('',(0.,0.,1.));
#2557 = ORIENTED_EDGE('',*,*,#2558,.T.);
#2558 = EDGE_CURVE('',#2472,#1537,#2559,.T.);
#2559 = CIRCLE('',#2560,2.5);
#2560 = AXIS2_PLACEMENT_3D('',#2561,#2562,#2563);
#2561 = CARTESIAN_POINT('',(13.,19.,1.));
#2562 = DIRECTION('',(0.,1.110223024625E-16,1.));
#2563 = DIRECTION('',(-2.449293598295E-16,1.,-1.110223024625E-16));
#2564 = ORIENTED_EDGE('',*,*,#1536,.T.);
#2565 = ORIENTED_EDGE('',*,*,#2566,.T.);
#2566 = EDGE_CURVE('',#1522,#2567,#2569,.T.);
#2567 = VERTEX_POINT('',#2568);
#2568 = CARTESIAN_POINT('',(14.,21.291287847478,6.));
#2569 = LINE('',#2570,#2571);
#2570 = CARTESIAN_POINT('',(14.,21.291287847478,4.008036083139E-16));
#2571 = VECTOR('',#2572,1.);
#2572 = DIRECTION('',(0.,0.,1.));
#2573 = ORIENTED_EDGE('',*,*,#2574,.T.);
#2574 = EDGE_CURVE('',#2567,#1478,#2575,.T.);
#2575 = CIRCLE('',#2576,2.5);
#2576 = AXIS2_PLACEMENT_3D('',#2577,#2578,#2579);
#2577 = CARTESIAN_POINT('',(13.,19.,5.999999999996));
#2578 = DIRECTION('',(0.,0.,1.));
#2579 = DIRECTION('',(1.,0.,0.));
#2580 = ORIENTED_EDGE('',*,*,#1485,.T.);
#2581 = ORIENTED_EDGE('',*,*,#1988,.F.);
#2582 = CYLINDRICAL_SURFACE('',#2583,2.5);
#2583 = AXIS2_PLACEMENT_3D('',#2584,#2585,#2586);
#2584 = CARTESIAN_POINT('',(13.,19.,0.));
#2585 = DIRECTION('',(0.,0.,1.));
#2586 = DIRECTION('',(1.,0.,0.));
#2587 = ADVANCED_FACE('',(#2588),#2598,.F.);
#2588 = FACE_BOUND('',#2589,.F.);
#2589 = EDGE_LOOP('',(#2590,#2596,#2597));
#2590 = ORIENTED_EDGE('',*,*,#2591,.F.);
#2591 = EDGE_CURVE('',#1592,#2489,#2592,.T.);
#2592 = LINE('',#2593,#2594);
#2593 = CARTESIAN_POINT('',(14.,14.170637444344,-1.499999999974));
#2594 = VECTOR('',#2595,1.);
#2595 = DIRECTION('',(1.283633121099E-16,0.663248225525,0.748399486463)
  );
#2596 = ORIENTED_EDGE('',*,*,#1600,.T.);
#2597 = ORIENTED_EDGE('',*,*,#2488,.F.);
#2598 = PLANE('',#2599);
#2599 = AXIS2_PLACEMENT_3D('',#2600,#2601,#2602);
#2600 = CARTESIAN_POINT('',(14.,14.170637444344,-1.499999999974));
#2601 = DIRECTION('',(1.567243792508E-16,0.748399486463,-0.663248225525)
  );
#2602 = DIRECTION('',(1.283633121099E-16,0.663248225525,0.748399486463)
  );
#2603 = ADVANCED_FACE('',(#2604),#2609,.T.);
#2604 = FACE_BOUND('',#2605,.T.);
#2605 = EDGE_LOOP('',(#2606,#2607,#2608));
#2606 = ORIENTED_EDGE('',*,*,#1591,.F.);
#2607 = ORIENTED_EDGE('',*,*,#2497,.F.);
#2608 = ORIENTED_EDGE('',*,*,#2591,.F.);
#2609 = PLANE('',#2610);
#2610 = AXIS2_PLACEMENT_3D('',#2611,#2612,#2613);
#2611 = CARTESIAN_POINT('',(14.,18.389475700153,1.900026074101));
#2612 = DIRECTION('',(1.,-5.757254773002E-16,4.008036083139E-16));
#2613 = DIRECTION('',(5.757254773002E-16,1.,0.));
#2614 = ADVANCED_FACE('',(#2615),#2620,.T.);
#2615 = FACE_BOUND('',#2616,.F.);
#2616 = EDGE_LOOP('',(#2617,#2618,#2619));
#2617 = ORIENTED_EDGE('',*,*,#2504,.F.);
#2618 = ORIENTED_EDGE('',*,*,#2558,.T.);
#2619 = ORIENTED_EDGE('',*,*,#1557,.T.);
#2620 = SPHERICAL_SURFACE('',#2621,2.5);
#2621 = AXIS2_PLACEMENT_3D('',#2622,#2623,#2624);
#2622 = CARTESIAN_POINT('',(13.,19.,1.));
#2623 = DIRECTION('',(-1.,0.,0.));
#2624 = DIRECTION('',(0.,0.,-1.));
#2625 = ADVANCED_FACE('',(#2626),#2644,.T.);
#2626 = FACE_BOUND('',#2627,.F.);
#2627 = EDGE_LOOP('',(#2628,#2637,#2643));
#2628 = ORIENTED_EDGE('',*,*,#2629,.F.);
#2629 = EDGE_CURVE('',#2630,#1522,#2632,.T.);
#2630 = VERTEX_POINT('',#2631);
#2631 = CARTESIAN_POINT('',(14.,21.5,6.));
#2632 = CIRCLE('',#2633,7.501986334883);
#2633 = AXIS2_PLACEMENT_3D('',#2634,#2635,#2636);
#2634 = CARTESIAN_POINT('',(14.,13.998013665117,6.));
#2635 = DIRECTION('',(-1.,4.440892098501E-16,-2.22044604925E-16));
#2636 = DIRECTION('',(-4.440892098501E-16,-1.,-2.22044604925E-16));
#2637 = ORIENTED_EDGE('',*,*,#2638,.T.);
#2638 = EDGE_CURVE('',#2630,#1478,#2639,.T.);
#2639 = LINE('',#2640,#2641);
#2640 = CARTESIAN_POINT('',(14.,21.5,6.));
#2641 = VECTOR('',#2642,1.);
#2642 = DIRECTION('',(-1.,1.110223024625E-16,-1.110223024625E-16));
#2643 = ORIENTED_EDGE('',*,*,#1521,.F.);
#2644 = CYLINDRICAL_SURFACE('',#2645,7.501986334883);
#2645 = AXIS2_PLACEMENT_3D('',#2646,#2647,#2648);
#2646 = CARTESIAN_POINT('',(14.,13.998013665117,6.));
#2647 = DIRECTION('',(1.,-4.440892098501E-16,2.22044604925E-16));
#2648 = DIRECTION('',(-4.440892098501E-16,-1.,-2.22044604925E-16));
#2649 = ADVANCED_FACE('',(#2650),#2656,.F.);
#2650 = FACE_BOUND('',#2651,.F.);
#2651 = EDGE_LOOP('',(#2652,#2653,#2654,#2655));
#2652 = ORIENTED_EDGE('',*,*,#1707,.F.);
#2653 = ORIENTED_EDGE('',*,*,#1636,.T.);
#2654 = ORIENTED_EDGE('',*,*,#1922,.F.);
#2655 = ORIENTED_EDGE('',*,*,#1733,.F.);
#2656 = CYLINDRICAL_SURFACE('',#2657,1.);
#2657 = AXIS2_PLACEMENT_3D('',#2658,#2659,#2660);
#2658 = CARTESIAN_POINT('',(13.,-19.,0.));
#2659 = DIRECTION('',(0.,0.,1.));
#2660 = DIRECTION('',(0.,-1.,0.));
#2661 = ADVANCED_FACE('',(#2662),#2773,.F.);
#2662 = FACE_BOUND('',#2663,.T.);
#2663 = EDGE_LOOP('',(#2664,#2671,#2672,#2673,#2684,#2693));
#2664 = ORIENTED_EDGE('',*,*,#2665,.F.);
#2665 = EDGE_CURVE('',#1690,#2666,#2668,.T.);
#2666 = VERTEX_POINT('',#2667);
#2667 = CARTESIAN_POINT('',(11.582938906563,17.,0.661467273428));
#2668 = B_SPLINE_CURVE_WITH_KNOTS('',1,(#2669,#2670),.UNSPECIFIED.,.F.,
  .F.,(2,2),(0.,1.),.PIECEWISE_BEZIER_KNOTS.);
#2669 = CARTESIAN_POINT('',(12.05,17.,6.));
#2670 = CARTESIAN_POINT('',(11.568812350607,17.,0.5));
#2671 = ORIENTED_EDGE('',*,*,#1689,.T.);
#2672 = ORIENTED_EDGE('',*,*,#2665,.T.);
#2673 = ORIENTED_EDGE('',*,*,#2674,.F.);
#2674 = EDGE_CURVE('',#2675,#2666,#2677,.T.);
#2675 = VERTEX_POINT('',#2676);
#2676 = CARTESIAN_POINT('',(11.531095847722,16.718572933745,0.5));
#2677 = B_SPLINE_CURVE_WITH_KNOTS('',5,(#2678,#2679,#2680,#2681,#2682,
    #2683),.UNSPECIFIED.,.F.,.F.,(6,6),(0.,1.),
  .PIECEWISE_BEZIER_KNOTS.);
#2678 = CARTESIAN_POINT('',(11.531095847722,16.718572933745,0.5));
#2679 = CARTESIAN_POINT('',(11.548828316173,16.773661861197,
    0.529733613025));
#2680 = CARTESIAN_POINT('',(11.562920841173,16.829780499054,
    0.560913580718));
#2681 = CARTESIAN_POINT('',(11.573278473358,16.886483683913,
    0.593390767815));
#2682 = CARTESIAN_POINT('',(11.579921590395,16.943348800761,
    0.626979191811));
#2683 = CARTESIAN_POINT('',(11.582938906563,17.,0.661467273428));
#2684 = ORIENTED_EDGE('',*,*,#2685,.F.);
#2685 = EDGE_CURVE('',#2686,#2675,#2688,.T.);
#2686 = VERTEX_POINT('',#2687);
#2687 = CARTESIAN_POINT('',(9.468904152278,16.718572933745,0.5));
#2688 = CIRCLE('',#2689,1.068812350607);
#2689 = AXIS2_PLACEMENT_3D('',#2690,#2691,#2692);
#2690 = CARTESIAN_POINT('',(10.5,17.,0.5));
#2691 = DIRECTION('',(0.,0.,1.));
#2692 = DIRECTION('',(1.,0.,0.));
#2693 = ORIENTED_EDGE('',*,*,#2694,.F.);
#2694 = EDGE_CURVE('',#2666,#2686,#2695,.T.);
#2695 = B_SPLINE_CURVE_WITH_KNOTS('',6,(#2696,#2697,#2698,#2699,#2700,
    #2701,#2702,#2703,#2704,#2705,#2706,#2707,#2708,#2709,#2710,#2711,
    #2712,#2713,#2714,#2715,#2716,#2717,#2718,#2719,#2720,#2721,#2722,
    #2723,#2724,#2725,#2726,#2727,#2728,#2729,#2730,#2731,#2732,#2733,
    #2734,#2735,#2736,#2737,#2738,#2739,#2740,#2741,#2742,#2743,#2744,
    #2745,#2746,#2747,#2748,#2749,#2750,#2751,#2752,#2753,#2754,#2755,
    #2756,#2757,#2758,#2759,#2760,#2761,#2762,#2763,#2764,#2765,#2766,
    #2767,#2768,#2769,#2770,#2771,#2772),.UNSPECIFIED.,.F.,.F.,(7,5,5,5,
    5,5,5,5,5,5,5,5,5,5,5,7),(0.,7.070265819312E-02,0.135409861887,
    0.193576417844,0.242365175602,0.299189176539,0.345222743524,
    0.387150376791,0.460420873952,0.542745236786,0.584830275599,
    0.63038880169,0.735916896652,0.831912336583,0.879178774748,1.),
  .UNSPECIFIED.);
#2696 = CARTESIAN_POINT('',(11.582938906563,17.,0.661467273428));
#2697 = CARTESIAN_POINT('',(11.585450312651,17.047152555024,
    0.690172776365));
#2698 = CARTESIAN_POINT('',(11.585550441426,17.09416553116,
    0.719478285083));
#2699 = CARTESIAN_POINT('',(11.583283748428,17.140855833422,
    0.749281364738));
#2700 = CARTESIAN_POINT('',(11.57871577341,17.187064813785,
    0.779477464857));
#2701 = CARTESIAN_POINT('',(11.571923374188,17.232656637142,
    0.809962152174));
#2702 = CARTESIAN_POINT('',(11.554804507715,17.318572611598,
    0.868703674522));
#2703 = CARTESIAN_POINT('',(11.544826621264,17.359015490428,
    0.896930152539));
#2704 = CARTESIAN_POINT('',(11.533111381984,17.39875902841,
    0.925235636996));
#2705 = CARTESIAN_POINT('',(11.519720074151,17.437729838407,
    0.953543623363));
#2706 = CARTESIAN_POINT('',(11.504711812646,17.475865190793,
    0.981778480599));
#2707 = CARTESIAN_POINT('',(11.47324360042,17.546591603175,
    1.035113822785));
#2708 = CARTESIAN_POINT('',(11.457083972118,17.579352464416,
    1.060242003021));
#2709 = CARTESIAN_POINT('',(11.43970060461,17.611354785795,
    1.085196360956));
#2710 = CARTESIAN_POINT('',(11.421129807991,17.64256197012,
    1.109921557562));
#2711 = CARTESIAN_POINT('',(11.401404883076,17.672939423687,
    1.134360783174));
#2712 = CARTESIAN_POINT('',(11.363068663764,17.727211164804,
    1.178666062992));
#2713 = CARTESIAN_POINT('',(11.344790755756,17.751360542098,
    1.198633810732));
#2714 = CARTESIAN_POINT('',(11.325740058946,17.77488318526,
    1.218324505597));
#2715 = CARTESIAN_POINT('',(11.305933429783,17.797758800509,
    1.237701783209));
#2716 = CARTESIAN_POINT('',(11.285386919593,17.819966303188,
    1.25672740994));
#2717 = CARTESIAN_POINT('',(11.239341387626,17.866545150025,
    1.297064053451));
#2718 = CARTESIAN_POINT('',(11.213584620702,17.890669891688,
    1.31823488982));
#2719 = CARTESIAN_POINT('',(11.186869521666,17.91382363452,
    1.338810703296));
#2720 = CARTESIAN_POINT('',(11.159221051439,17.935967884618,
    1.358722752353));
#2721 = CARTESIAN_POINT('',(11.130666278237,17.957060646268,
    1.377897541205));
#2722 = CARTESIAN_POINT('',(11.077393526632,17.993256212827,
    1.411131441291));
#2723 = CARTESIAN_POINT('',(11.052977060487,18.008735580701,
    1.425470283933));
#2724 = CARTESIAN_POINT('',(11.028002690113,18.02347107984,
    1.439233038441));
#2725 = CARTESIAN_POINT('',(11.002489529372,18.037436669308,
    1.452376128655));
#2726 = CARTESIAN_POINT('',(10.976460074179,18.050605082097,
    1.464854753436));
#2727 = CARTESIAN_POINT('',(10.925787253201,18.074191165856,
    1.487343553672));
#2728 = CARTESIAN_POINT('',(10.901227430929,18.084749380109,
    1.497474585628));
#2729 = CARTESIAN_POINT('',(10.876281991736,18.094602224136,
    1.50698315937));
#2730 = CARTESIAN_POINT('',(10.850974608664,18.103728272965,
    1.515835175835));
#2731 = CARTESIAN_POINT('',(10.825332685012,18.112106605251,
    1.523997733563));
#2732 = CARTESIAN_POINT('',(10.754048128939,18.13301845128,
    1.544446968894));
#2733 = CARTESIAN_POINT('',(10.707777873121,18.143977664361,
    1.555256772206));
#2734 = CARTESIAN_POINT('',(10.660756091529,18.152487705285,
    1.563704036041));
#2735 = CARTESIAN_POINT('',(10.613187755968,18.158461255018,
    1.569654898618));
#2736 = CARTESIAN_POINT('',(10.565304851516,18.161844241206,
    1.573027021417));
#2737 = CARTESIAN_POINT('',(10.46350641652,18.163510235045,
    1.574687906273));
#2738 = CARTESIAN_POINT('',(10.409336182132,18.161115488184,
    1.572300993522));
#2739 = CARTESIAN_POINT('',(10.355497772821,18.155375386152,
    1.566572859236));
#2740 = CARTESIAN_POINT('',(10.302424676538,18.14641065546,
    1.557657082719));
#2741 = CARTESIAN_POINT('',(10.250361818083,18.134376684126,
    1.545772846918));
#2742 = CARTESIAN_POINT('',(10.173352785974,18.111686813144,
    1.523588449758));
#2743 = CARTESIAN_POINT('',(10.147608907275,18.103237727138,
    1.515358527761));
#2744 = CARTESIAN_POINT('',(10.122203649641,18.094034873457,
    1.506434042274));
#2745 = CARTESIAN_POINT('',(10.097164675627,18.084099482606,
    1.496848391609));
#2746 = CARTESIAN_POINT('',(10.072515859977,18.073453278906,
    1.486636165847));
#2747 = CARTESIAN_POINT('',(10.022039317282,18.049846256731,
    1.46413567925));
#2748 = CARTESIAN_POINT('',(9.996282303897,18.036766974638,
    1.451745684856));
#2749 = CARTESIAN_POINT('',(9.971032550805,18.022906623068,
    1.438705414627));
#2750 = CARTESIAN_POINT('',(9.946311831075,18.008291664149,
    1.425058366996));
#2751 = CARTESIAN_POINT('',(9.922138677786,17.992947372486,
    1.410846849136));
#2752 = CARTESIAN_POINT('',(9.843841880712,17.939719512331,1.36197771353
    ));
#2753 = CARTESIAN_POINT('',(9.792190071511,17.898762093494,
    1.325037792497));
#2754 = CARTESIAN_POINT('',(9.743750577454,17.85430373869,1.285779933878
    ));
#2755 = CARTESIAN_POINT('',(9.698682240612,17.806593453723,
    1.244649367863));
#2756 = CARTESIAN_POINT('',(9.657141903381,17.755848316241,
    1.202040548941));
#2757 = CARTESIAN_POINT('',(9.584877306209,17.653496135248,
    1.118491475176));
#2758 = CARTESIAN_POINT('',(9.553522435433,17.602391434026,
    1.077756995829));
#2759 = CARTESIAN_POINT('',(9.525366234103,17.549081357507,
    1.036344854852));
#2760 = CARTESIAN_POINT('',(9.500572190204,17.493722761901,
    0.994506056555));
#2761 = CARTESIAN_POINT('',(9.479324958214,17.436498478579,
    0.952486096053));
#2762 = CARTESIAN_POINT('',(9.453198548065,17.348644882091,
    0.889866770312));
#2763 = CARTESIAN_POINT('',(9.445485761109,17.31926223735,0.869222371969
    ));
#2764 = CARTESIAN_POINT('',(9.438704010407,17.289510042017,
    0.848623379212));
#2765 = CARTESIAN_POINT('',(9.432876884169,17.259419783022,
    0.828099951999));
#2766 = CARTESIAN_POINT('',(9.428027630621,17.229026905817,
    0.807682620888));
#2767 = CARTESIAN_POINT('',(9.414341793599,17.120008520263,
    0.735562231365));
#2768 = CARTESIAN_POINT('',(9.411038214754,17.039895218783,
    0.684596214076));
#2769 = CARTESIAN_POINT('',(9.414658047911,16.958746848423,
    0.635056583789));
#2770 = CARTESIAN_POINT('',(9.425495261859,16.877433282272,
    0.587475747361));
#2771 = CARTESIAN_POINT('',(9.443660521464,16.796996563845,
    0.542328249564));
#2772 = CARTESIAN_POINT('',(9.468904152278,16.718572933745,0.5));
#2773 = CONICAL_SURFACE('',#2774,1.55,8.726646259972E-02);
#2774 = AXIS2_PLACEMENT_3D('',#2775,#2776,#2777);
#2775 = CARTESIAN_POINT('',(10.5,17.,6.));
#2776 = DIRECTION('',(0.,0.,1.));
#2777 = DIRECTION('',(1.,0.,0.));
#2778 = ADVANCED_FACE('',(#2779),#2797,.F.);
#2779 = FACE_BOUND('',#2780,.T.);
#2780 = EDGE_LOOP('',(#2781,#2782,#2789,#2796));
#2781 = ORIENTED_EDGE('',*,*,#1757,.T.);
#2782 = ORIENTED_EDGE('',*,*,#2783,.T.);
#2783 = EDGE_CURVE('',#1758,#2784,#2786,.T.);
#2784 = VERTEX_POINT('',#2785);
#2785 = CARTESIAN_POINT('',(-9.431187649393,-8.,0.5));
#2786 = B_SPLINE_CURVE_WITH_KNOTS('',1,(#2787,#2788),.UNSPECIFIED.,.F.,
  .F.,(2,2),(0.,1.),.PIECEWISE_BEZIER_KNOTS.);
#2787 = CARTESIAN_POINT('',(-8.95,-8.,6.));
#2788 = CARTESIAN_POINT('',(-9.431187649393,-8.,0.5));
#2789 = ORIENTED_EDGE('',*,*,#2790,.F.);
#2790 = EDGE_CURVE('',#2784,#2784,#2791,.T.);
#2791 = CIRCLE('',#2792,1.068812350607);
#2792 = AXIS2_PLACEMENT_3D('',#2793,#2794,#2795);
#2793 = CARTESIAN_POINT('',(-10.5,-8.,0.5));
#2794 = DIRECTION('',(0.,0.,1.));
#2795 = DIRECTION('',(1.,0.,0.));
#2796 = ORIENTED_EDGE('',*,*,#2783,.F.);
#2797 = CONICAL_SURFACE('',#2798,1.55,8.726646259972E-02);
#2798 = AXIS2_PLACEMENT_3D('',#2799,#2800,#2801);
#2799 = CARTESIAN_POINT('',(-10.5,-8.,6.));
#2800 = DIRECTION('',(0.,0.,1.));
#2801 = DIRECTION('',(1.,0.,0.));
#2802 = ADVANCED_FACE('',(#2803),#2821,.F.);
#2803 = FACE_BOUND('',#2804,.T.);
#2804 = EDGE_LOOP('',(#2805,#2806,#2813,#2820));
#2805 = ORIENTED_EDGE('',*,*,#1777,.T.);
#2806 = ORIENTED_EDGE('',*,*,#2807,.T.);
#2807 = EDGE_CURVE('',#1778,#2808,#2810,.T.);
#2808 = VERTEX_POINT('',#2809);
#2809 = CARTESIAN_POINT('',(11.568812350607,-8.,0.5));
#2810 = B_SPLINE_CURVE_WITH_KNOTS('',1,(#2811,#2812),.UNSPECIFIED.,.F.,
  .F.,(2,2),(0.,1.),.PIECEWISE_BEZIER_KNOTS.);
#2811 = CARTESIAN_POINT('',(12.05,-8.,6.));
#2812 = CARTESIAN_POINT('',(11.568812350607,-8.,0.5));
#2813 = ORIENTED_EDGE('',*,*,#2814,.F.);
#2814 = EDGE_CURVE('',#2808,#2808,#2815,.T.);
#2815 = CIRCLE('',#2816,1.068812350607);
#2816 = AXIS2_PLACEMENT_3D('',#2817,#2818,#2819);
#2817 = CARTESIAN_POINT('',(10.5,-8.,0.5));
#2818 = DIRECTION('',(0.,0.,1.));
#2819 = DIRECTION('',(1.,0.,0.));
#2820 = ORIENTED_EDGE('',*,*,#2807,.F.);
#2821 = CONICAL_SURFACE('',#2822,1.55,8.726646259972E-02);
#2822 = AXIS2_PLACEMENT_3D('',#2823,#2824,#2825);
#2823 = CARTESIAN_POINT('',(10.5,-8.,6.));
#2824 = DIRECTION('',(0.,0.,1.));
#2825 = DIRECTION('',(1.,0.,0.));
#2826 = ADVANCED_FACE('',(#2827),#2845,.F.);
#2827 = FACE_BOUND('',#2828,.T.);
#2828 = EDGE_LOOP('',(#2829,#2830,#2837,#2844));
#2829 = ORIENTED_EDGE('',*,*,#1797,.T.);
#2830 = ORIENTED_EDGE('',*,*,#2831,.T.);
#2831 = EDGE_CURVE('',#1798,#2832,#2834,.T.);
#2832 = VERTEX_POINT('',#2833);
#2833 = CARTESIAN_POINT('',(0.287670047111,-15.,6.));
#2834 = B_SPLINE_CURVE_WITH_KNOTS('',1,(#2835,#2836),.UNSPECIFIED.,.F.,
  .F.,(2,2),(0.,1.),.PIECEWISE_BEZIER_KNOTS.);
#2835 = CARTESIAN_POINT('',(1.6,-15.,21.));
#2836 = CARTESIAN_POINT('',(0.287670047111,-15.,6.));
#2837 = ORIENTED_EDGE('',*,*,#2838,.F.);
#2838 = EDGE_CURVE('',#2832,#2832,#2839,.T.);
#2839 = CIRCLE('',#2840,0.287670047111);
#2840 = AXIS2_PLACEMENT_3D('',#2841,#2842,#2843);
#2841 = CARTESIAN_POINT('',(0.,-15.,6.));
#2842 = DIRECTION('',(0.,0.,1.));
#2843 = DIRECTION('',(1.,0.,0.));
#2844 = ORIENTED_EDGE('',*,*,#2831,.F.);
#2845 = CONICAL_SURFACE('',#2846,1.6,8.726646259972E-02);
#2846 = AXIS2_PLACEMENT_3D('',#2847,#2848,#2849);
#2847 = CARTESIAN_POINT('',(0.,-15.,21.));
#2848 = DIRECTION('',(0.,0.,1.));
#2849 = DIRECTION('',(1.,0.,0.));
#2850 = ADVANCED_FACE('',(#2851),#2868,.F.);
#2851 = FACE_BOUND('',#2852,.F.);
#2852 = EDGE_LOOP('',(#2853,#2854,#2855,#2856,#2857,#2863,#2864,#2865,
    #2866,#2867));
#2853 = ORIENTED_EDGE('',*,*,#1814,.T.);
#2854 = ORIENTED_EDGE('',*,*,#2056,.T.);
#2855 = ORIENTED_EDGE('',*,*,#2032,.T.);
#2856 = ORIENTED_EDGE('',*,*,#1946,.T.);
#2857 = ORIENTED_EDGE('',*,*,#2858,.F.);
#2858 = EDGE_CURVE('',#2401,#1947,#2859,.T.);
#2859 = LINE('',#2860,#2861);
#2860 = CARTESIAN_POINT('',(-15.5,-19.,0.));
#2861 = VECTOR('',#2862,1.);
#2862 = DIRECTION('',(0.,0.,1.));
#2863 = ORIENTED_EDGE('',*,*,#2400,.F.);
#2864 = ORIENTED_EDGE('',*,*,#2342,.T.);
#2865 = ORIENTED_EDGE('',*,*,#2005,.T.);
#2866 = ORIENTED_EDGE('',*,*,#1870,.T.);
#2867 = ORIENTED_EDGE('',*,*,#1845,.F.);
#2868 = PLANE('',#2869);
#2869 = AXIS2_PLACEMENT_3D('',#2870,#2871,#2872);
#2870 = CARTESIAN_POINT('',(-15.5,20.,0.));
#2871 = DIRECTION('',(1.,0.,0.));
#2872 = DIRECTION('',(0.,-1.,0.));
#2873 = ADVANCED_FACE('',(#2874),#2903,.F.);
#2874 = FACE_BOUND('',#2875,.F.);
#2875 = EDGE_LOOP('',(#2876,#2877,#2878,#2879,#2880,#2888,#2896,#2902));
#2876 = ORIENTED_EDGE('',*,*,#2075,.F.);
#2877 = ORIENTED_EDGE('',*,*,#1905,.F.);
#2878 = ORIENTED_EDGE('',*,*,#2185,.F.);
#2879 = ORIENTED_EDGE('',*,*,#2162,.F.);
#2880 = ORIENTED_EDGE('',*,*,#2881,.T.);
#2881 = EDGE_CURVE('',#2155,#2882,#2884,.T.);
#2882 = VERTEX_POINT('',#2883);
#2883 = CARTESIAN_POINT('',(2.75,18.5,21.199999999986));
#2884 = LINE('',#2885,#2886);
#2885 = CARTESIAN_POINT('',(2.75,18.5,17.999999999999));
#2886 = VECTOR('',#2887,1.);
#2887 = DIRECTION('',(0.,0.,1.));
#2888 = ORIENTED_EDGE('',*,*,#2889,.T.);
#2889 = EDGE_CURVE('',#2882,#2890,#2892,.T.);
#2890 = VERTEX_POINT('',#2891);
#2891 = CARTESIAN_POINT('',(-2.75,18.5,21.199999999986));
#2892 = LINE('',#2893,#2894);
#2893 = CARTESIAN_POINT('',(2.75,18.5,21.199999999986));
#2894 = VECTOR('',#2895,1.);
#2895 = DIRECTION('',(-1.,-0.,-0.));
#2896 = ORIENTED_EDGE('',*,*,#2897,.F.);
#2897 = EDGE_CURVE('',#2101,#2890,#2898,.T.);
#2898 = LINE('',#2899,#2900);
#2899 = CARTESIAN_POINT('',(-2.75,18.5,17.999999999999));
#2900 = VECTOR('',#2901,1.);
#2901 = DIRECTION('',(0.,0.,1.));
#2902 = ORIENTED_EDGE('',*,*,#2100,.F.);
#2903 = PLANE('',#2904);
#2904 = AXIS2_PLACEMENT_3D('',#2905,#2906,#2907);
#2905 = CARTESIAN_POINT('',(0.,18.5,20.));
#2906 = DIRECTION('',(0.,1.,0.));
#2907 = DIRECTION('',(0.,0.,1.));
#2908 = ADVANCED_FACE('',(#2909),#2926,.T.);
#2909 = FACE_BOUND('',#2910,.T.);
#2910 = EDGE_LOOP('',(#2911,#2918,#2924,#2925));
#2911 = ORIENTED_EDGE('',*,*,#2912,.F.);
#2912 = EDGE_CURVE('',#2520,#2401,#2913,.T.);
#2913 = CIRCLE('',#2914,2.5);
#2914 = AXIS2_PLACEMENT_3D('',#2915,#2916,#2917);
#2915 = CARTESIAN_POINT('',(-13.,-19.,1.));
#2916 = DIRECTION('',(1.110223024625E-16,0.,-1.));
#2917 = DIRECTION('',(-1.,2.449293598295E-16,-1.110223024625E-16));
#2918 = ORIENTED_EDGE('',*,*,#2919,.T.);
#2919 = EDGE_CURVE('',#2520,#1955,#2920,.T.);
#2920 = LINE('',#2921,#2922);
#2921 = CARTESIAN_POINT('',(-13.,-21.5,0.));
#2922 = VECTOR('',#2923,1.);
#2923 = DIRECTION('',(0.,0.,1.));
#2924 = ORIENTED_EDGE('',*,*,#1954,.F.);
#2925 = ORIENTED_EDGE('',*,*,#2858,.F.);
#2926 = CYLINDRICAL_SURFACE('',#2927,2.5);
#2927 = AXIS2_PLACEMENT_3D('',#2928,#2929,#2930);
#2928 = CARTESIAN_POINT('',(-13.,-19.,0.));
#2929 = DIRECTION('',(0.,0.,1.));
#2930 = DIRECTION('',(-1.,0.,0.));
#2931 = ADVANCED_FACE('',(#2932),#2975,.F.);
#2932 = FACE_BOUND('',#2933,.F.);
#2933 = EDGE_LOOP('',(#2934,#2935,#2943,#2951,#2959,#2967,#2973,#2974));
#2934 = ORIENTED_EDGE('',*,*,#1963,.T.);
#2935 = ORIENTED_EDGE('',*,*,#2936,.F.);
#2936 = EDGE_CURVE('',#2937,#1964,#2939,.T.);
#2937 = VERTEX_POINT('',#2938);
#2938 = CARTESIAN_POINT('',(13.,-21.5,21.5));
#2939 = LINE('',#2940,#2941);
#2940 = CARTESIAN_POINT('',(13.,-21.5,0.));
#2941 = VECTOR('',#2942,1.);
#2942 = DIRECTION('',(0.,0.,1.));
#2943 = ORIENTED_EDGE('',*,*,#2944,.T.);
#2944 = EDGE_CURVE('',#2937,#2945,#2947,.T.);
#2945 = VERTEX_POINT('',#2946);
#2946 = CARTESIAN_POINT('',(-12.,-21.5,21.5));
#2947 = LINE('',#2948,#2949);
#2948 = CARTESIAN_POINT('',(14.,-21.5,21.5));
#2949 = VECTOR('',#2950,1.);
#2950 = DIRECTION('',(-1.,0.,0.));
#2951 = ORIENTED_EDGE('',*,*,#2952,.F.);
#2952 = EDGE_CURVE('',#2953,#2945,#2955,.T.);
#2953 = VERTEX_POINT('',#2954);
#2954 = CARTESIAN_POINT('',(-12.,-21.5,19.378679656538));
#2955 = LINE('',#2956,#2957);
#2956 = CARTESIAN_POINT('',(-12.,-21.5,19.378679656538));
#2957 = VECTOR('',#2958,1.);
#2958 = DIRECTION('',(0.,0.,1.));
#2959 = ORIENTED_EDGE('',*,*,#2960,.F.);
#2960 = EDGE_CURVE('',#2961,#2953,#2963,.T.);
#2961 = VERTEX_POINT('',#2962);
#2962 = CARTESIAN_POINT('',(13.,-21.5,19.378679656538));
#2963 = LINE('',#2964,#2965);
#2964 = CARTESIAN_POINT('',(14.,-21.5,19.378679656538));
#2965 = VECTOR('',#2966,1.);
#2966 = DIRECTION('',(-1.,0.,0.));
#2967 = ORIENTED_EDGE('',*,*,#2968,.F.);
#2968 = EDGE_CURVE('',#2530,#2961,#2969,.T.);
#2969 = LINE('',#2970,#2971);
#2970 = CARTESIAN_POINT('',(13.,-21.5,0.));
#2971 = VECTOR('',#2972,1.);
#2972 = DIRECTION('',(0.,0.,1.));
#2973 = ORIENTED_EDGE('',*,*,#2538,.F.);
#2974 = ORIENTED_EDGE('',*,*,#2919,.T.);
#2975 = PLANE('',#2976);
#2976 = AXIS2_PLACEMENT_3D('',#2977,#2978,#2979);
#2977 = CARTESIAN_POINT('',(-14.,-21.5,0.));
#2978 = DIRECTION('',(0.,1.,0.));
#2979 = DIRECTION('',(1.,0.,0.));
#2980 = ADVANCED_FACE('',(#2981),#3005,.T.);
#2981 = FACE_BOUND('',#2982,.T.);
#2982 = EDGE_LOOP('',(#2983,#2990,#2996,#2997,#2998,#3004));
#2983 = ORIENTED_EDGE('',*,*,#2984,.F.);
#2984 = EDGE_CURVE('',#2470,#2530,#2985,.T.);
#2985 = CIRCLE('',#2986,2.5);
#2986 = AXIS2_PLACEMENT_3D('',#2987,#2988,#2989);
#2987 = CARTESIAN_POINT('',(13.,-19.,1.));
#2988 = DIRECTION('',(0.,1.110223024625E-16,-1.));
#2989 = DIRECTION('',(-2.449293598295E-16,-1.,-1.110223024625E-16));
#2990 = ORIENTED_EDGE('',*,*,#2991,.T.);
#2991 = EDGE_CURVE('',#2470,#1972,#2992,.T.);
#2992 = LINE('',#2993,#2994);
#2993 = CARTESIAN_POINT('',(15.5,-19.,0.));
#2994 = VECTOR('',#2995,1.);
#2995 = DIRECTION('',(0.,0.,1.));
#2996 = ORIENTED_EDGE('',*,*,#1971,.F.);
#2997 = ORIENTED_EDGE('',*,*,#2936,.F.);
#2998 = ORIENTED_EDGE('',*,*,#2999,.F.);
#2999 = EDGE_CURVE('',#2961,#2937,#3000,.T.);
#3000 = LINE('',#3001,#3002);
#3001 = CARTESIAN_POINT('',(13.,-21.5,0.));
#3002 = VECTOR('',#3003,1.);
#3003 = DIRECTION('',(0.,0.,1.));
#3004 = ORIENTED_EDGE('',*,*,#2968,.F.);
#3005 = CYLINDRICAL_SURFACE('',#3006,2.5);
#3006 = AXIS2_PLACEMENT_3D('',#3007,#3008,#3009);
#3007 = CARTESIAN_POINT('',(13.,-19.,0.));
#3008 = DIRECTION('',(0.,0.,1.));
#3009 = DIRECTION('',(0.,-1.,0.));
#3010 = ADVANCED_FACE('',(#3011),#3017,.F.);
#3011 = FACE_BOUND('',#3012,.F.);
#3012 = EDGE_LOOP('',(#3013,#3014,#3015,#3016));
#3013 = ORIENTED_EDGE('',*,*,#1980,.T.);
#3014 = ORIENTED_EDGE('',*,*,#2552,.F.);
#3015 = ORIENTED_EDGE('',*,*,#2469,.F.);
#3016 = ORIENTED_EDGE('',*,*,#2991,.T.);
#3017 = PLANE('',#3018);
#3018 = AXIS2_PLACEMENT_3D('',#3019,#3020,#3021);
#3019 = CARTESIAN_POINT('',(15.5,-20.,0.));
#3020 = DIRECTION('',(-1.,0.,0.));
#3021 = DIRECTION('',(0.,1.,0.));
#3022 = ADVANCED_FACE('',(#3023),#3042,.T.);
#3023 = FACE_BOUND('',#3024,.F.);
#3024 = EDGE_LOOP('',(#3025,#3026,#3034,#3040,#3041));
#3025 = ORIENTED_EDGE('',*,*,#2897,.T.);
#3026 = ORIENTED_EDGE('',*,*,#3027,.T.);
#3027 = EDGE_CURVE('',#2890,#3028,#3030,.T.);
#3028 = VERTEX_POINT('',#3029);
#3029 = CARTESIAN_POINT('',(-2.75,20.199999999999,19.499999999998));
#3030 = LINE('',#3031,#3032);
#3031 = CARTESIAN_POINT('',(-2.75,18.5,21.199999999986));
#3032 = VECTOR('',#3033,1.);
#3033 = DIRECTION('',(0.,0.707106781189,-0.707106781184));
#3034 = ORIENTED_EDGE('',*,*,#3035,.T.);
#3035 = EDGE_CURVE('',#3028,#2131,#3036,.T.);
#3036 = LINE('',#3037,#3038);
#3037 = CARTESIAN_POINT('',(-2.75,20.199999999999,19.499999999998));
#3038 = VECTOR('',#3039,1.);
#3039 = DIRECTION('',(0.,0.,-1.));
#3040 = ORIENTED_EDGE('',*,*,#2138,.T.);
#3041 = ORIENTED_EDGE('',*,*,#2108,.T.);
#3042 = PLANE('',#3043);
#3043 = AXIS2_PLACEMENT_3D('',#3044,#3045,#3046);
#3044 = CARTESIAN_POINT('',(-2.75,19.185873098805,19.351040764002));
#3045 = DIRECTION('',(1.,0.,0.));
#3046 = DIRECTION('',(0.,0.,1.));
#3047 = ADVANCED_FACE('',(#3048),#3067,.F.);
#3048 = FACE_BOUND('',#3049,.T.);
#3049 = EDGE_LOOP('',(#3050,#3051,#3059,#3065,#3066));
#3050 = ORIENTED_EDGE('',*,*,#2881,.T.);
#3051 = ORIENTED_EDGE('',*,*,#3052,.T.);
#3052 = EDGE_CURVE('',#2882,#3053,#3055,.T.);
#3053 = VERTEX_POINT('',#3054);
#3054 = CARTESIAN_POINT('',(2.75,20.199999999999,19.499999999998));
#3055 = LINE('',#3056,#3057);
#3056 = CARTESIAN_POINT('',(2.75,18.5,21.199999999986));
#3057 = VECTOR('',#3058,1.);
#3058 = DIRECTION('',(0.,0.707106781189,-0.707106781184));
#3059 = ORIENTED_EDGE('',*,*,#3060,.T.);
#3060 = EDGE_CURVE('',#3053,#2123,#3061,.T.);
#3061 = LINE('',#3062,#3063);
#3062 = CARTESIAN_POINT('',(2.75,20.199999999999,19.499999999998));
#3063 = VECTOR('',#3064,1.);
#3064 = DIRECTION('',(0.,0.,-1.));
#3065 = ORIENTED_EDGE('',*,*,#2122,.T.);
#3066 = ORIENTED_EDGE('',*,*,#2154,.T.);
#3067 = PLANE('',#3068);
#3068 = AXIS2_PLACEMENT_3D('',#3069,#3070,#3071);
#3069 = CARTESIAN_POINT('',(2.75,19.185873098805,19.351040764002));
#3070 = DIRECTION('',(1.,0.,0.));
#3071 = DIRECTION('',(0.,0.,1.));
#3072 = ADVANCED_FACE('',(#3073),#3084,.T.);
#3073 = FACE_BOUND('',#3074,.T.);
#3074 = EDGE_LOOP('',(#3075,#3081,#3082,#3083));
#3075 = ORIENTED_EDGE('',*,*,#3076,.T.);
#3076 = EDGE_CURVE('',#3053,#3028,#3077,.T.);
#3077 = LINE('',#3078,#3079);
#3078 = CARTESIAN_POINT('',(2.75,20.199999999999,19.499999999998));
#3079 = VECTOR('',#3080,1.);
#3080 = DIRECTION('',(-1.,-0.,-0.));
#3081 = ORIENTED_EDGE('',*,*,#3035,.T.);
#3082 = ORIENTED_EDGE('',*,*,#2130,.F.);
#3083 = ORIENTED_EDGE('',*,*,#3060,.F.);
#3084 = PLANE('',#3085);
#3085 = AXIS2_PLACEMENT_3D('',#3086,#3087,#3088);
#3086 = CARTESIAN_POINT('',(2.75,20.199999999999,19.499999999998));
#3087 = DIRECTION('',(0.,-1.,0.));
#3088 = DIRECTION('',(0.,0.,-1.));
#3089 = ADVANCED_FACE('',(#3090),#3100,.F.);
#3090 = FACE_BOUND('',#3091,.T.);
#3091 = EDGE_LOOP('',(#3092,#3093,#3094));
#3092 = ORIENTED_EDGE('',*,*,#2210,.T.);
#3093 = ORIENTED_EDGE('',*,*,#2230,.T.);
#3094 = ORIENTED_EDGE('',*,*,#3095,.T.);
#3095 = EDGE_CURVE('',#2222,#2211,#3096,.T.);
#3096 = LINE('',#3097,#3098);
#3097 = CARTESIAN_POINT('',(14.,16.718572933745,0.5));
#3098 = VECTOR('',#3099,1.);
#3099 = DIRECTION('',(1.,-4.440892098501E-16,2.22044604925E-16));
#3100 = CYLINDRICAL_SURFACE('',#3101,6.249988612114);
#3101 = AXIS2_PLACEMENT_3D('',#3102,#3103,#3104);
#3102 = CARTESIAN_POINT('',(14.,13.750011387886,6.));
#3103 = DIRECTION('',(1.,-4.440892098501E-16,2.22044604925E-16));
#3104 = DIRECTION('',(-4.440892098501E-16,-1.,-2.22044604925E-16));
#3105 = ADVANCED_FACE('',(#3106),#3110,.T.);
#3106 = FACE_BOUND('',#3107,.T.);
#3107 = EDGE_LOOP('',(#3108,#3109));
#3108 = ORIENTED_EDGE('',*,*,#3095,.F.);
#3109 = ORIENTED_EDGE('',*,*,#2221,.T.);
#3110 = PLANE('',#3111);
#3111 = AXIS2_PLACEMENT_3D('',#3112,#3113,#3114);
#3112 = CARTESIAN_POINT('',(-10.5,17.,0.5));
#3113 = DIRECTION('',(0.,0.,1.));
#3114 = DIRECTION('',(1.,0.,0.));
#3115 = ADVANCED_FACE('',(#3116),#3126,.F.);
#3116 = FACE_BOUND('',#3117,.F.);
#3117 = EDGE_LOOP('',(#3118,#3119,#3125));
#3118 = ORIENTED_EDGE('',*,*,#2327,.F.);
#3119 = ORIENTED_EDGE('',*,*,#3120,.T.);
#3120 = EDGE_CURVE('',#2320,#2359,#3121,.T.);
#3121 = LINE('',#3122,#3123);
#3122 = CARTESIAN_POINT('',(-14.,21.5,6.));
#3123 = VECTOR('',#3124,1.);
#3124 = DIRECTION('',(-4.440892098497E-16,-1.,-1.733942044605E-12));
#3125 = ORIENTED_EDGE('',*,*,#2358,.F.);
#3126 = PLANE('',#3127);
#3127 = AXIS2_PLACEMENT_3D('',#3128,#3129,#3130);
#3128 = CARTESIAN_POINT('',(-14.,18.389475700153,1.900026074101));
#3129 = DIRECTION('',(1.,-5.757254773002E-16,4.008036083139E-16));
#3130 = DIRECTION('',(5.757254773002E-16,1.,0.));
#3131 = ADVANCED_FACE('',(#3132),#3137,.T.);
#3132 = FACE_BOUND('',#3133,.T.);
#3133 = EDGE_LOOP('',(#3134,#3135,#3136));
#3134 = ORIENTED_EDGE('',*,*,#2366,.F.);
#3135 = ORIENTED_EDGE('',*,*,#2319,.T.);
#3136 = ORIENTED_EDGE('',*,*,#3120,.T.);
#3137 = PLANE('',#3138);
#3138 = AXIS2_PLACEMENT_3D('',#3139,#3140,#3141);
#3139 = CARTESIAN_POINT('',(14.,21.5,6.));
#3140 = DIRECTION('',(-1.110223024627E-16,-1.733942044605E-12,1.));
#3141 = DIRECTION('',(-4.440892098497E-16,-1.,-1.733942044605E-12));
#3142 = ADVANCED_FACE('',(#3143),#3148,.T.);
#3143 = FACE_BOUND('',#3144,.T.);
#3144 = EDGE_LOOP('',(#3145,#3146,#3147));
#3145 = ORIENTED_EDGE('',*,*,#2519,.F.);
#3146 = ORIENTED_EDGE('',*,*,#2912,.T.);
#3147 = ORIENTED_EDGE('',*,*,#2427,.F.);
#3148 = SPHERICAL_SURFACE('',#3149,2.5);
#3149 = AXIS2_PLACEMENT_3D('',#3150,#3151,#3152);
#3150 = CARTESIAN_POINT('',(-13.,-19.,1.));
#3151 = DIRECTION('',(0.,1.,0.));
#3152 = DIRECTION('',(0.,0.,-1.));
#3153 = ADVANCED_FACE('',(#3154),#3159,.T.);
#3154 = FACE_BOUND('',#3155,.T.);
#3155 = EDGE_LOOP('',(#3156,#3157,#3158));
#3156 = ORIENTED_EDGE('',*,*,#2479,.F.);
#3157 = ORIENTED_EDGE('',*,*,#2984,.T.);
#3158 = ORIENTED_EDGE('',*,*,#2529,.F.);
#3159 = SPHERICAL_SURFACE('',#3160,2.5);
#3160 = AXIS2_PLACEMENT_3D('',#3161,#3162,#3163);
#3161 = CARTESIAN_POINT('',(13.,-19.,1.));
#3162 = DIRECTION('',(-1.,0.,0.));
#3163 = DIRECTION('',(0.,0.,-1.));
#3164 = ADVANCED_FACE('',(#3165),#3175,.T.);
#3165 = FACE_BOUND('',#3166,.T.);
#3166 = EDGE_LOOP('',(#3167,#3173,#3174));
#3167 = ORIENTED_EDGE('',*,*,#3168,.F.);
#3168 = EDGE_CURVE('',#2630,#2567,#3169,.T.);
#3169 = LINE('',#3170,#3171);
#3170 = CARTESIAN_POINT('',(14.,21.5,6.));
#3171 = VECTOR('',#3172,1.);
#3172 = DIRECTION('',(-4.440892098497E-16,-1.,-1.733942044605E-12));
#3173 = ORIENTED_EDGE('',*,*,#2638,.T.);
#3174 = ORIENTED_EDGE('',*,*,#2574,.F.);
#3175 = PLANE('',#3176);
#3176 = AXIS2_PLACEMENT_3D('',#3177,#3178,#3179);
#3177 = CARTESIAN_POINT('',(14.,21.5,6.));
#3178 = DIRECTION('',(-1.110223024627E-16,-1.733942044605E-12,1.));
#3179 = DIRECTION('',(-4.440892098497E-16,-1.,-1.733942044605E-12));
#3180 = ADVANCED_FACE('',(#3181),#3186,.T.);
#3181 = FACE_BOUND('',#3182,.T.);
#3182 = EDGE_LOOP('',(#3183,#3184,#3185));
#3183 = ORIENTED_EDGE('',*,*,#2629,.F.);
#3184 = ORIENTED_EDGE('',*,*,#3168,.T.);
#3185 = ORIENTED_EDGE('',*,*,#2566,.F.);
#3186 = PLANE('',#3187);
#3187 = AXIS2_PLACEMENT_3D('',#3188,#3189,#3190);
#3188 = CARTESIAN_POINT('',(14.,18.389475700153,1.900026074101));
#3189 = DIRECTION('',(1.,-5.757254773002E-16,4.008036083139E-16));
#3190 = DIRECTION('',(5.757254773002E-16,1.,0.));
#3191 = ADVANCED_FACE('',(#3192),#3202,.F.);
#3192 = FACE_BOUND('',#3193,.T.);
#3193 = EDGE_LOOP('',(#3194,#3195,#3196));
#3194 = ORIENTED_EDGE('',*,*,#2674,.T.);
#3195 = ORIENTED_EDGE('',*,*,#2694,.T.);
#3196 = ORIENTED_EDGE('',*,*,#3197,.T.);
#3197 = EDGE_CURVE('',#2686,#2675,#3198,.T.);
#3198 = LINE('',#3199,#3200);
#3199 = CARTESIAN_POINT('',(14.,16.718572933745,0.5));
#3200 = VECTOR('',#3201,1.);
#3201 = DIRECTION('',(1.,-4.440892098501E-16,2.22044604925E-16));
#3202 = CYLINDRICAL_SURFACE('',#3203,6.249988612114);
#3203 = AXIS2_PLACEMENT_3D('',#3204,#3205,#3206);
#3204 = CARTESIAN_POINT('',(14.,13.750011387886,6.));
#3205 = DIRECTION('',(1.,-4.440892098501E-16,2.22044604925E-16));
#3206 = DIRECTION('',(-4.440892098501E-16,-1.,-2.22044604925E-16));
#3207 = ADVANCED_FACE('',(#3208),#3212,.T.);
#3208 = FACE_BOUND('',#3209,.T.);
#3209 = EDGE_LOOP('',(#3210,#3211));
#3210 = ORIENTED_EDGE('',*,*,#3197,.F.);
#3211 = ORIENTED_EDGE('',*,*,#2685,.T.);
#3212 = PLANE('',#3213);
#3213 = AXIS2_PLACEMENT_3D('',#3214,#3215,#3216);
#3214 = CARTESIAN_POINT('',(10.5,17.,0.5));
#3215 = DIRECTION('',(0.,0.,1.));
#3216 = DIRECTION('',(1.,0.,0.));
#3217 = ADVANCED_FACE('',(#3218),#3221,.T.);
#3218 = FACE_BOUND('',#3219,.T.);
#3219 = EDGE_LOOP('',(#3220));
#3220 = ORIENTED_EDGE('',*,*,#2790,.T.);
#3221 = PLANE('',#3222);
#3222 = AXIS2_PLACEMENT_3D('',#3223,#3224,#3225);
#3223 = CARTESIAN_POINT('',(-10.5,-8.,0.5));
#3224 = DIRECTION('',(0.,0.,1.));
#3225 = DIRECTION('',(1.,0.,0.));
#3226 = ADVANCED_FACE('',(#3227),#3230,.T.);
#3227 = FACE_BOUND('',#3228,.T.);
#3228 = EDGE_LOOP('',(#3229));
#3229 = ORIENTED_EDGE('',*,*,#2814,.T.);
#3230 = PLANE('',#3231);
#3231 = AXIS2_PLACEMENT_3D('',#3232,#3233,#3234);
#3232 = CARTESIAN_POINT('',(10.5,-8.,0.5));
#3233 = DIRECTION('',(0.,0.,1.));
#3234 = DIRECTION('',(1.,0.,0.));
#3235 = ADVANCED_FACE('',(#3236),#3239,.T.);
#3236 = FACE_BOUND('',#3237,.T.);
#3237 = EDGE_LOOP('',(#3238));
#3238 = ORIENTED_EDGE('',*,*,#2838,.T.);
#3239 = PLANE('',#3240);
#3240 = AXIS2_PLACEMENT_3D('',#3241,#3242,#3243);
#3241 = CARTESIAN_POINT('',(0.,-15.,6.));
#3242 = DIRECTION('',(0.,0.,1.));
#3243 = DIRECTION('',(1.,0.,0.));
#3244 = ADVANCED_FACE('',(#3245),#3251,.T.);
#3245 = FACE_BOUND('',#3246,.T.);
#3246 = EDGE_LOOP('',(#3247,#3248,#3249,#3250));
#3247 = ORIENTED_EDGE('',*,*,#2889,.T.);
#3248 = ORIENTED_EDGE('',*,*,#3027,.T.);
#3249 = ORIENTED_EDGE('',*,*,#3076,.F.);
#3250 = ORIENTED_EDGE('',*,*,#3052,.F.);
#3251 = PLANE('',#3252);
#3252 = AXIS2_PLACEMENT_3D('',#3253,#3254,#3255);
#3253 = CARTESIAN_POINT('',(2.75,18.5,21.199999999986));
#3254 = DIRECTION('',(0.,-0.707106781184,-0.707106781189));
#3255 = DIRECTION('',(0.,0.707106781189,-0.707106781184));
#3256 = ADVANCED_FACE('',(#3257),#3290,.F.);
#3257 = FACE_BOUND('',#3258,.F.);
#3258 = EDGE_LOOP('',(#3259,#3267,#3268,#3276,#3284));
#3259 = ORIENTED_EDGE('',*,*,#3260,.T.);
#3260 = EDGE_CURVE('',#3261,#2961,#3263,.T.);
#3261 = VERTEX_POINT('',#3262);
#3262 = CARTESIAN_POINT('',(14.,-21.5,19.378679656538));
#3263 = LINE('',#3264,#3265);
#3264 = CARTESIAN_POINT('',(14.,-21.5,19.378679656538));
#3265 = VECTOR('',#3266,1.);
#3266 = DIRECTION('',(-1.,0.,0.));
#3267 = ORIENTED_EDGE('',*,*,#2960,.T.);
#3268 = ORIENTED_EDGE('',*,*,#3269,.T.);
#3269 = EDGE_CURVE('',#2953,#3270,#3272,.T.);
#3270 = VERTEX_POINT('',#3271);
#3271 = CARTESIAN_POINT('',(-12.,-25.38908729653,23.267766952959));
#3272 = LINE('',#3273,#3274);
#3273 = CARTESIAN_POINT('',(-12.,-21.5,19.378679656538));
#3274 = VECTOR('',#3275,1.);
#3275 = DIRECTION('',(0.,-0.707106781197,0.707106781176));
#3276 = ORIENTED_EDGE('',*,*,#3277,.F.);
#3277 = EDGE_CURVE('',#3278,#3270,#3280,.T.);
#3278 = VERTEX_POINT('',#3279);
#3279 = CARTESIAN_POINT('',(14.,-25.38908729653,23.267766952959));
#3280 = LINE('',#3281,#3282);
#3281 = CARTESIAN_POINT('',(14.,-25.38908729653,23.267766952959));
#3282 = VECTOR('',#3283,1.);
#3283 = DIRECTION('',(-1.,0.,0.));
#3284 = ORIENTED_EDGE('',*,*,#3285,.F.);
#3285 = EDGE_CURVE('',#3261,#3278,#3286,.T.);
#3286 = LINE('',#3287,#3288);
#3287 = CARTESIAN_POINT('',(14.,-21.5,19.378679656538));
#3288 = VECTOR('',#3289,1.);
#3289 = DIRECTION('',(0.,-0.707106781197,0.707106781176));
#3290 = PLANE('',#3291);
#3291 = AXIS2_PLACEMENT_3D('',#3292,#3293,#3294);
#3292 = CARTESIAN_POINT('',(14.,-21.5,19.378679656538));
#3293 = DIRECTION('',(0.,0.707106781176,0.707106781197));
#3294 = DIRECTION('',(0.,-0.707106781197,0.707106781176));
#3295 = ADVANCED_FACE('',(#3296),#3315,.F.);
#3296 = FACE_BOUND('',#3297,.F.);
#3297 = EDGE_LOOP('',(#3298,#3299,#3307,#3314));
#3298 = ORIENTED_EDGE('',*,*,#2952,.T.);
#3299 = ORIENTED_EDGE('',*,*,#3300,.T.);
#3300 = EDGE_CURVE('',#2945,#3301,#3303,.T.);
#3301 = VERTEX_POINT('',#3302);
#3302 = CARTESIAN_POINT('',(-12.,-24.32842712475,24.328427124739));
#3303 = LINE('',#3304,#3305);
#3304 = CARTESIAN_POINT('',(-12.,-21.5,21.5));
#3305 = VECTOR('',#3306,1.);
#3306 = DIRECTION('',(0.,-0.707106781189,0.707106781184));
#3307 = ORIENTED_EDGE('',*,*,#3308,.F.);
#3308 = EDGE_CURVE('',#3270,#3301,#3309,.T.);
#3309 = CIRCLE('',#3310,0.75);
#3310 = AXIS2_PLACEMENT_3D('',#3311,#3312,#3313);
#3311 = CARTESIAN_POINT('',(-12.,-24.85875721064,23.798097038849));
#3312 = DIRECTION('',(-1.,0.,0.));
#3313 = DIRECTION('',(0.,-1.,0.));
#3314 = ORIENTED_EDGE('',*,*,#3269,.F.);
#3315 = PLANE('',#3316);
#3316 = AXIS2_PLACEMENT_3D('',#3317,#3318,#3319);
#3317 = CARTESIAN_POINT('',(-12.,-23.27329673167,22.097940177867));
#3318 = DIRECTION('',(1.,0.,0.));
#3319 = DIRECTION('',(0.,0.,1.));
#3320 = ADVANCED_FACE('',(#3321),#3347,.T.);
#3321 = FACE_BOUND('',#3322,.T.);
#3322 = EDGE_LOOP('',(#3323,#3331,#3332,#3333,#3341));
#3323 = ORIENTED_EDGE('',*,*,#3324,.T.);
#3324 = EDGE_CURVE('',#3325,#2937,#3327,.T.);
#3325 = VERTEX_POINT('',#3326);
#3326 = CARTESIAN_POINT('',(14.,-21.5,21.5));
#3327 = LINE('',#3328,#3329);
#3328 = CARTESIAN_POINT('',(14.,-21.5,21.5));
#3329 = VECTOR('',#3330,1.);
#3330 = DIRECTION('',(-1.,0.,0.));
#3331 = ORIENTED_EDGE('',*,*,#2944,.T.);
#3332 = ORIENTED_EDGE('',*,*,#3300,.T.);
#3333 = ORIENTED_EDGE('',*,*,#3334,.F.);
#3334 = EDGE_CURVE('',#3335,#3301,#3337,.T.);
#3335 = VERTEX_POINT('',#3336);
#3336 = CARTESIAN_POINT('',(14.,-24.32842712475,24.328427124739));
#3337 = LINE('',#3338,#3339);
#3338 = CARTESIAN_POINT('',(14.,-24.32842712475,24.328427124739));
#3339 = VECTOR('',#3340,1.);
#3340 = DIRECTION('',(-1.,0.,0.));
#3341 = ORIENTED_EDGE('',*,*,#3342,.F.);
#3342 = EDGE_CURVE('',#3325,#3335,#3343,.T.);
#3343 = LINE('',#3344,#3345);
#3344 = CARTESIAN_POINT('',(14.,-21.5,21.5));
#3345 = VECTOR('',#3346,1.);
#3346 = DIRECTION('',(0.,-0.707106781189,0.707106781184));
#3347 = PLANE('',#3348);
#3348 = AXIS2_PLACEMENT_3D('',#3349,#3350,#3351);
#3349 = CARTESIAN_POINT('',(14.,-21.5,21.5));
#3350 = DIRECTION('',(0.,0.707106781184,0.707106781189));
#3351 = DIRECTION('',(0.,-0.707106781189,0.707106781184));
#3352 = ADVANCED_FACE('',(#3353),#3364,.T.);
#3353 = FACE_BOUND('',#3354,.T.);
#3354 = EDGE_LOOP('',(#3355,#3361,#3362,#3363));
#3355 = ORIENTED_EDGE('',*,*,#3356,.F.);
#3356 = EDGE_CURVE('',#3261,#3325,#3357,.T.);
#3357 = LINE('',#3358,#3359);
#3358 = CARTESIAN_POINT('',(14.,-21.5,19.378679656538));
#3359 = VECTOR('',#3360,1.);
#3360 = DIRECTION('',(0.,0.,1.));
#3361 = ORIENTED_EDGE('',*,*,#3260,.T.);
#3362 = ORIENTED_EDGE('',*,*,#2999,.T.);
#3363 = ORIENTED_EDGE('',*,*,#3324,.F.);
#3364 = PLANE('',#3365);
#3365 = AXIS2_PLACEMENT_3D('',#3366,#3367,#3368);
#3366 = CARTESIAN_POINT('',(14.,-21.5,19.378679656538));
#3367 = DIRECTION('',(0.,1.,-0.));
#3368 = DIRECTION('',(0.,0.,1.));
#3369 = ADVANCED_FACE('',(#3370),#3382,.T.);
#3370 = FACE_BOUND('',#3371,.F.);
#3371 = EDGE_LOOP('',(#3372,#3373,#3374,#3375));
#3372 = ORIENTED_EDGE('',*,*,#3277,.T.);
#3373 = ORIENTED_EDGE('',*,*,#3308,.T.);
#3374 = ORIENTED_EDGE('',*,*,#3334,.F.);
#3375 = ORIENTED_EDGE('',*,*,#3376,.F.);
#3376 = EDGE_CURVE('',#3278,#3335,#3377,.T.);
#3377 = CIRCLE('',#3378,0.75);
#3378 = AXIS2_PLACEMENT_3D('',#3379,#3380,#3381);
#3379 = CARTESIAN_POINT('',(14.,-24.85875721064,23.798097038849));
#3380 = DIRECTION('',(-1.,0.,0.));
#3381 = DIRECTION('',(0.,-1.,0.));
#3382 = CYLINDRICAL_SURFACE('',#3383,0.75);
#3383 = AXIS2_PLACEMENT_3D('',#3384,#3385,#3386);
#3384 = CARTESIAN_POINT('',(14.,-24.85875721064,23.798097038849));
#3385 = DIRECTION('',(1.,-0.,-0.));
#3386 = DIRECTION('',(0.,-1.,0.));
#3387 = ADVANCED_FACE('',(#3388),#3394,.T.);
#3388 = FACE_BOUND('',#3389,.T.);
#3389 = EDGE_LOOP('',(#3390,#3391,#3392,#3393));
#3390 = ORIENTED_EDGE('',*,*,#3356,.T.);
#3391 = ORIENTED_EDGE('',*,*,#3342,.T.);
#3392 = ORIENTED_EDGE('',*,*,#3376,.F.);
#3393 = ORIENTED_EDGE('',*,*,#3285,.F.);
#3394 = PLANE('',#3395);
#3395 = AXIS2_PLACEMENT_3D('',#3396,#3397,#3398);
#3396 = CARTESIAN_POINT('',(14.,-23.27329673167,22.097940177867));
#3397 = DIRECTION('',(1.,0.,0.));
#3398 = DIRECTION('',(0.,0.,1.));
#3399 = ( GEOMETRIC_REPRESENTATION_CONTEXT(3) 
GLOBAL_UNCERTAINTY_ASSIGNED_CONTEXT((#3403)) 
GLOBAL_UNIT_ASSIGNED_CONTEXT((#3400,#3401,#3402)) REPRESENTATION_CONTEXT
('Context #1','3D Context with UNIT and UNCERTAINTY') );
#3400 = ( LENGTH_UNIT() NAMED_UNIT(*) SI_UNIT(.MILLI.,.METRE.) );
#3401 = ( NAMED_UNIT(*) PLANE_ANGLE_UNIT() SI_UNIT($,.RADIAN.) );
#3402 = ( NAMED_UNIT(*) SI_UNIT($,.STERADIAN.) SOLID_ANGLE_UNIT() );
#3403 = UNCERTAINTY_MEASURE_WITH_UNIT(LENGTH_MEASURE(1.E-07),#3400,
  'distance_accuracy_value','confusion accuracy');
#3404 = PRODUCT_RELATED_PRODUCT_CATEGORY('part',$,(#7));
#3405 = MECHANICAL_DESIGN_GEOMETRIC_PRESENTATION_REPRESENTATION('',(
    #3406),#3399);
#3406 = STYLED_ITEM('color',(#3407),#15);
#3407 = PRESENTATION_STYLE_ASSIGNMENT((#3408,#3414));
#3408 = SURFACE_STYLE_USAGE(.BOTH.,#3409);
#3409 = SURFACE_SIDE_STYLE('',(#3410));
#3410 = SURFACE_STYLE_FILL_AREA(#3411);
#3411 = FILL_AREA_STYLE('',(#3412));
#3412 = FILL_AREA_STYLE_COLOUR('',#3413);
#3413 = COLOUR_RGB('',0.678431390124,0.709803936702,0.741176476869);
#3414 = CURVE_STYLE('',#3415,POSITIVE_LENGTH_MEASURE(0.1),#3416);
#3415 = DRAUGHTING_PRE_DEFINED_CURVE_FONT('continuous');
#3416 = COLOUR_RGB('',9.803921802644E-02,9.803921802644E-02,
  9.803921802644E-02);
ENDSEC;
END-ISO-10303-21;
