ISO-10303-21;
HEADER;
FILE_DESCRIPTION(('FreeCAD Model'),'2;1');
FILE_NAME('Open CASCADE Shape Model','2026-07-02T22:40:50',(''),(''),
  'Open CASCADE STEP processor 7.8','FreeCAD','Unknown');
FILE_SCHEMA(('AUTOMOTIVE_DESIGN { 1 0 10303 214 1 1 1 1 }'));
ENDSEC;
DATA;
#1 = APPLICATION_PROTOCOL_DEFINITION('international standard',
  'automotive_design',2000,#2);
#2 = APPLICATION_CONTEXT(
  'core data for automotive mechanical design processes');
#3 = SHAPE_DEFINITION_REPRESENTATION(#4,#10);
#4 = PRODUCT_DEFINITION_SHAPE('','',#5);
#5 = PRODUCT_DEFINITION('design','',#6,#9);
#6 = PRODUCT_DEFINITION_FORMATION('','',#7);
#7 = PRODUCT('Body','Body','',(#8));
#8 = PRODUCT_CONTEXT('',#2,'mechanical');
#9 = PRODUCT_DEFINITION_CONTEXT('part definition',#2,'design');
#10 = ADVANCED_BREP_SHAPE_REPRESENTATION('',(#11,#15),#2778);
#11 = AXIS2_PLACEMENT_3D('',#12,#13,#14);
#12 = CARTESIAN_POINT('',(0.,0.,0.));
#13 = DIRECTION('',(0.,0.,1.));
#14 = DIRECTION('',(1.,0.,-0.));
#15 = MANIFOLD_SOLID_BREP('',#16);
#16 = CLOSED_SHELL('',(#17,#49,#75,#176,#196,#229,#267,#305,#402,#427,
    #465,#503,#520,#579,#604,#629,#660,#685,#710,#749,#774,#799,#856,
    #913,#930,#954,#978,#1003,#1028,#1045,#1063,#1301,#1314,#1334,#1365,
    #1383,#1414,#1432,#1471,#1496,#1535,#1560,#1599,#1624,#1656,#1719,
    #1743,#1799,#1839,#1864,#1895,#1912,#1943,#1967,#1991,#2008,#2071,
    #2095,#2119,#2168,#2193,#2210,#2234,#2259,#2283,#2308,#2332,#2350,
    #2404,#2451,#2468,#2485,#2502,#2514,#2561,#2573,#2590,#2607,#2624,
    #2641,#2653,#2675,#2697,#2709,#2721,#2758));
#17 = ADVANCED_FACE('',(#18),#44,.F.);
#18 = FACE_BOUND('',#19,.T.);
#19 = EDGE_LOOP('',(#20,#29,#36,#37));
#20 = ORIENTED_EDGE('',*,*,#21,.T.);
#21 = EDGE_CURVE('',#22,#24,#26,.T.);
#22 = VERTEX_POINT('',#23);
#23 = CARTESIAN_POINT('',(3.5,-15.,0.));
#24 = VERTEX_POINT('',#25);
#25 = CARTESIAN_POINT('',(3.261999872603,-15.,0.888228567654));
#26 = B_SPLINE_CURVE_WITH_KNOTS('',1,(#27,#28),.UNSPECIFIED.,.F.,.F.,(2,
    2),(0.,1.),.PIECEWISE_BEZIER_KNOTS.);
#27 = CARTESIAN_POINT('',(3.5,-15.,0.));
#28 = CARTESIAN_POINT('',(2.964101615138,-15.,2.));
#29 = ORIENTED_EDGE('',*,*,#30,.F.);
#30 = EDGE_CURVE('',#24,#24,#31,.T.);
#31 = CIRCLE('',#32,3.261999872603);
#32 = AXIS2_PLACEMENT_3D('',#33,#34,#35);
#33 = CARTESIAN_POINT('',(0.,-15.,0.888228567654));
#34 = DIRECTION('',(0.,0.,-1.));
#35 = DIRECTION('',(1.,0.,0.));
#36 = ORIENTED_EDGE('',*,*,#21,.F.);
#37 = ORIENTED_EDGE('',*,*,#38,.T.);
#38 = EDGE_CURVE('',#22,#22,#39,.T.);
#39 = CIRCLE('',#40,3.5);
#40 = AXIS2_PLACEMENT_3D('',#41,#42,#43);
#41 = CARTESIAN_POINT('',(0.,-15.,0.));
#42 = DIRECTION('',(0.,0.,-1.));
#43 = DIRECTION('',(1.,0.,0.));
#44 = CONICAL_SURFACE('',#45,3.5,0.261799387799);
#45 = AXIS2_PLACEMENT_3D('',#46,#47,#48);
#46 = CARTESIAN_POINT('',(0.,-15.,0.));
#47 = DIRECTION('',(-0.,-0.,-1.));
#48 = DIRECTION('',(1.,0.,0.));
#49 = ADVANCED_FACE('',(#50),#70,.F.);
#50 = FACE_BOUND('',#51,.T.);
#51 = EDGE_LOOP('',(#52,#61,#62,#63));
#52 = ORIENTED_EDGE('',*,*,#53,.F.);
#53 = EDGE_CURVE('',#24,#54,#56,.T.);
#54 = VERTEX_POINT('',#55);
#55 = CARTESIAN_POINT('',(1.813111133169,-15.,2.));
#56 = CIRCLE('',#57,1.5);
#57 = AXIS2_PLACEMENT_3D('',#58,#59,#60);
#58 = CARTESIAN_POINT('',(1.813111133169,-15.,0.5));
#59 = DIRECTION('',(0.,-1.,0.));
#60 = DIRECTION('',(1.,0.,0.));
#61 = ORIENTED_EDGE('',*,*,#30,.F.);
#62 = ORIENTED_EDGE('',*,*,#53,.T.);
#63 = ORIENTED_EDGE('',*,*,#64,.T.);
#64 = EDGE_CURVE('',#54,#54,#65,.T.);
#65 = CIRCLE('',#66,1.813111133169);
#66 = AXIS2_PLACEMENT_3D('',#67,#68,#69);
#67 = CARTESIAN_POINT('',(0.,-15.,2.));
#68 = DIRECTION('',(0.,0.,-1.));
#69 = DIRECTION('',(1.,0.,0.));
#70 = TOROIDAL_SURFACE('',#71,1.813111133169,1.5);
#71 = AXIS2_PLACEMENT_3D('',#72,#73,#74);
#72 = CARTESIAN_POINT('',(0.,-15.,0.5));
#73 = DIRECTION('',(0.,0.,1.));
#74 = DIRECTION('',(1.,0.,0.));
#75 = ADVANCED_FACE('',(#76,#146,#149,#160),#171,.F.);
#76 = FACE_BOUND('',#77,.F.);
#77 = EDGE_LOOP('',(#78,#88,#97,#105,#114,#122,#131,#139));
#78 = ORIENTED_EDGE('',*,*,#79,.T.);
#79 = EDGE_CURVE('',#80,#82,#84,.T.);
#80 = VERTEX_POINT('',#81);
#81 = CARTESIAN_POINT('',(13.5,19.6,0.));
#82 = VERTEX_POINT('',#83);
#83 = CARTESIAN_POINT('',(-13.5,19.6,0.));
#84 = LINE('',#85,#86);
#85 = CARTESIAN_POINT('',(13.5,19.6,-4.4E-16));
#86 = VECTOR('',#87,1.);
#87 = DIRECTION('',(-1.,0.,0.));
#88 = ORIENTED_EDGE('',*,*,#89,.T.);
#89 = EDGE_CURVE('',#82,#90,#92,.T.);
#90 = VERTEX_POINT('',#91);
#91 = CARTESIAN_POINT('',(-13.6,19.5,0.));
#92 = CIRCLE('',#93,0.1);
#93 = AXIS2_PLACEMENT_3D('',#94,#95,#96);
#94 = CARTESIAN_POINT('',(-13.5,19.5,0.));
#95 = DIRECTION('',(0.,-0.,1.));
#96 = DIRECTION('',(0.,1.,0.));
#97 = ORIENTED_EDGE('',*,*,#98,.T.);
#98 = EDGE_CURVE('',#90,#99,#101,.T.);
#99 = VERTEX_POINT('',#100);
#100 = CARTESIAN_POINT('',(-13.6,-19.5,0.));
#101 = LINE('',#102,#103);
#102 = CARTESIAN_POINT('',(-13.6,19.5,-4.4E-16));
#103 = VECTOR('',#104,1.);
#104 = DIRECTION('',(0.,-1.,0.));
#105 = ORIENTED_EDGE('',*,*,#106,.T.);
#106 = EDGE_CURVE('',#99,#107,#109,.T.);
#107 = VERTEX_POINT('',#108);
#108 = CARTESIAN_POINT('',(-13.5,-19.6,0.));
#109 = CIRCLE('',#110,0.1);
#110 = AXIS2_PLACEMENT_3D('',#111,#112,#113);
#111 = CARTESIAN_POINT('',(-13.5,-19.5,0.));
#112 = DIRECTION('',(0.,0.,1.));
#113 = DIRECTION('',(-1.,0.,0.));
#114 = ORIENTED_EDGE('',*,*,#115,.T.);
#115 = EDGE_CURVE('',#107,#116,#118,.T.);
#116 = VERTEX_POINT('',#117);
#117 = CARTESIAN_POINT('',(13.5,-19.6,0.));
#118 = LINE('',#119,#120);
#119 = CARTESIAN_POINT('',(-13.5,-19.6,-4.4E-16));
#120 = VECTOR('',#121,1.);
#121 = DIRECTION('',(1.,0.,0.));
#122 = ORIENTED_EDGE('',*,*,#123,.T.);
#123 = EDGE_CURVE('',#116,#124,#126,.T.);
#124 = VERTEX_POINT('',#125);
#125 = CARTESIAN_POINT('',(13.6,-19.5,0.));
#126 = CIRCLE('',#127,0.1);
#127 = AXIS2_PLACEMENT_3D('',#128,#129,#130);
#128 = CARTESIAN_POINT('',(13.5,-19.5,0.));
#129 = DIRECTION('',(-0.,0.,1.));
#130 = DIRECTION('',(0.,-1.,0.));
#131 = ORIENTED_EDGE('',*,*,#132,.T.);
#132 = EDGE_CURVE('',#124,#133,#135,.T.);
#133 = VERTEX_POINT('',#134);
#134 = CARTESIAN_POINT('',(13.6,19.5,0.));
#135 = LINE('',#136,#137);
#136 = CARTESIAN_POINT('',(13.6,-19.5,-4.4E-16));
#137 = VECTOR('',#138,1.);
#138 = DIRECTION('',(0.,1.,0.));
#139 = ORIENTED_EDGE('',*,*,#140,.T.);
#140 = EDGE_CURVE('',#133,#80,#141,.T.);
#141 = CIRCLE('',#142,0.1);
#142 = AXIS2_PLACEMENT_3D('',#143,#144,#145);
#143 = CARTESIAN_POINT('',(13.5,19.5,0.));
#144 = DIRECTION('',(0.,-0.,1.));
#145 = DIRECTION('',(1.,1.78E-15,0.));
#146 = FACE_BOUND('',#147,.F.);
#147 = EDGE_LOOP('',(#148));
#148 = ORIENTED_EDGE('',*,*,#38,.T.);
#149 = FACE_BOUND('',#150,.F.);
#150 = EDGE_LOOP('',(#151));
#151 = ORIENTED_EDGE('',*,*,#152,.T.);
#152 = EDGE_CURVE('',#153,#153,#155,.T.);
#153 = VERTEX_POINT('',#154);
#154 = CARTESIAN_POINT('',(7.25,5.85,0.));
#155 = CIRCLE('',#156,1.75);
#156 = AXIS2_PLACEMENT_3D('',#157,#158,#159);
#157 = CARTESIAN_POINT('',(5.5,5.85,0.));
#158 = DIRECTION('',(0.,0.,-1.));
#159 = DIRECTION('',(1.,0.,0.));
#160 = FACE_BOUND('',#161,.F.);
#161 = EDGE_LOOP('',(#162));
#162 = ORIENTED_EDGE('',*,*,#163,.T.);
#163 = EDGE_CURVE('',#164,#164,#166,.T.);
#164 = VERTEX_POINT('',#165);
#165 = CARTESIAN_POINT('',(4.45,12.65,0.));
#166 = CIRCLE('',#167,1.75);
#167 = AXIS2_PLACEMENT_3D('',#168,#169,#170);
#168 = CARTESIAN_POINT('',(2.7,12.65,0.));
#169 = DIRECTION('',(0.,0.,-1.));
#170 = DIRECTION('',(1.,0.,0.));
#171 = PLANE('',#172);
#172 = AXIS2_PLACEMENT_3D('',#173,#174,#175);
#173 = CARTESIAN_POINT('',(4.1E-16,3.3E-15,0.));
#174 = DIRECTION('',(0.,0.,1.));
#175 = DIRECTION('',(1.,0.,0.));
#176 = ADVANCED_FACE('',(#177,#180),#191,.T.);
#177 = FACE_BOUND('',#178,.T.);
#178 = EDGE_LOOP('',(#179));
#179 = ORIENTED_EDGE('',*,*,#64,.T.);
#180 = FACE_BOUND('',#181,.T.);
#181 = EDGE_LOOP('',(#182));
#182 = ORIENTED_EDGE('',*,*,#183,.T.);
#183 = EDGE_CURVE('',#184,#184,#186,.T.);
#184 = VERTEX_POINT('',#185);
#185 = CARTESIAN_POINT('',(1.75,-15.,2.));
#186 = CIRCLE('',#187,1.75);
#187 = AXIS2_PLACEMENT_3D('',#188,#189,#190);
#188 = CARTESIAN_POINT('',(0.,-15.,2.));
#189 = DIRECTION('',(0.,0.,1.));
#190 = DIRECTION('',(1.,0.,0.));
#191 = PLANE('',#192);
#192 = AXIS2_PLACEMENT_3D('',#193,#194,#195);
#193 = CARTESIAN_POINT('',(0.,-15.,2.));
#194 = DIRECTION('',(0.,0.,-1.));
#195 = DIRECTION('',(1.,0.,0.));
#196 = ADVANCED_FACE('',(#197),#224,.T.);
#197 = FACE_BOUND('',#198,.T.);
#198 = EDGE_LOOP('',(#199,#208,#209,#218));
#199 = ORIENTED_EDGE('',*,*,#200,.T.);
#200 = EDGE_CURVE('',#201,#80,#203,.T.);
#201 = VERTEX_POINT('',#202);
#202 = CARTESIAN_POINT('',(13.5,21.5,1.9));
#203 = CIRCLE('',#204,1.9);
#204 = AXIS2_PLACEMENT_3D('',#205,#206,#207);
#205 = CARTESIAN_POINT('',(13.5,19.6,1.9));
#206 = DIRECTION('',(-1.,0.,0.));
#207 = DIRECTION('',(0.,1.,0.));
#208 = ORIENTED_EDGE('',*,*,#79,.T.);
#209 = ORIENTED_EDGE('',*,*,#210,.F.);
#210 = EDGE_CURVE('',#211,#82,#213,.T.);
#211 = VERTEX_POINT('',#212);
#212 = CARTESIAN_POINT('',(-13.5,21.5,1.9));
#213 = CIRCLE('',#214,1.9);
#214 = AXIS2_PLACEMENT_3D('',#215,#216,#217);
#215 = CARTESIAN_POINT('',(-13.5,19.6,1.9));
#216 = DIRECTION('',(-1.,0.,0.));
#217 = DIRECTION('',(0.,1.,0.));
#218 = ORIENTED_EDGE('',*,*,#219,.F.);
#219 = EDGE_CURVE('',#201,#211,#220,.T.);
#220 = LINE('',#221,#222);
#221 = CARTESIAN_POINT('',(13.5,21.5,1.9));
#222 = VECTOR('',#223,1.);
#223 = DIRECTION('',(-1.,0.,0.));
#224 = CYLINDRICAL_SURFACE('',#225,1.9);
#225 = AXIS2_PLACEMENT_3D('',#226,#227,#228);
#226 = CARTESIAN_POINT('',(13.5,19.6,1.9));
#227 = DIRECTION('',(-1.,0.,0.));
#228 = DIRECTION('',(0.,1.,0.));
#229 = ADVANCED_FACE('',(#230),#250,.T.);
#230 = FACE_BOUND('',#231,.F.);
#231 = EDGE_LOOP('',(#232,#241,#248,#249));
#232 = ORIENTED_EDGE('',*,*,#233,.F.);
#233 = EDGE_CURVE('',#234,#133,#236,.T.);
#234 = VERTEX_POINT('',#235);
#235 = CARTESIAN_POINT('',(15.5,19.5,1.9));
#236 = CIRCLE('',#237,1.9);
#237 = AXIS2_PLACEMENT_3D('',#238,#239,#240);
#238 = CARTESIAN_POINT('',(13.6,19.5,1.9));
#239 = DIRECTION('',(-0.,1.,0.));
#240 = DIRECTION('',(1.,0.,0.));
#241 = ORIENTED_EDGE('',*,*,#242,.T.);
#242 = EDGE_CURVE('',#234,#201,#243,.T.);
#243 = CIRCLE('',#244,2.);
#244 = AXIS2_PLACEMENT_3D('',#245,#246,#247);
#245 = CARTESIAN_POINT('',(13.5,19.5,1.9));
#246 = DIRECTION('',(0.,-0.,1.));
#247 = DIRECTION('',(1.,1.78E-15,0.));
#248 = ORIENTED_EDGE('',*,*,#200,.T.);
#249 = ORIENTED_EDGE('',*,*,#140,.F.);
#250 = SURFACE_OF_REVOLUTION('',#251,#264);
#251 = B_SPLINE_CURVE_WITH_KNOTS('',6,(#252,#253,#254,#255,#256,#257,
    #258,#259,#260,#261,#262,#263),.UNSPECIFIED.,.F.,.F.,(7,5,7),(0.,
    0.785398163397,1.570796326795),.UNSPECIFIED.);
#252 = CARTESIAN_POINT('',(15.5,19.5,1.9));
#253 = CARTESIAN_POINT('',(15.5,19.5,1.651290581591));
#254 = CARTESIAN_POINT('',(15.460932969155,19.5,1.402581578595));
#255 = CARTESIAN_POINT('',(15.382797889701,19.5,1.161540935116));
#256 = CARTESIAN_POINT('',(15.267606260686,19.5,0.93584961704));
#257 = CARTESIAN_POINT('',(15.119367000557,19.5,0.732361232048));
#258 = CARTESIAN_POINT('',(14.767638767952,19.5,0.380632999443));
#259 = CARTESIAN_POINT('',(14.56415038296,19.5,0.232393739314));
#260 = CARTESIAN_POINT('',(14.338459064884,19.5,0.117202110299));
#261 = CARTESIAN_POINT('',(14.097418421405,19.5,3.906703084475E-02));
#262 = CARTESIAN_POINT('',(13.848709418409,19.5,3.101260744808E-17));
#263 = CARTESIAN_POINT('',(13.6,19.5,-1.26983314481E-31));
#264 = AXIS1_PLACEMENT('',#265,#266);
#265 = CARTESIAN_POINT('',(13.5,19.5,1.9));
#266 = DIRECTION('',(-0.,-0.,-1.));
#267 = ADVANCED_FACE('',(#268),#288,.T.);
#268 = FACE_BOUND('',#269,.F.);
#269 = EDGE_LOOP('',(#270,#271,#280,#287));
#270 = ORIENTED_EDGE('',*,*,#210,.F.);
#271 = ORIENTED_EDGE('',*,*,#272,.T.);
#272 = EDGE_CURVE('',#211,#273,#275,.T.);
#273 = VERTEX_POINT('',#274);
#274 = CARTESIAN_POINT('',(-15.5,19.5,1.9));
#275 = CIRCLE('',#276,2.);
#276 = AXIS2_PLACEMENT_3D('',#277,#278,#279);
#277 = CARTESIAN_POINT('',(-13.5,19.5,1.9));
#278 = DIRECTION('',(0.,-0.,1.));
#279 = DIRECTION('',(0.,1.,0.));
#280 = ORIENTED_EDGE('',*,*,#281,.T.);
#281 = EDGE_CURVE('',#273,#90,#282,.T.);
#282 = CIRCLE('',#283,1.9);
#283 = AXIS2_PLACEMENT_3D('',#284,#285,#286);
#284 = CARTESIAN_POINT('',(-13.6,19.5,1.9));
#285 = DIRECTION('',(-7.3E-16,-1.,-0.));
#286 = DIRECTION('',(-1.,7.3E-16,0.));
#287 = ORIENTED_EDGE('',*,*,#89,.F.);
#288 = SURFACE_OF_REVOLUTION('',#289,#302);
#289 = B_SPLINE_CURVE_WITH_KNOTS('',6,(#290,#291,#292,#293,#294,#295,
    #296,#297,#298,#299,#300,#301),.UNSPECIFIED.,.F.,.F.,(7,5,7),(0.,
    0.785398163397,1.570796326795),.UNSPECIFIED.);
#290 = CARTESIAN_POINT('',(-13.5,21.5,1.9));
#291 = CARTESIAN_POINT('',(-13.5,21.5,1.651290581591));
#292 = CARTESIAN_POINT('',(-13.5,21.460932969155,1.402581578595));
#293 = CARTESIAN_POINT('',(-13.5,21.382797889701,1.161540935116));
#294 = CARTESIAN_POINT('',(-13.5,21.267606260686,0.93584961704));
#295 = CARTESIAN_POINT('',(-13.5,21.119367000557,0.732361232048));
#296 = CARTESIAN_POINT('',(-13.5,20.767638767952,0.380632999443));
#297 = CARTESIAN_POINT('',(-13.5,20.56415038296,0.232393739314));
#298 = CARTESIAN_POINT('',(-13.5,20.338459064884,0.117202110299));
#299 = CARTESIAN_POINT('',(-13.5,20.097418421406,3.906703084475E-02));
#300 = CARTESIAN_POINT('',(-13.5,19.848709418409,3.101260744808E-17));
#301 = CARTESIAN_POINT('',(-13.5,19.6,-1.26983314481E-31));
#302 = AXIS1_PLACEMENT('',#303,#304);
#303 = CARTESIAN_POINT('',(-13.5,19.5,1.9));
#304 = DIRECTION('',(-0.,-0.,-1.));
#305 = ADVANCED_FACE('',(#306),#397,.T.);
#306 = FACE_BOUND('',#307,.T.);
#307 = EDGE_LOOP('',(#308,#318,#337,#346,#354,#361,#362,#363,#371,#380)
  );
#308 = ORIENTED_EDGE('',*,*,#309,.F.);
#309 = EDGE_CURVE('',#310,#312,#314,.T.);
#310 = VERTEX_POINT('',#311);
#311 = CARTESIAN_POINT('',(15.073091986266,3.5,0.7));
#312 = VERTEX_POINT('',#313);
#313 = CARTESIAN_POINT('',(15.073091986266,12.5,0.7));
#314 = LINE('',#315,#316);
#315 = CARTESIAN_POINT('',(15.073091986266,-19.5,0.7));
#316 = VECTOR('',#317,1.);
#317 = DIRECTION('',(0.,1.,0.));
#318 = ORIENTED_EDGE('',*,*,#319,.F.);
#319 = EDGE_CURVE('',#320,#310,#322,.T.);
#320 = VERTEX_POINT('',#321);
#321 = CARTESIAN_POINT('',(15.366352173266,3.,1.2));
#322 = B_SPLINE_CURVE_WITH_KNOTS('',7,(#323,#324,#325,#326,#327,#328,
    #329,#330,#331,#332,#333,#334,#335,#336),.UNSPECIFIED.,.F.,.F.,(8,6,
    8),(0.,0.456131540056,1.),.UNSPECIFIED.);
#323 = CARTESIAN_POINT('',(15.366352173266,3.,1.2));
#324 = CARTESIAN_POINT('',(15.34542431694,3.,1.147191479282));
#325 = CARTESIAN_POINT('',(15.322506371889,3.006507188596,1.094738195466
    ));
#326 = CARTESIAN_POINT('',(15.297967638715,3.019363101088,1.043714577486
    ));
#327 = CARTESIAN_POINT('',(15.272356845898,3.038154081992,0.995021470074
    ));
#328 = CARTESIAN_POINT('',(15.246346947356,3.062363941528,0.94937123108)
  );
#329 = CARTESIAN_POINT('',(15.220687806549,3.091464563587,0.907319561376
    ));
#330 = CARTESIAN_POINT('',(15.166929104788,3.164864227188,0.82406398551)
  );
#331 = CARTESIAN_POINT('',(15.139281950245,3.211046455348,0.784537068718
    ));
#332 = CARTESIAN_POINT('',(15.114588730685,3.262626354186,0.751612944598
    ));
#333 = CARTESIAN_POINT('',(15.094353339673,3.318622794695,0.726095068452
    ));
#334 = CARTESIAN_POINT('',(15.080180090522,3.377882935006,0.708702328706
    ));
#335 = CARTESIAN_POINT('',(15.073091986266,3.438929692722,0.7));
#336 = CARTESIAN_POINT('',(15.073091986266,3.5,0.7));
#337 = ORIENTED_EDGE('',*,*,#338,.F.);
#338 = EDGE_CURVE('',#339,#320,#341,.T.);
#339 = VERTEX_POINT('',#340);
#340 = CARTESIAN_POINT('',(15.5,3.,1.9));
#341 = CIRCLE('',#342,1.9);
#342 = AXIS2_PLACEMENT_3D('',#343,#344,#345);
#343 = CARTESIAN_POINT('',(13.6,3.,1.9));
#344 = DIRECTION('',(-0.,1.,0.));
#345 = DIRECTION('',(1.,0.,0.));
#346 = ORIENTED_EDGE('',*,*,#347,.F.);
#347 = EDGE_CURVE('',#348,#339,#350,.T.);
#348 = VERTEX_POINT('',#349);
#349 = CARTESIAN_POINT('',(15.5,-19.5,1.9));
#350 = LINE('',#351,#352);
#351 = CARTESIAN_POINT('',(15.5,-19.5,1.9));
#352 = VECTOR('',#353,1.);
#353 = DIRECTION('',(0.,1.,0.));
#354 = ORIENTED_EDGE('',*,*,#355,.T.);
#355 = EDGE_CURVE('',#348,#124,#356,.T.);
#356 = CIRCLE('',#357,1.9);
#357 = AXIS2_PLACEMENT_3D('',#358,#359,#360);
#358 = CARTESIAN_POINT('',(13.6,-19.5,1.9));
#359 = DIRECTION('',(-8.3E-16,1.,0.));
#360 = DIRECTION('',(1.,8.3E-16,0.));
#361 = ORIENTED_EDGE('',*,*,#132,.T.);
#362 = ORIENTED_EDGE('',*,*,#233,.F.);
#363 = ORIENTED_EDGE('',*,*,#364,.F.);
#364 = EDGE_CURVE('',#365,#234,#367,.T.);
#365 = VERTEX_POINT('',#366);
#366 = CARTESIAN_POINT('',(15.5,13.,1.9));
#367 = LINE('',#368,#369);
#368 = CARTESIAN_POINT('',(15.5,-19.5,1.9));
#369 = VECTOR('',#370,1.);
#370 = DIRECTION('',(0.,1.,0.));
#371 = ORIENTED_EDGE('',*,*,#372,.T.);
#372 = EDGE_CURVE('',#365,#373,#375,.T.);
#373 = VERTEX_POINT('',#374);
#374 = CARTESIAN_POINT('',(15.366352173266,13.,1.2));
#375 = CIRCLE('',#376,1.9);
#376 = AXIS2_PLACEMENT_3D('',#377,#378,#379);
#377 = CARTESIAN_POINT('',(13.6,13.,1.9));
#378 = DIRECTION('',(-0.,1.,0.));
#379 = DIRECTION('',(1.,0.,0.));
#380 = ORIENTED_EDGE('',*,*,#381,.F.);
#381 = EDGE_CURVE('',#312,#373,#382,.T.);
#382 = B_SPLINE_CURVE_WITH_KNOTS('',7,(#383,#384,#385,#386,#387,#388,
    #389,#390,#391,#392,#393,#394,#395,#396),.UNSPECIFIED.,.F.,.F.,(8,6,
    8),(0.,0.543882061159,1.),.UNSPECIFIED.);
#383 = CARTESIAN_POINT('',(15.073091986266,12.5,0.7));
#384 = CARTESIAN_POINT('',(15.073091986266,12.561075712683,0.7));
#385 = CARTESIAN_POINT('',(15.08018125045,12.622122178104,0.708703870708
    ));
#386 = CARTESIAN_POINT('',(15.094354979771,12.681378096506,
    0.726096744484));
#387 = CARTESIAN_POINT('',(15.114587711736,12.73737106244,0.75161232461)
  );
#388 = CARTESIAN_POINT('',(15.139280227021,12.788950173693,
    0.784534529974));
#389 = CARTESIAN_POINT('',(15.166927685588,12.835133835101,
    0.824061787609));
#390 = CARTESIAN_POINT('',(15.220687652359,12.90853522589,0.907319322584
    ));
#391 = CARTESIAN_POINT('',(15.246346877622,12.937636049076,
    0.949371114452));
#392 = CARTESIAN_POINT('',(15.27235686856,12.961845944115,0.995021495765
    ));
#393 = CARTESIAN_POINT('',(15.297967697158,12.980636935139,
    1.043714661593));
#394 = CARTESIAN_POINT('',(15.322506456623,12.993492889048,
    1.094738365398));
#395 = CARTESIAN_POINT('',(15.345424447244,13.,1.147191808086));
#396 = CARTESIAN_POINT('',(15.366352173266,13.,1.2));
#397 = CYLINDRICAL_SURFACE('',#398,1.9);
#398 = AXIS2_PLACEMENT_3D('',#399,#400,#401);
#399 = CARTESIAN_POINT('',(13.6,-19.5,1.9));
#400 = DIRECTION('',(0.,1.,0.));
#401 = DIRECTION('',(1.,0.,0.));
#402 = ADVANCED_FACE('',(#403),#422,.T.);
#403 = FACE_BOUND('',#404,.T.);
#404 = EDGE_LOOP('',(#405,#406,#407,#416));
#405 = ORIENTED_EDGE('',*,*,#281,.T.);
#406 = ORIENTED_EDGE('',*,*,#98,.T.);
#407 = ORIENTED_EDGE('',*,*,#408,.F.);
#408 = EDGE_CURVE('',#409,#99,#411,.T.);
#409 = VERTEX_POINT('',#410);
#410 = CARTESIAN_POINT('',(-15.5,-19.5,1.9));
#411 = CIRCLE('',#412,1.9);
#412 = AXIS2_PLACEMENT_3D('',#413,#414,#415);
#413 = CARTESIAN_POINT('',(-13.6,-19.5,1.9));
#414 = DIRECTION('',(0.,-1.,0.));
#415 = DIRECTION('',(-1.,0.,0.));
#416 = ORIENTED_EDGE('',*,*,#417,.F.);
#417 = EDGE_CURVE('',#273,#409,#418,.T.);
#418 = LINE('',#419,#420);
#419 = CARTESIAN_POINT('',(-15.5,19.5,1.9));
#420 = VECTOR('',#421,1.);
#421 = DIRECTION('',(0.,-1.,0.));
#422 = CYLINDRICAL_SURFACE('',#423,1.9);
#423 = AXIS2_PLACEMENT_3D('',#424,#425,#426);
#424 = CARTESIAN_POINT('',(-13.6,19.5,1.9));
#425 = DIRECTION('',(0.,-1.,0.));
#426 = DIRECTION('',(-1.,0.,0.));
#427 = ADVANCED_FACE('',(#428),#448,.T.);
#428 = FACE_BOUND('',#429,.F.);
#429 = EDGE_LOOP('',(#430,#439,#446,#447));
#430 = ORIENTED_EDGE('',*,*,#431,.F.);
#431 = EDGE_CURVE('',#432,#116,#434,.T.);
#432 = VERTEX_POINT('',#433);
#433 = CARTESIAN_POINT('',(13.5,-21.5,1.9));
#434 = CIRCLE('',#435,1.9);
#435 = AXIS2_PLACEMENT_3D('',#436,#437,#438);
#436 = CARTESIAN_POINT('',(13.5,-19.6,1.9));
#437 = DIRECTION('',(1.,0.,0.));
#438 = DIRECTION('',(0.,-1.,0.));
#439 = ORIENTED_EDGE('',*,*,#440,.T.);
#440 = EDGE_CURVE('',#432,#348,#441,.T.);
#441 = CIRCLE('',#442,2.);
#442 = AXIS2_PLACEMENT_3D('',#443,#444,#445);
#443 = CARTESIAN_POINT('',(13.5,-19.5,1.9));
#444 = DIRECTION('',(-0.,0.,1.));
#445 = DIRECTION('',(0.,-1.,0.));
#446 = ORIENTED_EDGE('',*,*,#355,.T.);
#447 = ORIENTED_EDGE('',*,*,#123,.F.);
#448 = SURFACE_OF_REVOLUTION('',#449,#462);
#449 = B_SPLINE_CURVE_WITH_KNOTS('',6,(#450,#451,#452,#453,#454,#455,
    #456,#457,#458,#459,#460,#461),.UNSPECIFIED.,.F.,.F.,(7,5,7),(0.,
    0.785398163397,1.570796326795),.UNSPECIFIED.);
#450 = CARTESIAN_POINT('',(13.5,-21.5,1.9));
#451 = CARTESIAN_POINT('',(13.5,-21.5,1.651290581591));
#452 = CARTESIAN_POINT('',(13.5,-21.46093296915,1.402581578595));
#453 = CARTESIAN_POINT('',(13.5,-21.3827978897,1.161540935116));
#454 = CARTESIAN_POINT('',(13.5,-21.26760626068,0.93584961704));
#455 = CARTESIAN_POINT('',(13.5,-21.11936700055,0.732361232048));
#456 = CARTESIAN_POINT('',(13.5,-20.76763876795,0.380632999443));
#457 = CARTESIAN_POINT('',(13.5,-20.56415038296,0.232393739314));
#458 = CARTESIAN_POINT('',(13.5,-20.33845906488,0.117202110299));
#459 = CARTESIAN_POINT('',(13.5,-20.0974184214,3.906703084475E-02));
#460 = CARTESIAN_POINT('',(13.5,-19.8487094184,3.101260744808E-17));
#461 = CARTESIAN_POINT('',(13.5,-19.6,-1.26983314481E-31));
#462 = AXIS1_PLACEMENT('',#463,#464);
#463 = CARTESIAN_POINT('',(13.5,-19.5,1.9));
#464 = DIRECTION('',(-0.,-0.,-1.));
#465 = ADVANCED_FACE('',(#466),#486,.T.);
#466 = FACE_BOUND('',#467,.F.);
#467 = EDGE_LOOP('',(#468,#469,#478,#485));
#468 = ORIENTED_EDGE('',*,*,#408,.F.);
#469 = ORIENTED_EDGE('',*,*,#470,.T.);
#470 = EDGE_CURVE('',#409,#471,#473,.T.);
#471 = VERTEX_POINT('',#472);
#472 = CARTESIAN_POINT('',(-13.5,-21.5,1.9));
#473 = CIRCLE('',#474,2.);
#474 = AXIS2_PLACEMENT_3D('',#475,#476,#477);
#475 = CARTESIAN_POINT('',(-13.5,-19.5,1.9));
#476 = DIRECTION('',(0.,0.,1.));
#477 = DIRECTION('',(-1.,0.,0.));
#478 = ORIENTED_EDGE('',*,*,#479,.T.);
#479 = EDGE_CURVE('',#471,#107,#480,.T.);
#480 = CIRCLE('',#481,1.9);
#481 = AXIS2_PLACEMENT_3D('',#482,#483,#484);
#482 = CARTESIAN_POINT('',(-13.5,-19.6,1.9));
#483 = DIRECTION('',(1.,-9.5E-16,0.));
#484 = DIRECTION('',(-9.5E-16,-1.,0.));
#485 = ORIENTED_EDGE('',*,*,#106,.F.);
#486 = SURFACE_OF_REVOLUTION('',#487,#500);
#487 = B_SPLINE_CURVE_WITH_KNOTS('',6,(#488,#489,#490,#491,#492,#493,
    #494,#495,#496,#497,#498,#499),.UNSPECIFIED.,.F.,.F.,(7,5,7),(0.,
    0.785398163397,1.570796326795),.UNSPECIFIED.);
#488 = CARTESIAN_POINT('',(-15.5,-19.5,1.9));
#489 = CARTESIAN_POINT('',(-15.5,-19.5,1.651290581591));
#490 = CARTESIAN_POINT('',(-15.46093296915,-19.5,1.402581578595));
#491 = CARTESIAN_POINT('',(-15.3827978897,-19.5,1.161540935116));
#492 = CARTESIAN_POINT('',(-15.26760626068,-19.5,0.93584961704));
#493 = CARTESIAN_POINT('',(-15.11936700055,-19.5,0.732361232048));
#494 = CARTESIAN_POINT('',(-14.76763876795,-19.5,0.380632999443));
#495 = CARTESIAN_POINT('',(-14.56415038296,-19.5,0.232393739314));
#496 = CARTESIAN_POINT('',(-14.33845906488,-19.5,0.117202110299));
#497 = CARTESIAN_POINT('',(-14.0974184214,-19.5,3.906703084475E-02));
#498 = CARTESIAN_POINT('',(-13.8487094184,-19.5,3.101260744808E-17));
#499 = CARTESIAN_POINT('',(-13.6,-19.5,-1.26983314481E-31));
#500 = AXIS1_PLACEMENT('',#501,#502);
#501 = CARTESIAN_POINT('',(-13.5,-19.5,1.9));
#502 = DIRECTION('',(-0.,-0.,-1.));
#503 = ADVANCED_FACE('',(#504),#515,.T.);
#504 = FACE_BOUND('',#505,.T.);
#505 = EDGE_LOOP('',(#506,#507,#508,#509));
#506 = ORIENTED_EDGE('',*,*,#479,.T.);
#507 = ORIENTED_EDGE('',*,*,#115,.T.);
#508 = ORIENTED_EDGE('',*,*,#431,.F.);
#509 = ORIENTED_EDGE('',*,*,#510,.F.);
#510 = EDGE_CURVE('',#471,#432,#511,.T.);
#511 = LINE('',#512,#513);
#512 = CARTESIAN_POINT('',(-13.5,-21.5,1.9));
#513 = VECTOR('',#514,1.);
#514 = DIRECTION('',(1.,0.,0.));
#515 = CYLINDRICAL_SURFACE('',#516,1.9);
#516 = AXIS2_PLACEMENT_3D('',#517,#518,#519);
#517 = CARTESIAN_POINT('',(-13.5,-19.6,1.9));
#518 = DIRECTION('',(1.,0.,0.));
#519 = DIRECTION('',(0.,-1.,0.));
#520 = ADVANCED_FACE('',(#521),#574,.F.);
#521 = FACE_BOUND('',#522,.T.);
#522 = EDGE_LOOP('',(#523,#524,#532,#541,#549,#558,#566,#573));
#523 = ORIENTED_EDGE('',*,*,#152,.T.);
#524 = ORIENTED_EDGE('',*,*,#525,.T.);
#525 = EDGE_CURVE('',#153,#526,#528,.T.);
#526 = VERTEX_POINT('',#527);
#527 = CARTESIAN_POINT('',(7.25,5.85,0.7));
#528 = LINE('',#529,#530);
#529 = CARTESIAN_POINT('',(7.25,5.85,-107.7627876402));
#530 = VECTOR('',#531,1.);
#531 = DIRECTION('',(0.,0.,1.));
#532 = ORIENTED_EDGE('',*,*,#533,.F.);
#533 = EDGE_CURVE('',#534,#526,#536,.T.);
#534 = VERTEX_POINT('',#535);
#535 = CARTESIAN_POINT('',(7.,6.751387818866,0.7));
#536 = CIRCLE('',#537,1.75);
#537 = AXIS2_PLACEMENT_3D('',#538,#539,#540);
#538 = CARTESIAN_POINT('',(5.5,5.85,0.7));
#539 = DIRECTION('',(0.,0.,-1.));
#540 = DIRECTION('',(1.,0.,0.));
#541 = ORIENTED_EDGE('',*,*,#542,.F.);
#542 = EDGE_CURVE('',#543,#534,#545,.T.);
#543 = VERTEX_POINT('',#544);
#544 = CARTESIAN_POINT('',(7.,6.751387818866,1.5));
#545 = LINE('',#546,#547);
#546 = CARTESIAN_POINT('',(7.,6.751387818866,-107.7627876402));
#547 = VECTOR('',#548,1.);
#548 = DIRECTION('',(-0.,-0.,-1.));
#549 = ORIENTED_EDGE('',*,*,#550,.F.);
#550 = EDGE_CURVE('',#551,#543,#553,.T.);
#551 = VERTEX_POINT('',#552);
#552 = CARTESIAN_POINT('',(7.,4.948612181134,1.5));
#553 = CIRCLE('',#554,1.75);
#554 = AXIS2_PLACEMENT_3D('',#555,#556,#557);
#555 = CARTESIAN_POINT('',(5.5,5.85,1.5));
#556 = DIRECTION('',(0.,0.,-1.));
#557 = DIRECTION('',(1.,0.,0.));
#558 = ORIENTED_EDGE('',*,*,#559,.T.);
#559 = EDGE_CURVE('',#551,#560,#562,.T.);
#560 = VERTEX_POINT('',#561);
#561 = CARTESIAN_POINT('',(7.,4.948612181134,0.7));
#562 = LINE('',#563,#564);
#563 = CARTESIAN_POINT('',(7.,4.948612181134,-107.7627876402));
#564 = VECTOR('',#565,1.);
#565 = DIRECTION('',(-0.,-0.,-1.));
#566 = ORIENTED_EDGE('',*,*,#567,.F.);
#567 = EDGE_CURVE('',#526,#560,#568,.T.);
#568 = CIRCLE('',#569,1.75);
#569 = AXIS2_PLACEMENT_3D('',#570,#571,#572);
#570 = CARTESIAN_POINT('',(5.5,5.85,0.7));
#571 = DIRECTION('',(0.,0.,-1.));
#572 = DIRECTION('',(1.,0.,0.));
#573 = ORIENTED_EDGE('',*,*,#525,.F.);
#574 = CYLINDRICAL_SURFACE('',#575,1.75);
#575 = AXIS2_PLACEMENT_3D('',#576,#577,#578);
#576 = CARTESIAN_POINT('',(5.5,5.85,-107.7627876402));
#577 = DIRECTION('',(-0.,-0.,-1.));
#578 = DIRECTION('',(1.,0.,0.));
#579 = ADVANCED_FACE('',(#580),#599,.F.);
#580 = FACE_BOUND('',#581,.T.);
#581 = EDGE_LOOP('',(#582,#583,#591,#598));
#582 = ORIENTED_EDGE('',*,*,#163,.T.);
#583 = ORIENTED_EDGE('',*,*,#584,.T.);
#584 = EDGE_CURVE('',#164,#585,#587,.T.);
#585 = VERTEX_POINT('',#586);
#586 = CARTESIAN_POINT('',(4.45,12.65,1.5));
#587 = LINE('',#588,#589);
#588 = CARTESIAN_POINT('',(4.45,12.65,-107.7627876402));
#589 = VECTOR('',#590,1.);
#590 = DIRECTION('',(0.,0.,1.));
#591 = ORIENTED_EDGE('',*,*,#592,.F.);
#592 = EDGE_CURVE('',#585,#585,#593,.T.);
#593 = CIRCLE('',#594,1.75);
#594 = AXIS2_PLACEMENT_3D('',#595,#596,#597);
#595 = CARTESIAN_POINT('',(2.7,12.65,1.5));
#596 = DIRECTION('',(0.,0.,-1.));
#597 = DIRECTION('',(1.,0.,0.));
#598 = ORIENTED_EDGE('',*,*,#584,.F.);
#599 = CYLINDRICAL_SURFACE('',#600,1.75);
#600 = AXIS2_PLACEMENT_3D('',#601,#602,#603);
#601 = CARTESIAN_POINT('',(2.7,12.65,-107.7627876402));
#602 = DIRECTION('',(-0.,-0.,-1.));
#603 = DIRECTION('',(1.,0.,0.));
#604 = ADVANCED_FACE('',(#605),#624,.F.);
#605 = FACE_BOUND('',#606,.F.);
#606 = EDGE_LOOP('',(#607,#615,#622,#623));
#607 = ORIENTED_EDGE('',*,*,#608,.F.);
#608 = EDGE_CURVE('',#609,#184,#611,.T.);
#609 = VERTEX_POINT('',#610);
#610 = CARTESIAN_POINT('',(1.75,-15.,3.));
#611 = LINE('',#612,#613);
#612 = CARTESIAN_POINT('',(1.75,-15.,7.7));
#613 = VECTOR('',#614,1.);
#614 = DIRECTION('',(-0.,-0.,-1.));
#615 = ORIENTED_EDGE('',*,*,#616,.F.);
#616 = EDGE_CURVE('',#609,#609,#617,.T.);
#617 = CIRCLE('',#618,1.75);
#618 = AXIS2_PLACEMENT_3D('',#619,#620,#621);
#619 = CARTESIAN_POINT('',(0.,-15.,3.));
#620 = DIRECTION('',(0.,0.,1.));
#621 = DIRECTION('',(1.,0.,0.));
#622 = ORIENTED_EDGE('',*,*,#608,.T.);
#623 = ORIENTED_EDGE('',*,*,#183,.T.);
#624 = CYLINDRICAL_SURFACE('',#625,1.75);
#625 = AXIS2_PLACEMENT_3D('',#626,#627,#628);
#626 = CARTESIAN_POINT('',(0.,-15.,7.7));
#627 = DIRECTION('',(0.,0.,1.));
#628 = DIRECTION('',(1.,0.,0.));
#629 = ADVANCED_FACE('',(#630),#655,.F.);
#630 = FACE_BOUND('',#631,.F.);
#631 = EDGE_LOOP('',(#632,#640,#648,#654));
#632 = ORIENTED_EDGE('',*,*,#633,.T.);
#633 = EDGE_CURVE('',#201,#634,#636,.T.);
#634 = VERTEX_POINT('',#635);
#635 = CARTESIAN_POINT('',(13.5,21.5,2.5));
#636 = LINE('',#637,#638);
#637 = CARTESIAN_POINT('',(13.5,21.5,0.));
#638 = VECTOR('',#639,1.);
#639 = DIRECTION('',(0.,0.,1.));
#640 = ORIENTED_EDGE('',*,*,#641,.T.);
#641 = EDGE_CURVE('',#634,#642,#644,.T.);
#642 = VERTEX_POINT('',#643);
#643 = CARTESIAN_POINT('',(-13.5,21.5,2.5));
#644 = LINE('',#645,#646);
#645 = CARTESIAN_POINT('',(13.5,21.5,2.5));
#646 = VECTOR('',#647,1.);
#647 = DIRECTION('',(-1.,0.,0.));
#648 = ORIENTED_EDGE('',*,*,#649,.F.);
#649 = EDGE_CURVE('',#211,#642,#650,.T.);
#650 = LINE('',#651,#652);
#651 = CARTESIAN_POINT('',(-13.5,21.5,0.));
#652 = VECTOR('',#653,1.);
#653 = DIRECTION('',(0.,0.,1.));
#654 = ORIENTED_EDGE('',*,*,#219,.F.);
#655 = PLANE('',#656);
#656 = AXIS2_PLACEMENT_3D('',#657,#658,#659);
#657 = CARTESIAN_POINT('',(13.5,21.5,0.));
#658 = DIRECTION('',(0.,-1.,0.));
#659 = DIRECTION('',(-1.,0.,0.));
#660 = ADVANCED_FACE('',(#661),#680,.T.);
#661 = FACE_BOUND('',#662,.F.);
#662 = EDGE_LOOP('',(#663,#671,#678,#679));
#663 = ORIENTED_EDGE('',*,*,#664,.T.);
#664 = EDGE_CURVE('',#234,#665,#667,.T.);
#665 = VERTEX_POINT('',#666);
#666 = CARTESIAN_POINT('',(15.5,19.5,2.5));
#667 = LINE('',#668,#669);
#668 = CARTESIAN_POINT('',(15.5,19.5,0.));
#669 = VECTOR('',#670,1.);
#670 = DIRECTION('',(0.,0.,1.));
#671 = ORIENTED_EDGE('',*,*,#672,.T.);
#672 = EDGE_CURVE('',#665,#634,#673,.T.);
#673 = CIRCLE('',#674,2.);
#674 = AXIS2_PLACEMENT_3D('',#675,#676,#677);
#675 = CARTESIAN_POINT('',(13.5,19.5,2.5));
#676 = DIRECTION('',(0.,0.,1.));
#677 = DIRECTION('',(1.,0.,0.));
#678 = ORIENTED_EDGE('',*,*,#633,.F.);
#679 = ORIENTED_EDGE('',*,*,#242,.F.);
#680 = CYLINDRICAL_SURFACE('',#681,2.);
#681 = AXIS2_PLACEMENT_3D('',#682,#683,#684);
#682 = CARTESIAN_POINT('',(13.5,19.5,0.));
#683 = DIRECTION('',(-0.,-0.,-1.));
#684 = DIRECTION('',(1.,0.,0.));
#685 = ADVANCED_FACE('',(#686),#705,.T.);
#686 = FACE_BOUND('',#687,.F.);
#687 = EDGE_LOOP('',(#688,#689,#698,#704));
#688 = ORIENTED_EDGE('',*,*,#649,.T.);
#689 = ORIENTED_EDGE('',*,*,#690,.T.);
#690 = EDGE_CURVE('',#642,#691,#693,.T.);
#691 = VERTEX_POINT('',#692);
#692 = CARTESIAN_POINT('',(-15.5,19.5,2.5));
#693 = CIRCLE('',#694,2.);
#694 = AXIS2_PLACEMENT_3D('',#695,#696,#697);
#695 = CARTESIAN_POINT('',(-13.5,19.5,2.5));
#696 = DIRECTION('',(0.,0.,1.));
#697 = DIRECTION('',(1.,0.,0.));
#698 = ORIENTED_EDGE('',*,*,#699,.F.);
#699 = EDGE_CURVE('',#273,#691,#700,.T.);
#700 = LINE('',#701,#702);
#701 = CARTESIAN_POINT('',(-15.5,19.5,0.));
#702 = VECTOR('',#703,1.);
#703 = DIRECTION('',(0.,0.,1.));
#704 = ORIENTED_EDGE('',*,*,#272,.F.);
#705 = CYLINDRICAL_SURFACE('',#706,2.);
#706 = AXIS2_PLACEMENT_3D('',#707,#708,#709);
#707 = CARTESIAN_POINT('',(-13.5,19.5,0.));
#708 = DIRECTION('',(-0.,-0.,-1.));
#709 = DIRECTION('',(1.,0.,0.));
#710 = ADVANCED_FACE('',(#711),#744,.F.);
#711 = FACE_BOUND('',#712,.F.);
#712 = EDGE_LOOP('',(#713,#721,#722,#730,#736,#737,#738));
#713 = ORIENTED_EDGE('',*,*,#714,.F.);
#714 = EDGE_CURVE('',#312,#715,#717,.T.);
#715 = VERTEX_POINT('',#716);
#716 = CARTESIAN_POINT('',(7.,12.5,0.7));
#717 = LINE('',#718,#719);
#718 = CARTESIAN_POINT('',(15.073091986266,12.5,0.7));
#719 = VECTOR('',#720,1.);
#720 = DIRECTION('',(-1.,-0.,-0.));
#721 = ORIENTED_EDGE('',*,*,#309,.F.);
#722 = ORIENTED_EDGE('',*,*,#723,.T.);
#723 = EDGE_CURVE('',#310,#724,#726,.T.);
#724 = VERTEX_POINT('',#725);
#725 = CARTESIAN_POINT('',(7.,3.5,0.7));
#726 = LINE('',#727,#728);
#727 = CARTESIAN_POINT('',(15.073091986266,3.5,0.7));
#728 = VECTOR('',#729,1.);
#729 = DIRECTION('',(-1.,-0.,-0.));
#730 = ORIENTED_EDGE('',*,*,#731,.T.);
#731 = EDGE_CURVE('',#724,#560,#732,.T.);
#732 = LINE('',#733,#734);
#733 = CARTESIAN_POINT('',(7.,3.,0.7));
#734 = VECTOR('',#735,1.);
#735 = DIRECTION('',(0.,1.,0.));
#736 = ORIENTED_EDGE('',*,*,#567,.F.);
#737 = ORIENTED_EDGE('',*,*,#533,.F.);
#738 = ORIENTED_EDGE('',*,*,#739,.T.);
#739 = EDGE_CURVE('',#534,#715,#740,.T.);
#740 = LINE('',#741,#742);
#741 = CARTESIAN_POINT('',(7.,3.,0.7));
#742 = VECTOR('',#743,1.);
#743 = DIRECTION('',(0.,1.,0.));
#744 = PLANE('',#745);
#745 = AXIS2_PLACEMENT_3D('',#746,#747,#748);
#746 = CARTESIAN_POINT('',(15.5,3.,0.7));
#747 = DIRECTION('',(0.,0.,-1.));
#748 = DIRECTION('',(0.,1.,0.));
#749 = ADVANCED_FACE('',(#750),#769,.F.);
#750 = FACE_BOUND('',#751,.T.);
#751 = EDGE_LOOP('',(#752,#753,#761,#768));
#752 = ORIENTED_EDGE('',*,*,#381,.T.);
#753 = ORIENTED_EDGE('',*,*,#754,.T.);
#754 = EDGE_CURVE('',#373,#755,#757,.T.);
#755 = VERTEX_POINT('',#756);
#756 = CARTESIAN_POINT('',(7.,13.,1.2));
#757 = LINE('',#758,#759);
#758 = CARTESIAN_POINT('',(15.073091986266,13.,1.2));
#759 = VECTOR('',#760,1.);
#760 = DIRECTION('',(-1.,-0.,-0.));
#761 = ORIENTED_EDGE('',*,*,#762,.F.);
#762 = EDGE_CURVE('',#715,#755,#763,.T.);
#763 = CIRCLE('',#764,0.5);
#764 = AXIS2_PLACEMENT_3D('',#765,#766,#767);
#765 = CARTESIAN_POINT('',(7.,12.5,1.2));
#766 = DIRECTION('',(1.,-0.,0.));
#767 = DIRECTION('',(0.,0.,-1.));
#768 = ORIENTED_EDGE('',*,*,#714,.F.);
#769 = CYLINDRICAL_SURFACE('',#770,0.5);
#770 = AXIS2_PLACEMENT_3D('',#771,#772,#773);
#771 = CARTESIAN_POINT('',(15.073091986266,12.5,1.2));
#772 = DIRECTION('',(-1.,-0.,-0.));
#773 = DIRECTION('',(0.,0.,-1.));
#774 = ADVANCED_FACE('',(#775),#794,.F.);
#775 = FACE_BOUND('',#776,.T.);
#776 = EDGE_LOOP('',(#777,#778,#779,#788));
#777 = ORIENTED_EDGE('',*,*,#319,.T.);
#778 = ORIENTED_EDGE('',*,*,#723,.T.);
#779 = ORIENTED_EDGE('',*,*,#780,.F.);
#780 = EDGE_CURVE('',#781,#724,#783,.T.);
#781 = VERTEX_POINT('',#782);
#782 = CARTESIAN_POINT('',(7.,3.,1.2));
#783 = CIRCLE('',#784,0.5);
#784 = AXIS2_PLACEMENT_3D('',#785,#786,#787);
#785 = CARTESIAN_POINT('',(7.,3.5,1.2));
#786 = DIRECTION('',(1.,-0.,0.));
#787 = DIRECTION('',(0.,0.,-1.));
#788 = ORIENTED_EDGE('',*,*,#789,.F.);
#789 = EDGE_CURVE('',#320,#781,#790,.T.);
#790 = LINE('',#791,#792);
#791 = CARTESIAN_POINT('',(15.073091986266,3.,1.2));
#792 = VECTOR('',#793,1.);
#793 = DIRECTION('',(-1.,-0.,-0.));
#794 = CYLINDRICAL_SURFACE('',#795,0.5);
#795 = AXIS2_PLACEMENT_3D('',#796,#797,#798);
#796 = CARTESIAN_POINT('',(15.073091986266,3.5,1.2));
#797 = DIRECTION('',(-1.,-0.,-0.));
#798 = DIRECTION('',(0.,-1.,0.));
#799 = ADVANCED_FACE('',(#800),#851,.F.);
#800 = FACE_BOUND('',#801,.F.);
#801 = EDGE_LOOP('',(#802,#803,#804,#812,#820,#829,#837,#845));
#802 = ORIENTED_EDGE('',*,*,#372,.T.);
#803 = ORIENTED_EDGE('',*,*,#754,.T.);
#804 = ORIENTED_EDGE('',*,*,#805,.T.);
#805 = EDGE_CURVE('',#755,#806,#808,.T.);
#806 = VERTEX_POINT('',#807);
#807 = CARTESIAN_POINT('',(7.,13.,1.5));
#808 = LINE('',#809,#810);
#809 = CARTESIAN_POINT('',(7.,13.,0.7));
#810 = VECTOR('',#811,1.);
#811 = DIRECTION('',(0.,0.,1.));
#812 = ORIENTED_EDGE('',*,*,#813,.F.);
#813 = EDGE_CURVE('',#814,#806,#816,.T.);
#814 = VERTEX_POINT('',#815);
#815 = CARTESIAN_POINT('',(13.6,13.,1.5));
#816 = LINE('',#817,#818);
#817 = CARTESIAN_POINT('',(7.75,13.,1.5));
#818 = VECTOR('',#819,1.);
#819 = DIRECTION('',(-1.,0.,0.));
#820 = ORIENTED_EDGE('',*,*,#821,.F.);
#821 = EDGE_CURVE('',#822,#814,#824,.T.);
#822 = VERTEX_POINT('',#823);
#823 = CARTESIAN_POINT('',(14.,13.,1.9));
#824 = CIRCLE('',#825,0.4);
#825 = AXIS2_PLACEMENT_3D('',#826,#827,#828);
#826 = CARTESIAN_POINT('',(13.6,13.,1.9));
#827 = DIRECTION('',(-0.,1.,0.));
#828 = DIRECTION('',(1.,0.,0.));
#829 = ORIENTED_EDGE('',*,*,#830,.F.);
#830 = EDGE_CURVE('',#831,#822,#833,.T.);
#831 = VERTEX_POINT('',#832);
#832 = CARTESIAN_POINT('',(14.,13.,2.5));
#833 = LINE('',#834,#835);
#834 = CARTESIAN_POINT('',(14.,13.,0.35));
#835 = VECTOR('',#836,1.);
#836 = DIRECTION('',(0.,0.,-1.));
#837 = ORIENTED_EDGE('',*,*,#838,.F.);
#838 = EDGE_CURVE('',#839,#831,#841,.T.);
#839 = VERTEX_POINT('',#840);
#840 = CARTESIAN_POINT('',(15.5,13.,2.5));
#841 = LINE('',#842,#843);
#842 = CARTESIAN_POINT('',(15.5,13.,2.5));
#843 = VECTOR('',#844,1.);
#844 = DIRECTION('',(-1.,-0.,-0.));
#845 = ORIENTED_EDGE('',*,*,#846,.F.);
#846 = EDGE_CURVE('',#365,#839,#847,.T.);
#847 = LINE('',#848,#849);
#848 = CARTESIAN_POINT('',(15.5,13.,0.7));
#849 = VECTOR('',#850,1.);
#850 = DIRECTION('',(0.,0.,1.));
#851 = PLANE('',#852);
#852 = AXIS2_PLACEMENT_3D('',#853,#854,#855);
#853 = CARTESIAN_POINT('',(15.5,13.,0.7));
#854 = DIRECTION('',(0.,1.,0.));
#855 = DIRECTION('',(0.,0.,1.));
#856 = ADVANCED_FACE('',(#857),#908,.F.);
#857 = FACE_BOUND('',#858,.F.);
#858 = EDGE_LOOP('',(#859,#860,#868,#876,#884,#893,#901,#907));
#859 = ORIENTED_EDGE('',*,*,#338,.F.);
#860 = ORIENTED_EDGE('',*,*,#861,.F.);
#861 = EDGE_CURVE('',#862,#339,#864,.T.);
#862 = VERTEX_POINT('',#863);
#863 = CARTESIAN_POINT('',(15.5,3.,2.5));
#864 = LINE('',#865,#866);
#865 = CARTESIAN_POINT('',(15.5,3.,2.5));
#866 = VECTOR('',#867,1.);
#867 = DIRECTION('',(0.,0.,-1.));
#868 = ORIENTED_EDGE('',*,*,#869,.T.);
#869 = EDGE_CURVE('',#862,#870,#872,.T.);
#870 = VERTEX_POINT('',#871);
#871 = CARTESIAN_POINT('',(14.,3.,2.5));
#872 = LINE('',#873,#874);
#873 = CARTESIAN_POINT('',(15.5,3.,2.5));
#874 = VECTOR('',#875,1.);
#875 = DIRECTION('',(-1.,-0.,-0.));
#876 = ORIENTED_EDGE('',*,*,#877,.F.);
#877 = EDGE_CURVE('',#878,#870,#880,.T.);
#878 = VERTEX_POINT('',#879);
#879 = CARTESIAN_POINT('',(14.,3.,1.9));
#880 = LINE('',#881,#882);
#881 = CARTESIAN_POINT('',(14.,3.,1.25));
#882 = VECTOR('',#883,1.);
#883 = DIRECTION('',(0.,0.,1.));
#884 = ORIENTED_EDGE('',*,*,#885,.T.);
#885 = EDGE_CURVE('',#878,#886,#888,.T.);
#886 = VERTEX_POINT('',#887);
#887 = CARTESIAN_POINT('',(13.6,3.,1.5));
#888 = CIRCLE('',#889,0.4);
#889 = AXIS2_PLACEMENT_3D('',#890,#891,#892);
#890 = CARTESIAN_POINT('',(13.6,3.,1.9));
#891 = DIRECTION('',(-0.,1.,0.));
#892 = DIRECTION('',(1.,0.,0.));
#893 = ORIENTED_EDGE('',*,*,#894,.F.);
#894 = EDGE_CURVE('',#895,#886,#897,.T.);
#895 = VERTEX_POINT('',#896);
#896 = CARTESIAN_POINT('',(7.,3.,1.5));
#897 = LINE('',#898,#899);
#898 = CARTESIAN_POINT('',(7.75,3.,1.5));
#899 = VECTOR('',#900,1.);
#900 = DIRECTION('',(1.,0.,0.));
#901 = ORIENTED_EDGE('',*,*,#902,.T.);
#902 = EDGE_CURVE('',#895,#781,#903,.T.);
#903 = LINE('',#904,#905);
#904 = CARTESIAN_POINT('',(7.,3.,2.5));
#905 = VECTOR('',#906,1.);
#906 = DIRECTION('',(0.,0.,-1.));
#907 = ORIENTED_EDGE('',*,*,#789,.F.);
#908 = PLANE('',#909);
#909 = AXIS2_PLACEMENT_3D('',#910,#911,#912);
#910 = CARTESIAN_POINT('',(15.5,3.,2.5));
#911 = DIRECTION('',(0.,-1.,0.));
#912 = DIRECTION('',(0.,0.,-1.));
#913 = ADVANCED_FACE('',(#914),#925,.F.);
#914 = FACE_BOUND('',#915,.F.);
#915 = EDGE_LOOP('',(#916,#917,#918,#924));
#916 = ORIENTED_EDGE('',*,*,#364,.F.);
#917 = ORIENTED_EDGE('',*,*,#846,.T.);
#918 = ORIENTED_EDGE('',*,*,#919,.T.);
#919 = EDGE_CURVE('',#839,#665,#920,.T.);
#920 = LINE('',#921,#922);
#921 = CARTESIAN_POINT('',(15.5,-19.5,2.5));
#922 = VECTOR('',#923,1.);
#923 = DIRECTION('',(0.,1.,0.));
#924 = ORIENTED_EDGE('',*,*,#664,.F.);
#925 = PLANE('',#926);
#926 = AXIS2_PLACEMENT_3D('',#927,#928,#929);
#927 = CARTESIAN_POINT('',(15.5,-19.5,0.));
#928 = DIRECTION('',(-1.,0.,0.));
#929 = DIRECTION('',(0.,1.,0.));
#930 = ADVANCED_FACE('',(#931),#949,.F.);
#931 = FACE_BOUND('',#932,.F.);
#932 = EDGE_LOOP('',(#933,#934,#942,#948));
#933 = ORIENTED_EDGE('',*,*,#347,.F.);
#934 = ORIENTED_EDGE('',*,*,#935,.T.);
#935 = EDGE_CURVE('',#348,#936,#938,.T.);
#936 = VERTEX_POINT('',#937);
#937 = CARTESIAN_POINT('',(15.5,-19.5,2.5));
#938 = LINE('',#939,#940);
#939 = CARTESIAN_POINT('',(15.5,-19.5,0.));
#940 = VECTOR('',#941,1.);
#941 = DIRECTION('',(0.,0.,1.));
#942 = ORIENTED_EDGE('',*,*,#943,.T.);
#943 = EDGE_CURVE('',#936,#862,#944,.T.);
#944 = LINE('',#945,#946);
#945 = CARTESIAN_POINT('',(15.5,-19.5,2.5));
#946 = VECTOR('',#947,1.);
#947 = DIRECTION('',(0.,1.,0.));
#948 = ORIENTED_EDGE('',*,*,#861,.T.);
#949 = PLANE('',#950);
#950 = AXIS2_PLACEMENT_3D('',#951,#952,#953);
#951 = CARTESIAN_POINT('',(15.5,-19.5,0.));
#952 = DIRECTION('',(-1.,0.,0.));
#953 = DIRECTION('',(0.,1.,0.));
#954 = ADVANCED_FACE('',(#955),#973,.F.);
#955 = FACE_BOUND('',#956,.F.);
#956 = EDGE_LOOP('',(#957,#958,#966,#972));
#957 = ORIENTED_EDGE('',*,*,#699,.T.);
#958 = ORIENTED_EDGE('',*,*,#959,.T.);
#959 = EDGE_CURVE('',#691,#960,#962,.T.);
#960 = VERTEX_POINT('',#961);
#961 = CARTESIAN_POINT('',(-15.5,-19.5,2.5));
#962 = LINE('',#963,#964);
#963 = CARTESIAN_POINT('',(-15.5,19.5,2.5));
#964 = VECTOR('',#965,1.);
#965 = DIRECTION('',(0.,-1.,0.));
#966 = ORIENTED_EDGE('',*,*,#967,.F.);
#967 = EDGE_CURVE('',#409,#960,#968,.T.);
#968 = LINE('',#969,#970);
#969 = CARTESIAN_POINT('',(-15.5,-19.5,0.));
#970 = VECTOR('',#971,1.);
#971 = DIRECTION('',(0.,0.,1.));
#972 = ORIENTED_EDGE('',*,*,#417,.F.);
#973 = PLANE('',#974);
#974 = AXIS2_PLACEMENT_3D('',#975,#976,#977);
#975 = CARTESIAN_POINT('',(-15.5,19.5,0.));
#976 = DIRECTION('',(1.,0.,0.));
#977 = DIRECTION('',(0.,-1.,0.));
#978 = ADVANCED_FACE('',(#979),#998,.T.);
#979 = FACE_BOUND('',#980,.F.);
#980 = EDGE_LOOP('',(#981,#989,#996,#997));
#981 = ORIENTED_EDGE('',*,*,#982,.T.);
#982 = EDGE_CURVE('',#432,#983,#985,.T.);
#983 = VERTEX_POINT('',#984);
#984 = CARTESIAN_POINT('',(13.5,-21.5,2.5));
#985 = LINE('',#986,#987);
#986 = CARTESIAN_POINT('',(13.5,-21.5,0.));
#987 = VECTOR('',#988,1.);
#988 = DIRECTION('',(0.,0.,1.));
#989 = ORIENTED_EDGE('',*,*,#990,.T.);
#990 = EDGE_CURVE('',#983,#936,#991,.T.);
#991 = CIRCLE('',#992,2.);
#992 = AXIS2_PLACEMENT_3D('',#993,#994,#995);
#993 = CARTESIAN_POINT('',(13.5,-19.5,2.5));
#994 = DIRECTION('',(0.,0.,1.));
#995 = DIRECTION('',(1.,0.,0.));
#996 = ORIENTED_EDGE('',*,*,#935,.F.);
#997 = ORIENTED_EDGE('',*,*,#440,.F.);
#998 = CYLINDRICAL_SURFACE('',#999,2.);
#999 = AXIS2_PLACEMENT_3D('',#1000,#1001,#1002);
#1000 = CARTESIAN_POINT('',(13.5,-19.5,0.));
#1001 = DIRECTION('',(-0.,-0.,-1.));
#1002 = DIRECTION('',(1.,0.,0.));
#1003 = ADVANCED_FACE('',(#1004),#1023,.T.);
#1004 = FACE_BOUND('',#1005,.F.);
#1005 = EDGE_LOOP('',(#1006,#1007,#1016,#1022));
#1006 = ORIENTED_EDGE('',*,*,#967,.T.);
#1007 = ORIENTED_EDGE('',*,*,#1008,.T.);
#1008 = EDGE_CURVE('',#960,#1009,#1011,.T.);
#1009 = VERTEX_POINT('',#1010);
#1010 = CARTESIAN_POINT('',(-13.5,-21.5,2.5));
#1011 = CIRCLE('',#1012,2.);
#1012 = AXIS2_PLACEMENT_3D('',#1013,#1014,#1015);
#1013 = CARTESIAN_POINT('',(-13.5,-19.5,2.5));
#1014 = DIRECTION('',(0.,0.,1.));
#1015 = DIRECTION('',(1.,0.,0.));
#1016 = ORIENTED_EDGE('',*,*,#1017,.F.);
#1017 = EDGE_CURVE('',#471,#1009,#1018,.T.);
#1018 = LINE('',#1019,#1020);
#1019 = CARTESIAN_POINT('',(-13.5,-21.5,0.));
#1020 = VECTOR('',#1021,1.);
#1021 = DIRECTION('',(0.,0.,1.));
#1022 = ORIENTED_EDGE('',*,*,#470,.F.);
#1023 = CYLINDRICAL_SURFACE('',#1024,2.);
#1024 = AXIS2_PLACEMENT_3D('',#1025,#1026,#1027);
#1025 = CARTESIAN_POINT('',(-13.5,-19.5,0.));
#1026 = DIRECTION('',(-0.,-0.,-1.));
#1027 = DIRECTION('',(1.,0.,0.));
#1028 = ADVANCED_FACE('',(#1029),#1040,.F.);
#1029 = FACE_BOUND('',#1030,.F.);
#1030 = EDGE_LOOP('',(#1031,#1032,#1038,#1039));
#1031 = ORIENTED_EDGE('',*,*,#1017,.T.);
#1032 = ORIENTED_EDGE('',*,*,#1033,.T.);
#1033 = EDGE_CURVE('',#1009,#983,#1034,.T.);
#1034 = LINE('',#1035,#1036);
#1035 = CARTESIAN_POINT('',(-13.5,-21.5,2.5));
#1036 = VECTOR('',#1037,1.);
#1037 = DIRECTION('',(1.,0.,0.));
#1038 = ORIENTED_EDGE('',*,*,#982,.F.);
#1039 = ORIENTED_EDGE('',*,*,#510,.F.);
#1040 = PLANE('',#1041);
#1041 = AXIS2_PLACEMENT_3D('',#1042,#1043,#1044);
#1042 = CARTESIAN_POINT('',(-13.5,-21.5,0.));
#1043 = DIRECTION('',(0.,1.,0.));
#1044 = DIRECTION('',(1.,0.,0.));
#1045 = ADVANCED_FACE('',(#1046),#1058,.T.);
#1046 = FACE_BOUND('',#1047,.T.);
#1047 = EDGE_LOOP('',(#1048,#1049,#1050,#1051,#1057));
#1048 = ORIENTED_EDGE('',*,*,#780,.T.);
#1049 = ORIENTED_EDGE('',*,*,#731,.T.);
#1050 = ORIENTED_EDGE('',*,*,#559,.F.);
#1051 = ORIENTED_EDGE('',*,*,#1052,.F.);
#1052 = EDGE_CURVE('',#895,#551,#1053,.T.);
#1053 = LINE('',#1054,#1055);
#1054 = CARTESIAN_POINT('',(7.,4.,1.5));
#1055 = VECTOR('',#1056,1.);
#1056 = DIRECTION('',(0.,1.,0.));
#1057 = ORIENTED_EDGE('',*,*,#902,.T.);
#1058 = PLANE('',#1059);
#1059 = AXIS2_PLACEMENT_3D('',#1060,#1061,#1062);
#1060 = CARTESIAN_POINT('',(7.,8.,1.6));
#1061 = DIRECTION('',(1.,0.,0.));
#1062 = DIRECTION('',(0.,0.,1.));
#1063 = ADVANCED_FACE('',(#1064,#1214,#1225,#1259,#1293),#1296,.T.);
#1064 = FACE_BOUND('',#1065,.T.);
#1065 = EDGE_LOOP('',(#1066,#1067,#1075,#1084,#1092,#1100,#1108,#1116,
    #1124,#1132,#1140,#1148,#1156,#1165,#1173,#1182,#1190,#1199,#1205,
    #1206,#1207,#1208));
#1066 = ORIENTED_EDGE('',*,*,#813,.F.);
#1067 = ORIENTED_EDGE('',*,*,#1068,.T.);
#1068 = EDGE_CURVE('',#814,#1069,#1071,.T.);
#1069 = VERTEX_POINT('',#1070);
#1070 = CARTESIAN_POINT('',(13.6,19.5,1.5));
#1071 = LINE('',#1072,#1073);
#1072 = CARTESIAN_POINT('',(13.6,-19.5,1.5));
#1073 = VECTOR('',#1074,1.);
#1074 = DIRECTION('',(0.,1.,0.));
#1075 = ORIENTED_EDGE('',*,*,#1076,.T.);
#1076 = EDGE_CURVE('',#1069,#1077,#1079,.T.);
#1077 = VERTEX_POINT('',#1078);
#1078 = CARTESIAN_POINT('',(13.5,19.6,1.5));
#1079 = CIRCLE('',#1080,0.1);
#1080 = AXIS2_PLACEMENT_3D('',#1081,#1082,#1083);
#1081 = CARTESIAN_POINT('',(13.5,19.5,1.5));
#1082 = DIRECTION('',(0.,0.,1.));
#1083 = DIRECTION('',(1.,0.,0.));
#1084 = ORIENTED_EDGE('',*,*,#1085,.T.);
#1085 = EDGE_CURVE('',#1077,#1086,#1088,.T.);
#1086 = VERTEX_POINT('',#1087);
#1087 = CARTESIAN_POINT('',(2.5,19.6,1.5));
#1088 = LINE('',#1089,#1090);
#1089 = CARTESIAN_POINT('',(13.5,19.6,1.5));
#1090 = VECTOR('',#1091,1.);
#1091 = DIRECTION('',(-1.,0.,0.));
#1092 = ORIENTED_EDGE('',*,*,#1093,.F.);
#1093 = EDGE_CURVE('',#1094,#1086,#1096,.T.);
#1094 = VERTEX_POINT('',#1095);
#1095 = CARTESIAN_POINT('',(2.5,18.5,1.5));
#1096 = LINE('',#1097,#1098);
#1097 = CARTESIAN_POINT('',(2.5,8.75,1.5));
#1098 = VECTOR('',#1099,1.);
#1099 = DIRECTION('',(0.,1.,0.));
#1100 = ORIENTED_EDGE('',*,*,#1101,.T.);
#1101 = EDGE_CURVE('',#1094,#1102,#1104,.T.);
#1102 = VERTEX_POINT('',#1103);
#1103 = CARTESIAN_POINT('',(10.499999999969,18.5,1.5));
#1104 = LINE('',#1105,#1106);
#1105 = CARTESIAN_POINT('',(-6.000000000036,18.5,1.5));
#1106 = VECTOR('',#1107,1.);
#1107 = DIRECTION('',(1.,0.,0.));
#1108 = ORIENTED_EDGE('',*,*,#1109,.T.);
#1109 = EDGE_CURVE('',#1102,#1110,#1112,.T.);
#1110 = VERTEX_POINT('',#1111);
#1111 = CARTESIAN_POINT('',(8.249999999968,16.25,1.5));
#1112 = LINE('',#1113,#1114);
#1113 = CARTESIAN_POINT('',(10.499999999969,18.5,1.5));
#1114 = VECTOR('',#1115,1.);
#1115 = DIRECTION('',(-0.707106781187,-0.707106781186,0.));
#1116 = ORIENTED_EDGE('',*,*,#1117,.F.);
#1117 = EDGE_CURVE('',#1118,#1110,#1120,.T.);
#1118 = VERTEX_POINT('',#1119);
#1119 = CARTESIAN_POINT('',(-3.750000000035,16.25,1.5));
#1120 = LINE('',#1121,#1122);
#1121 = CARTESIAN_POINT('',(-3.750000000035,16.25,1.5));
#1122 = VECTOR('',#1123,1.);
#1123 = DIRECTION('',(1.,0.,0.));
#1124 = ORIENTED_EDGE('',*,*,#1125,.T.);
#1125 = EDGE_CURVE('',#1118,#1126,#1128,.T.);
#1126 = VERTEX_POINT('',#1127);
#1127 = CARTESIAN_POINT('',(-6.000000000036,18.5,1.5));
#1128 = LINE('',#1129,#1130);
#1129 = CARTESIAN_POINT('',(-3.750000000035,16.25,1.5));
#1130 = VECTOR('',#1131,1.);
#1131 = DIRECTION('',(-0.707106781187,0.707106781186,0.));
#1132 = ORIENTED_EDGE('',*,*,#1133,.T.);
#1133 = EDGE_CURVE('',#1126,#1134,#1136,.T.);
#1134 = VERTEX_POINT('',#1135);
#1135 = CARTESIAN_POINT('',(-2.5,18.5,1.5));
#1136 = LINE('',#1137,#1138);
#1137 = CARTESIAN_POINT('',(-6.000000000036,18.5,1.5));
#1138 = VECTOR('',#1139,1.);
#1139 = DIRECTION('',(1.,0.,0.));
#1140 = ORIENTED_EDGE('',*,*,#1141,.F.);
#1141 = EDGE_CURVE('',#1142,#1134,#1144,.T.);
#1142 = VERTEX_POINT('',#1143);
#1143 = CARTESIAN_POINT('',(-2.5,19.6,1.5));
#1144 = LINE('',#1145,#1146);
#1145 = CARTESIAN_POINT('',(-2.5,10.,1.5));
#1146 = VECTOR('',#1147,1.);
#1147 = DIRECTION('',(0.,-1.,0.));
#1148 = ORIENTED_EDGE('',*,*,#1149,.T.);
#1149 = EDGE_CURVE('',#1142,#1150,#1152,.T.);
#1150 = VERTEX_POINT('',#1151);
#1151 = CARTESIAN_POINT('',(-13.5,19.6,1.5));
#1152 = LINE('',#1153,#1154);
#1153 = CARTESIAN_POINT('',(13.5,19.6,1.5));
#1154 = VECTOR('',#1155,1.);
#1155 = DIRECTION('',(-1.,0.,0.));
#1156 = ORIENTED_EDGE('',*,*,#1157,.T.);
#1157 = EDGE_CURVE('',#1150,#1158,#1160,.T.);
#1158 = VERTEX_POINT('',#1159);
#1159 = CARTESIAN_POINT('',(-13.6,19.5,1.5));
#1160 = CIRCLE('',#1161,0.1);
#1161 = AXIS2_PLACEMENT_3D('',#1162,#1163,#1164);
#1162 = CARTESIAN_POINT('',(-13.5,19.5,1.5));
#1163 = DIRECTION('',(0.,-0.,1.));
#1164 = DIRECTION('',(0.,1.,0.));
#1165 = ORIENTED_EDGE('',*,*,#1166,.T.);
#1166 = EDGE_CURVE('',#1158,#1167,#1169,.T.);
#1167 = VERTEX_POINT('',#1168);
#1168 = CARTESIAN_POINT('',(-13.6,-19.5,1.5));
#1169 = LINE('',#1170,#1171);
#1170 = CARTESIAN_POINT('',(-13.6,19.5,1.5));
#1171 = VECTOR('',#1172,1.);
#1172 = DIRECTION('',(0.,-1.,0.));
#1173 = ORIENTED_EDGE('',*,*,#1174,.T.);
#1174 = EDGE_CURVE('',#1167,#1175,#1177,.T.);
#1175 = VERTEX_POINT('',#1176);
#1176 = CARTESIAN_POINT('',(-13.5,-19.6,1.5));
#1177 = CIRCLE('',#1178,0.1);
#1178 = AXIS2_PLACEMENT_3D('',#1179,#1180,#1181);
#1179 = CARTESIAN_POINT('',(-13.5,-19.5,1.5));
#1180 = DIRECTION('',(0.,0.,1.));
#1181 = DIRECTION('',(-1.,0.,0.));
#1182 = ORIENTED_EDGE('',*,*,#1183,.T.);
#1183 = EDGE_CURVE('',#1175,#1184,#1186,.T.);
#1184 = VERTEX_POINT('',#1185);
#1185 = CARTESIAN_POINT('',(13.5,-19.6,1.5));
#1186 = LINE('',#1187,#1188);
#1187 = CARTESIAN_POINT('',(-13.5,-19.6,1.5));
#1188 = VECTOR('',#1189,1.);
#1189 = DIRECTION('',(1.,0.,0.));
#1190 = ORIENTED_EDGE('',*,*,#1191,.T.);
#1191 = EDGE_CURVE('',#1184,#1192,#1194,.T.);
#1192 = VERTEX_POINT('',#1193);
#1193 = CARTESIAN_POINT('',(13.6,-19.5,1.5));
#1194 = CIRCLE('',#1195,0.1);
#1195 = AXIS2_PLACEMENT_3D('',#1196,#1197,#1198);
#1196 = CARTESIAN_POINT('',(13.5,-19.5,1.5));
#1197 = DIRECTION('',(-0.,0.,1.));
#1198 = DIRECTION('',(0.,-1.,0.));
#1199 = ORIENTED_EDGE('',*,*,#1200,.T.);
#1200 = EDGE_CURVE('',#1192,#886,#1201,.T.);
#1201 = LINE('',#1202,#1203);
#1202 = CARTESIAN_POINT('',(13.6,-19.5,1.5));
#1203 = VECTOR('',#1204,1.);
#1204 = DIRECTION('',(0.,1.,0.));
#1205 = ORIENTED_EDGE('',*,*,#894,.F.);
#1206 = ORIENTED_EDGE('',*,*,#1052,.T.);
#1207 = ORIENTED_EDGE('',*,*,#550,.T.);
#1208 = ORIENTED_EDGE('',*,*,#1209,.T.);
#1209 = EDGE_CURVE('',#543,#806,#1210,.T.);
#1210 = LINE('',#1211,#1212);
#1211 = CARTESIAN_POINT('',(7.,4.,1.5));
#1212 = VECTOR('',#1213,1.);
#1213 = DIRECTION('',(0.,1.,0.));
#1214 = FACE_BOUND('',#1215,.T.);
#1215 = EDGE_LOOP('',(#1216));
#1216 = ORIENTED_EDGE('',*,*,#1217,.T.);
#1217 = EDGE_CURVE('',#1218,#1218,#1220,.T.);
#1218 = VERTEX_POINT('',#1219);
#1219 = CARTESIAN_POINT('',(4.5,-15.,1.5));
#1220 = CIRCLE('',#1221,4.5);
#1221 = AXIS2_PLACEMENT_3D('',#1222,#1223,#1224);
#1222 = CARTESIAN_POINT('',(0.,-15.,1.5));
#1223 = DIRECTION('',(0.,0.,-1.));
#1224 = DIRECTION('',(1.,0.,0.));
#1225 = FACE_BOUND('',#1226,.T.);
#1226 = EDGE_LOOP('',(#1227,#1237,#1245,#1253));
#1227 = ORIENTED_EDGE('',*,*,#1228,.F.);
#1228 = EDGE_CURVE('',#1229,#1231,#1233,.T.);
#1229 = VERTEX_POINT('',#1230);
#1230 = CARTESIAN_POINT('',(-11.3,11.,1.5));
#1231 = VERTEX_POINT('',#1232);
#1232 = CARTESIAN_POINT('',(-11.3,5.,1.5));
#1233 = LINE('',#1234,#1235);
#1234 = CARTESIAN_POINT('',(-11.3,11.,1.5));
#1235 = VECTOR('',#1236,1.);
#1236 = DIRECTION('',(0.,-1.,0.));
#1237 = ORIENTED_EDGE('',*,*,#1238,.F.);
#1238 = EDGE_CURVE('',#1239,#1229,#1241,.T.);
#1239 = VERTEX_POINT('',#1240);
#1240 = CARTESIAN_POINT('',(-9.3,11.,1.5));
#1241 = LINE('',#1242,#1243);
#1242 = CARTESIAN_POINT('',(-9.3,11.,1.5));
#1243 = VECTOR('',#1244,1.);
#1244 = DIRECTION('',(-1.,0.,0.));
#1245 = ORIENTED_EDGE('',*,*,#1246,.F.);
#1246 = EDGE_CURVE('',#1247,#1239,#1249,.T.);
#1247 = VERTEX_POINT('',#1248);
#1248 = CARTESIAN_POINT('',(-9.3,5.,1.5));
#1249 = LINE('',#1250,#1251);
#1250 = CARTESIAN_POINT('',(-9.3,5.,1.5));
#1251 = VECTOR('',#1252,1.);
#1252 = DIRECTION('',(0.,1.,0.));
#1253 = ORIENTED_EDGE('',*,*,#1254,.F.);
#1254 = EDGE_CURVE('',#1231,#1247,#1255,.T.);
#1255 = LINE('',#1256,#1257);
#1256 = CARTESIAN_POINT('',(-11.3,5.,1.5));
#1257 = VECTOR('',#1258,1.);
#1258 = DIRECTION('',(1.,0.,0.));
#1259 = FACE_BOUND('',#1260,.T.);
#1260 = EDGE_LOOP('',(#1261,#1271,#1279,#1287));
#1261 = ORIENTED_EDGE('',*,*,#1262,.F.);
#1262 = EDGE_CURVE('',#1263,#1265,#1267,.T.);
#1263 = VERTEX_POINT('',#1264);
#1264 = CARTESIAN_POINT('',(-3.75,-0.25,1.5));
#1265 = VERTEX_POINT('',#1266);
#1266 = CARTESIAN_POINT('',(-6.,-2.5,1.5));
#1267 = LINE('',#1268,#1269);
#1268 = CARTESIAN_POINT('',(-3.75,-0.25,1.5));
#1269 = VECTOR('',#1270,1.);
#1270 = DIRECTION('',(-0.707106781187,-0.707106781187,0.));
#1271 = ORIENTED_EDGE('',*,*,#1272,.T.);
#1272 = EDGE_CURVE('',#1263,#1273,#1275,.T.);
#1273 = VERTEX_POINT('',#1274);
#1274 = CARTESIAN_POINT('',(8.25,-0.25,1.5));
#1275 = LINE('',#1276,#1277);
#1276 = CARTESIAN_POINT('',(-3.75,-0.25,1.5));
#1277 = VECTOR('',#1278,1.);
#1278 = DIRECTION('',(1.,0.,0.));
#1279 = ORIENTED_EDGE('',*,*,#1280,.F.);
#1280 = EDGE_CURVE('',#1281,#1273,#1283,.T.);
#1281 = VERTEX_POINT('',#1282);
#1282 = CARTESIAN_POINT('',(10.5,-2.5,1.5));
#1283 = LINE('',#1284,#1285);
#1284 = CARTESIAN_POINT('',(10.5,-2.5,1.5));
#1285 = VECTOR('',#1286,1.);
#1286 = DIRECTION('',(-0.707106781187,0.707106781187,0.));
#1287 = ORIENTED_EDGE('',*,*,#1288,.F.);
#1288 = EDGE_CURVE('',#1265,#1281,#1289,.T.);
#1289 = LINE('',#1290,#1291);
#1290 = CARTESIAN_POINT('',(-6.,-2.5,1.5));
#1291 = VECTOR('',#1292,1.);
#1292 = DIRECTION('',(1.,0.,0.));
#1293 = FACE_BOUND('',#1294,.T.);
#1294 = EDGE_LOOP('',(#1295));
#1295 = ORIENTED_EDGE('',*,*,#592,.T.);
#1296 = PLANE('',#1297);
#1297 = AXIS2_PLACEMENT_3D('',#1298,#1299,#1300);
#1298 = CARTESIAN_POINT('',(4.1E-16,3.3E-15,1.5));
#1299 = DIRECTION('',(0.,0.,1.));
#1300 = DIRECTION('',(1.,0.,0.));
#1301 = ADVANCED_FACE('',(#1302),#1309,.T.);
#1302 = FACE_BOUND('',#1303,.T.);
#1303 = EDGE_LOOP('',(#1304,#1305,#1306,#1307,#1308));
#1304 = ORIENTED_EDGE('',*,*,#542,.T.);
#1305 = ORIENTED_EDGE('',*,*,#739,.T.);
#1306 = ORIENTED_EDGE('',*,*,#762,.T.);
#1307 = ORIENTED_EDGE('',*,*,#805,.T.);
#1308 = ORIENTED_EDGE('',*,*,#1209,.F.);
#1309 = PLANE('',#1310);
#1310 = AXIS2_PLACEMENT_3D('',#1311,#1312,#1313);
#1311 = CARTESIAN_POINT('',(7.,8.,1.6));
#1312 = DIRECTION('',(1.,0.,0.));
#1313 = DIRECTION('',(0.,0.,1.));
#1314 = ADVANCED_FACE('',(#1315,#1326),#1329,.T.);
#1315 = FACE_BOUND('',#1316,.T.);
#1316 = EDGE_LOOP('',(#1317));
#1317 = ORIENTED_EDGE('',*,*,#1318,.T.);
#1318 = EDGE_CURVE('',#1319,#1319,#1321,.T.);
#1319 = VERTEX_POINT('',#1320);
#1320 = CARTESIAN_POINT('',(4.5,-15.,3.));
#1321 = CIRCLE('',#1322,4.5);
#1322 = AXIS2_PLACEMENT_3D('',#1323,#1324,#1325);
#1323 = CARTESIAN_POINT('',(0.,-15.,3.));
#1324 = DIRECTION('',(0.,0.,1.));
#1325 = DIRECTION('',(1.,0.,0.));
#1326 = FACE_BOUND('',#1327,.T.);
#1327 = EDGE_LOOP('',(#1328));
#1328 = ORIENTED_EDGE('',*,*,#616,.F.);
#1329 = PLANE('',#1330);
#1330 = AXIS2_PLACEMENT_3D('',#1331,#1332,#1333);
#1331 = CARTESIAN_POINT('',(-4.558133775131E-16,-15.,3.));
#1332 = DIRECTION('',(0.,0.,1.));
#1333 = DIRECTION('',(1.,0.,0.));
#1334 = ADVANCED_FACE('',(#1335),#1360,.T.);
#1335 = FACE_BOUND('',#1336,.T.);
#1336 = EDGE_LOOP('',(#1337,#1345,#1346,#1354));
#1337 = ORIENTED_EDGE('',*,*,#1338,.F.);
#1338 = EDGE_CURVE('',#822,#1339,#1341,.T.);
#1339 = VERTEX_POINT('',#1340);
#1340 = CARTESIAN_POINT('',(14.,19.5,1.9));
#1341 = LINE('',#1342,#1343);
#1342 = CARTESIAN_POINT('',(14.,-19.5,1.9));
#1343 = VECTOR('',#1344,1.);
#1344 = DIRECTION('',(0.,1.,0.));
#1345 = ORIENTED_EDGE('',*,*,#830,.F.);
#1346 = ORIENTED_EDGE('',*,*,#1347,.T.);
#1347 = EDGE_CURVE('',#831,#1348,#1350,.T.);
#1348 = VERTEX_POINT('',#1349);
#1349 = CARTESIAN_POINT('',(14.,19.5,2.5));
#1350 = LINE('',#1351,#1352);
#1351 = CARTESIAN_POINT('',(14.,-19.5,2.5));
#1352 = VECTOR('',#1353,1.);
#1353 = DIRECTION('',(0.,1.,0.));
#1354 = ORIENTED_EDGE('',*,*,#1355,.F.);
#1355 = EDGE_CURVE('',#1339,#1348,#1356,.T.);
#1356 = LINE('',#1357,#1358);
#1357 = CARTESIAN_POINT('',(14.,19.5,0.));
#1358 = VECTOR('',#1359,1.);
#1359 = DIRECTION('',(0.,0.,1.));
#1360 = PLANE('',#1361);
#1361 = AXIS2_PLACEMENT_3D('',#1362,#1363,#1364);
#1362 = CARTESIAN_POINT('',(14.,-19.5,0.));
#1363 = DIRECTION('',(-1.,0.,0.));
#1364 = DIRECTION('',(0.,1.,0.));
#1365 = ADVANCED_FACE('',(#1366),#1378,.F.);
#1366 = FACE_BOUND('',#1367,.F.);
#1367 = EDGE_LOOP('',(#1368,#1369,#1370,#1371));
#1368 = ORIENTED_EDGE('',*,*,#1338,.F.);
#1369 = ORIENTED_EDGE('',*,*,#821,.T.);
#1370 = ORIENTED_EDGE('',*,*,#1068,.T.);
#1371 = ORIENTED_EDGE('',*,*,#1372,.F.);
#1372 = EDGE_CURVE('',#1339,#1069,#1373,.T.);
#1373 = CIRCLE('',#1374,0.4);
#1374 = AXIS2_PLACEMENT_3D('',#1375,#1376,#1377);
#1375 = CARTESIAN_POINT('',(13.6,19.5,1.9));
#1376 = DIRECTION('',(-0.,1.,0.));
#1377 = DIRECTION('',(1.,0.,0.));
#1378 = CYLINDRICAL_SURFACE('',#1379,0.4);
#1379 = AXIS2_PLACEMENT_3D('',#1380,#1381,#1382);
#1380 = CARTESIAN_POINT('',(13.6,-19.5,1.9));
#1381 = DIRECTION('',(0.,1.,0.));
#1382 = DIRECTION('',(1.,0.,0.));
#1383 = ADVANCED_FACE('',(#1384),#1409,.T.);
#1384 = FACE_BOUND('',#1385,.T.);
#1385 = EDGE_LOOP('',(#1386,#1394,#1402,#1408));
#1386 = ORIENTED_EDGE('',*,*,#1387,.F.);
#1387 = EDGE_CURVE('',#1388,#878,#1390,.T.);
#1388 = VERTEX_POINT('',#1389);
#1389 = CARTESIAN_POINT('',(14.,-19.5,1.9));
#1390 = LINE('',#1391,#1392);
#1391 = CARTESIAN_POINT('',(14.,-19.5,1.9));
#1392 = VECTOR('',#1393,1.);
#1393 = DIRECTION('',(0.,1.,0.));
#1394 = ORIENTED_EDGE('',*,*,#1395,.T.);
#1395 = EDGE_CURVE('',#1388,#1396,#1398,.T.);
#1396 = VERTEX_POINT('',#1397);
#1397 = CARTESIAN_POINT('',(14.,-19.5,2.5));
#1398 = LINE('',#1399,#1400);
#1399 = CARTESIAN_POINT('',(14.,-19.5,0.));
#1400 = VECTOR('',#1401,1.);
#1401 = DIRECTION('',(0.,0.,1.));
#1402 = ORIENTED_EDGE('',*,*,#1403,.T.);
#1403 = EDGE_CURVE('',#1396,#870,#1404,.T.);
#1404 = LINE('',#1405,#1406);
#1405 = CARTESIAN_POINT('',(14.,-19.5,2.5));
#1406 = VECTOR('',#1407,1.);
#1407 = DIRECTION('',(0.,1.,0.));
#1408 = ORIENTED_EDGE('',*,*,#877,.F.);
#1409 = PLANE('',#1410);
#1410 = AXIS2_PLACEMENT_3D('',#1411,#1412,#1413);
#1411 = CARTESIAN_POINT('',(14.,-19.5,0.));
#1412 = DIRECTION('',(-1.,0.,0.));
#1413 = DIRECTION('',(0.,1.,0.));
#1414 = ADVANCED_FACE('',(#1415),#1427,.F.);
#1415 = FACE_BOUND('',#1416,.F.);
#1416 = EDGE_LOOP('',(#1417,#1418,#1425,#1426));
#1417 = ORIENTED_EDGE('',*,*,#1387,.F.);
#1418 = ORIENTED_EDGE('',*,*,#1419,.T.);
#1419 = EDGE_CURVE('',#1388,#1192,#1420,.T.);
#1420 = CIRCLE('',#1421,0.4);
#1421 = AXIS2_PLACEMENT_3D('',#1422,#1423,#1424);
#1422 = CARTESIAN_POINT('',(13.6,-19.5,1.9));
#1423 = DIRECTION('',(-0.,1.,0.));
#1424 = DIRECTION('',(1.,0.,0.));
#1425 = ORIENTED_EDGE('',*,*,#1200,.T.);
#1426 = ORIENTED_EDGE('',*,*,#885,.F.);
#1427 = CYLINDRICAL_SURFACE('',#1428,0.4);
#1428 = AXIS2_PLACEMENT_3D('',#1429,#1430,#1431);
#1429 = CARTESIAN_POINT('',(13.6,-19.5,1.9));
#1430 = DIRECTION('',(0.,1.,0.));
#1431 = DIRECTION('',(1.,0.,0.));
#1432 = ADVANCED_FACE('',(#1433),#1453,.T.);
#1433 = FACE_BOUND('',#1434,.T.);
#1434 = EDGE_LOOP('',(#1435,#1444,#1451,#1452));
#1435 = ORIENTED_EDGE('',*,*,#1436,.F.);
#1436 = EDGE_CURVE('',#1437,#1184,#1439,.T.);
#1437 = VERTEX_POINT('',#1438);
#1438 = CARTESIAN_POINT('',(13.5,-20.,1.9));
#1439 = CIRCLE('',#1440,0.4);
#1440 = AXIS2_PLACEMENT_3D('',#1441,#1442,#1443);
#1441 = CARTESIAN_POINT('',(13.5,-19.6,1.9));
#1442 = DIRECTION('',(1.,0.,0.));
#1443 = DIRECTION('',(0.,-1.,0.));
#1444 = ORIENTED_EDGE('',*,*,#1445,.T.);
#1445 = EDGE_CURVE('',#1437,#1388,#1446,.T.);
#1446 = CIRCLE('',#1447,0.5);
#1447 = AXIS2_PLACEMENT_3D('',#1448,#1449,#1450);
#1448 = CARTESIAN_POINT('',(13.5,-19.5,1.9));
#1449 = DIRECTION('',(0.,0.,1.));
#1450 = DIRECTION('',(-2.2E-16,-1.,0.));
#1451 = ORIENTED_EDGE('',*,*,#1419,.T.);
#1452 = ORIENTED_EDGE('',*,*,#1191,.F.);
#1453 = OFFSET_SURFACE('',#1454,1.5,.F.);
#1454 = SURFACE_OF_REVOLUTION('',#1455,#1468);
#1455 = B_SPLINE_CURVE_WITH_KNOTS('',6,(#1456,#1457,#1458,#1459,#1460,
    #1461,#1462,#1463,#1464,#1465,#1466,#1467),.UNSPECIFIED.,.F.,.F.,(7,
    5,7),(0.,0.785398163397,1.570796326795),.UNSPECIFIED.);
#1456 = CARTESIAN_POINT('',(13.5,-21.5,1.9));
#1457 = CARTESIAN_POINT('',(13.5,-21.5,1.651290581591));
#1458 = CARTESIAN_POINT('',(13.5,-21.46093296915,1.402581578595));
#1459 = CARTESIAN_POINT('',(13.5,-21.3827978897,1.161540935116));
#1460 = CARTESIAN_POINT('',(13.5,-21.26760626068,0.93584961704));
#1461 = CARTESIAN_POINT('',(13.5,-21.11936700055,0.732361232048));
#1462 = CARTESIAN_POINT('',(13.5,-20.76763876795,0.380632999443));
#1463 = CARTESIAN_POINT('',(13.5,-20.56415038296,0.232393739314));
#1464 = CARTESIAN_POINT('',(13.5,-20.33845906488,0.117202110299));
#1465 = CARTESIAN_POINT('',(13.5,-20.0974184214,3.906703084475E-02));
#1466 = CARTESIAN_POINT('',(13.5,-19.8487094184,3.101260744808E-17));
#1467 = CARTESIAN_POINT('',(13.5,-19.6,-1.26983314481E-31));
#1468 = AXIS1_PLACEMENT('',#1469,#1470);
#1469 = CARTESIAN_POINT('',(13.5,-19.5,1.9));
#1470 = DIRECTION('',(0.,0.,1.));
#1471 = ADVANCED_FACE('',(#1472),#1491,.F.);
#1472 = FACE_BOUND('',#1473,.F.);
#1473 = EDGE_LOOP('',(#1474,#1483,#1484,#1485));
#1474 = ORIENTED_EDGE('',*,*,#1475,.T.);
#1475 = EDGE_CURVE('',#1476,#1175,#1478,.T.);
#1476 = VERTEX_POINT('',#1477);
#1477 = CARTESIAN_POINT('',(-13.5,-20.,1.9));
#1478 = CIRCLE('',#1479,0.4);
#1479 = AXIS2_PLACEMENT_3D('',#1480,#1481,#1482);
#1480 = CARTESIAN_POINT('',(-13.5,-19.6,1.9));
#1481 = DIRECTION('',(1.,0.,0.));
#1482 = DIRECTION('',(0.,-1.,0.));
#1483 = ORIENTED_EDGE('',*,*,#1183,.T.);
#1484 = ORIENTED_EDGE('',*,*,#1436,.F.);
#1485 = ORIENTED_EDGE('',*,*,#1486,.F.);
#1486 = EDGE_CURVE('',#1476,#1437,#1487,.T.);
#1487 = LINE('',#1488,#1489);
#1488 = CARTESIAN_POINT('',(-13.5,-20.,1.9));
#1489 = VECTOR('',#1490,1.);
#1490 = DIRECTION('',(1.,0.,0.));
#1491 = CYLINDRICAL_SURFACE('',#1492,0.4);
#1492 = AXIS2_PLACEMENT_3D('',#1493,#1494,#1495);
#1493 = CARTESIAN_POINT('',(-13.5,-19.6,1.9));
#1494 = DIRECTION('',(1.,0.,0.));
#1495 = DIRECTION('',(0.,-1.,0.));
#1496 = ADVANCED_FACE('',(#1497),#1517,.T.);
#1497 = FACE_BOUND('',#1498,.T.);
#1498 = EDGE_LOOP('',(#1499,#1508,#1515,#1516));
#1499 = ORIENTED_EDGE('',*,*,#1500,.F.);
#1500 = EDGE_CURVE('',#1501,#1167,#1503,.T.);
#1501 = VERTEX_POINT('',#1502);
#1502 = CARTESIAN_POINT('',(-14.,-19.5,1.9));
#1503 = CIRCLE('',#1504,0.4);
#1504 = AXIS2_PLACEMENT_3D('',#1505,#1506,#1507);
#1505 = CARTESIAN_POINT('',(-13.6,-19.5,1.9));
#1506 = DIRECTION('',(0.,-1.,0.));
#1507 = DIRECTION('',(-1.,0.,0.));
#1508 = ORIENTED_EDGE('',*,*,#1509,.T.);
#1509 = EDGE_CURVE('',#1501,#1476,#1510,.T.);
#1510 = CIRCLE('',#1511,0.5);
#1511 = AXIS2_PLACEMENT_3D('',#1512,#1513,#1514);
#1512 = CARTESIAN_POINT('',(-13.5,-19.5,1.9));
#1513 = DIRECTION('',(0.,0.,1.));
#1514 = DIRECTION('',(-1.,-7.7E-16,0.));
#1515 = ORIENTED_EDGE('',*,*,#1475,.T.);
#1516 = ORIENTED_EDGE('',*,*,#1174,.F.);
#1517 = OFFSET_SURFACE('',#1518,1.5,.F.);
#1518 = SURFACE_OF_REVOLUTION('',#1519,#1532);
#1519 = B_SPLINE_CURVE_WITH_KNOTS('',6,(#1520,#1521,#1522,#1523,#1524,
    #1525,#1526,#1527,#1528,#1529,#1530,#1531),.UNSPECIFIED.,.F.,.F.,(7,
    5,7),(0.,0.785398163397,1.570796326795),.UNSPECIFIED.);
#1520 = CARTESIAN_POINT('',(-15.5,-19.5,1.9));
#1521 = CARTESIAN_POINT('',(-15.5,-19.5,1.651290581591));
#1522 = CARTESIAN_POINT('',(-15.46093296915,-19.5,1.402581578595));
#1523 = CARTESIAN_POINT('',(-15.3827978897,-19.5,1.161540935116));
#1524 = CARTESIAN_POINT('',(-15.26760626068,-19.5,0.93584961704));
#1525 = CARTESIAN_POINT('',(-15.11936700055,-19.5,0.732361232048));
#1526 = CARTESIAN_POINT('',(-14.76763876795,-19.5,0.380632999443));
#1527 = CARTESIAN_POINT('',(-14.56415038296,-19.5,0.232393739314));
#1528 = CARTESIAN_POINT('',(-14.33845906488,-19.5,0.117202110299));
#1529 = CARTESIAN_POINT('',(-14.0974184214,-19.5,3.906703084475E-02));
#1530 = CARTESIAN_POINT('',(-13.8487094184,-19.5,3.101260744808E-17));
#1531 = CARTESIAN_POINT('',(-13.6,-19.5,-1.26983314481E-31));
#1532 = AXIS1_PLACEMENT('',#1533,#1534);
#1533 = CARTESIAN_POINT('',(-13.5,-19.5,1.9));
#1534 = DIRECTION('',(0.,0.,1.));
#1535 = ADVANCED_FACE('',(#1536),#1555,.F.);
#1536 = FACE_BOUND('',#1537,.F.);
#1537 = EDGE_LOOP('',(#1538,#1547,#1548,#1549));
#1538 = ORIENTED_EDGE('',*,*,#1539,.T.);
#1539 = EDGE_CURVE('',#1540,#1158,#1542,.T.);
#1540 = VERTEX_POINT('',#1541);
#1541 = CARTESIAN_POINT('',(-14.,19.5,1.9));
#1542 = CIRCLE('',#1543,0.4);
#1543 = AXIS2_PLACEMENT_3D('',#1544,#1545,#1546);
#1544 = CARTESIAN_POINT('',(-13.6,19.5,1.9));
#1545 = DIRECTION('',(0.,-1.,0.));
#1546 = DIRECTION('',(-1.,0.,0.));
#1547 = ORIENTED_EDGE('',*,*,#1166,.T.);
#1548 = ORIENTED_EDGE('',*,*,#1500,.F.);
#1549 = ORIENTED_EDGE('',*,*,#1550,.F.);
#1550 = EDGE_CURVE('',#1540,#1501,#1551,.T.);
#1551 = LINE('',#1552,#1553);
#1552 = CARTESIAN_POINT('',(-14.,19.5,1.9));
#1553 = VECTOR('',#1554,1.);
#1554 = DIRECTION('',(0.,-1.,0.));
#1555 = CYLINDRICAL_SURFACE('',#1556,0.4);
#1556 = AXIS2_PLACEMENT_3D('',#1557,#1558,#1559);
#1557 = CARTESIAN_POINT('',(-13.6,19.5,1.9));
#1558 = DIRECTION('',(0.,-1.,0.));
#1559 = DIRECTION('',(-1.,0.,0.));
#1560 = ADVANCED_FACE('',(#1561),#1581,.T.);
#1561 = FACE_BOUND('',#1562,.T.);
#1562 = EDGE_LOOP('',(#1563,#1572,#1579,#1580));
#1563 = ORIENTED_EDGE('',*,*,#1564,.F.);
#1564 = EDGE_CURVE('',#1565,#1150,#1567,.T.);
#1565 = VERTEX_POINT('',#1566);
#1566 = CARTESIAN_POINT('',(-13.5,20.,1.9));
#1567 = CIRCLE('',#1568,0.4);
#1568 = AXIS2_PLACEMENT_3D('',#1569,#1570,#1571);
#1569 = CARTESIAN_POINT('',(-13.5,19.6,1.9));
#1570 = DIRECTION('',(-1.,0.,0.));
#1571 = DIRECTION('',(0.,1.,0.));
#1572 = ORIENTED_EDGE('',*,*,#1573,.T.);
#1573 = EDGE_CURVE('',#1565,#1540,#1574,.T.);
#1574 = CIRCLE('',#1575,0.5);
#1575 = AXIS2_PLACEMENT_3D('',#1576,#1577,#1578);
#1576 = CARTESIAN_POINT('',(-13.5,19.5,1.9));
#1577 = DIRECTION('',(0.,0.,1.));
#1578 = DIRECTION('',(-2.2E-16,1.,0.));
#1579 = ORIENTED_EDGE('',*,*,#1539,.T.);
#1580 = ORIENTED_EDGE('',*,*,#1157,.F.);
#1581 = OFFSET_SURFACE('',#1582,1.5,.F.);
#1582 = SURFACE_OF_REVOLUTION('',#1583,#1596);
#1583 = B_SPLINE_CURVE_WITH_KNOTS('',6,(#1584,#1585,#1586,#1587,#1588,
    #1589,#1590,#1591,#1592,#1593,#1594,#1595),.UNSPECIFIED.,.F.,.F.,(7,
    5,7),(0.,0.785398163397,1.570796326795),.UNSPECIFIED.);
#1584 = CARTESIAN_POINT('',(-13.5,21.5,1.9));
#1585 = CARTESIAN_POINT('',(-13.5,21.5,1.651290581591));
#1586 = CARTESIAN_POINT('',(-13.5,21.460932969155,1.402581578595));
#1587 = CARTESIAN_POINT('',(-13.5,21.382797889701,1.161540935116));
#1588 = CARTESIAN_POINT('',(-13.5,21.267606260686,0.93584961704));
#1589 = CARTESIAN_POINT('',(-13.5,21.119367000557,0.732361232048));
#1590 = CARTESIAN_POINT('',(-13.5,20.767638767952,0.380632999443));
#1591 = CARTESIAN_POINT('',(-13.5,20.56415038296,0.232393739314));
#1592 = CARTESIAN_POINT('',(-13.5,20.338459064884,0.117202110299));
#1593 = CARTESIAN_POINT('',(-13.5,20.097418421406,3.906703084475E-02));
#1594 = CARTESIAN_POINT('',(-13.5,19.848709418409,3.101260744808E-17));
#1595 = CARTESIAN_POINT('',(-13.5,19.6,-1.26983314481E-31));
#1596 = AXIS1_PLACEMENT('',#1597,#1598);
#1597 = CARTESIAN_POINT('',(-13.5,19.5,1.9));
#1598 = DIRECTION('',(0.,0.,1.));
#1599 = ADVANCED_FACE('',(#1600),#1619,.F.);
#1600 = FACE_BOUND('',#1601,.F.);
#1601 = EDGE_LOOP('',(#1602,#1610,#1617,#1618));
#1602 = ORIENTED_EDGE('',*,*,#1603,.F.);
#1603 = EDGE_CURVE('',#1604,#1565,#1606,.T.);
#1604 = VERTEX_POINT('',#1605);
#1605 = CARTESIAN_POINT('',(-2.5,20.,1.9));
#1606 = LINE('',#1607,#1608);
#1607 = CARTESIAN_POINT('',(13.5,20.,1.9));
#1608 = VECTOR('',#1609,1.);
#1609 = DIRECTION('',(-1.,0.,0.));
#1610 = ORIENTED_EDGE('',*,*,#1611,.T.);
#1611 = EDGE_CURVE('',#1604,#1142,#1612,.T.);
#1612 = CIRCLE('',#1613,0.4);
#1613 = AXIS2_PLACEMENT_3D('',#1614,#1615,#1616);
#1614 = CARTESIAN_POINT('',(-2.5,19.6,1.9));
#1615 = DIRECTION('',(-1.,0.,0.));
#1616 = DIRECTION('',(0.,1.,0.));
#1617 = ORIENTED_EDGE('',*,*,#1149,.T.);
#1618 = ORIENTED_EDGE('',*,*,#1564,.F.);
#1619 = CYLINDRICAL_SURFACE('',#1620,0.4);
#1620 = AXIS2_PLACEMENT_3D('',#1621,#1622,#1623);
#1621 = CARTESIAN_POINT('',(13.5,19.6,1.9));
#1622 = DIRECTION('',(-1.,0.,0.));
#1623 = DIRECTION('',(0.,1.,0.));
#1624 = ADVANCED_FACE('',(#1625),#1651,.T.);
#1625 = FACE_BOUND('',#1626,.T.);
#1626 = EDGE_LOOP('',(#1627,#1637,#1643,#1644,#1645));
#1627 = ORIENTED_EDGE('',*,*,#1628,.T.);
#1628 = EDGE_CURVE('',#1629,#1631,#1633,.T.);
#1629 = VERTEX_POINT('',#1630);
#1630 = CARTESIAN_POINT('',(-2.5,18.5,2.5));
#1631 = VERTEX_POINT('',#1632);
#1632 = CARTESIAN_POINT('',(-2.5,20.,2.5));
#1633 = LINE('',#1634,#1635);
#1634 = CARTESIAN_POINT('',(-2.5,18.5,2.5));
#1635 = VECTOR('',#1636,1.);
#1636 = DIRECTION('',(0.,1.,0.));
#1637 = ORIENTED_EDGE('',*,*,#1638,.T.);
#1638 = EDGE_CURVE('',#1631,#1604,#1639,.T.);
#1639 = LINE('',#1640,#1641);
#1640 = CARTESIAN_POINT('',(-2.5,20.,6.5));
#1641 = VECTOR('',#1642,1.);
#1642 = DIRECTION('',(-0.,-0.,-1.));
#1643 = ORIENTED_EDGE('',*,*,#1611,.T.);
#1644 = ORIENTED_EDGE('',*,*,#1141,.T.);
#1645 = ORIENTED_EDGE('',*,*,#1646,.T.);
#1646 = EDGE_CURVE('',#1134,#1629,#1647,.T.);
#1647 = LINE('',#1648,#1649);
#1648 = CARTESIAN_POINT('',(-2.5,18.5,4.));
#1649 = VECTOR('',#1650,1.);
#1650 = DIRECTION('',(0.,0.,1.));
#1651 = PLANE('',#1652);
#1652 = AXIS2_PLACEMENT_3D('',#1653,#1654,#1655);
#1653 = CARTESIAN_POINT('',(-2.5,20.,6.5));
#1654 = DIRECTION('',(-1.,0.,0.));
#1655 = DIRECTION('',(0.,-1.,0.));
#1656 = ADVANCED_FACE('',(#1657),#1714,.T.);
#1657 = FACE_BOUND('',#1658,.T.);
#1658 = EDGE_LOOP('',(#1659,#1660,#1668,#1676,#1684,#1692,#1700,#1708));
#1659 = ORIENTED_EDGE('',*,*,#1125,.F.);
#1660 = ORIENTED_EDGE('',*,*,#1661,.T.);
#1661 = EDGE_CURVE('',#1118,#1662,#1664,.T.);
#1662 = VERTEX_POINT('',#1663);
#1663 = CARTESIAN_POINT('',(-3.750000000035,16.25,4.1));
#1664 = LINE('',#1665,#1666);
#1665 = CARTESIAN_POINT('',(-3.750000000035,16.25,1.5));
#1666 = VECTOR('',#1667,1.);
#1667 = DIRECTION('',(0.,0.,1.));
#1668 = ORIENTED_EDGE('',*,*,#1669,.T.);
#1669 = EDGE_CURVE('',#1662,#1670,#1672,.T.);
#1670 = VERTEX_POINT('',#1671);
#1671 = CARTESIAN_POINT('',(-4.350000000035,16.85,4.1));
#1672 = LINE('',#1673,#1674);
#1673 = CARTESIAN_POINT('',(-0.312500000026,12.812499999992,4.1));
#1674 = VECTOR('',#1675,1.);
#1675 = DIRECTION('',(-0.707106781187,0.707106781186,0.));
#1676 = ORIENTED_EDGE('',*,*,#1677,.T.);
#1677 = EDGE_CURVE('',#1670,#1678,#1680,.T.);
#1678 = VERTEX_POINT('',#1679);
#1679 = CARTESIAN_POINT('',(-4.350000000035,16.85,5.1));
#1680 = LINE('',#1681,#1682);
#1681 = CARTESIAN_POINT('',(-4.350000000035,16.85,2.8));
#1682 = VECTOR('',#1683,1.);
#1683 = DIRECTION('',(0.,0.,1.));
#1684 = ORIENTED_EDGE('',*,*,#1685,.F.);
#1685 = EDGE_CURVE('',#1686,#1678,#1688,.T.);
#1686 = VERTEX_POINT('',#1687);
#1687 = CARTESIAN_POINT('',(-3.750000000035,16.25,5.1));
#1688 = LINE('',#1689,#1690);
#1689 = CARTESIAN_POINT('',(-0.312500000026,12.812499999992,5.1));
#1690 = VECTOR('',#1691,1.);
#1691 = DIRECTION('',(-0.707106781187,0.707106781186,0.));
#1692 = ORIENTED_EDGE('',*,*,#1693,.T.);
#1693 = EDGE_CURVE('',#1686,#1694,#1696,.T.);
#1694 = VERTEX_POINT('',#1695);
#1695 = CARTESIAN_POINT('',(-3.750000000035,16.25,6.));
#1696 = LINE('',#1697,#1698);
#1697 = CARTESIAN_POINT('',(-3.750000000035,16.25,1.5));
#1698 = VECTOR('',#1699,1.);
#1699 = DIRECTION('',(0.,0.,1.));
#1700 = ORIENTED_EDGE('',*,*,#1701,.T.);
#1701 = EDGE_CURVE('',#1694,#1702,#1704,.T.);
#1702 = VERTEX_POINT('',#1703);
#1703 = CARTESIAN_POINT('',(-6.000000000036,18.5,6.));
#1704 = LINE('',#1705,#1706);
#1705 = CARTESIAN_POINT('',(-3.750000000035,16.25,6.));
#1706 = VECTOR('',#1707,1.);
#1707 = DIRECTION('',(-0.707106781187,0.707106781186,0.));
#1708 = ORIENTED_EDGE('',*,*,#1709,.F.);
#1709 = EDGE_CURVE('',#1126,#1702,#1710,.T.);
#1710 = LINE('',#1711,#1712);
#1711 = CARTESIAN_POINT('',(-6.000000000036,18.5,1.5));
#1712 = VECTOR('',#1713,1.);
#1713 = DIRECTION('',(0.,0.,1.));
#1714 = PLANE('',#1715);
#1715 = AXIS2_PLACEMENT_3D('',#1716,#1717,#1718);
#1716 = CARTESIAN_POINT('',(-3.750000000035,16.25,1.5));
#1717 = DIRECTION('',(-0.707106781186,-0.707106781187,0.));
#1718 = DIRECTION('',(-0.707106781187,0.707106781186,0.));
#1719 = ADVANCED_FACE('',(#1720),#1738,.F.);
#1720 = FACE_BOUND('',#1721,.F.);
#1721 = EDGE_LOOP('',(#1722,#1723,#1724,#1732));
#1722 = ORIENTED_EDGE('',*,*,#1117,.F.);
#1723 = ORIENTED_EDGE('',*,*,#1661,.T.);
#1724 = ORIENTED_EDGE('',*,*,#1725,.T.);
#1725 = EDGE_CURVE('',#1662,#1726,#1728,.T.);
#1726 = VERTEX_POINT('',#1727);
#1727 = CARTESIAN_POINT('',(8.249999999968,16.25,4.1));
#1728 = LINE('',#1729,#1730);
#1729 = CARTESIAN_POINT('',(-1.125000000018,16.25,4.1));
#1730 = VECTOR('',#1731,1.);
#1731 = DIRECTION('',(1.,0.,0.));
#1732 = ORIENTED_EDGE('',*,*,#1733,.F.);
#1733 = EDGE_CURVE('',#1110,#1726,#1734,.T.);
#1734 = LINE('',#1735,#1736);
#1735 = CARTESIAN_POINT('',(8.249999999968,16.25,1.5));
#1736 = VECTOR('',#1737,1.);
#1737 = DIRECTION('',(0.,0.,1.));
#1738 = PLANE('',#1739);
#1739 = AXIS2_PLACEMENT_3D('',#1740,#1741,#1742);
#1740 = CARTESIAN_POINT('',(-3.750000000035,16.25,1.5));
#1741 = DIRECTION('',(0.,1.,0.));
#1742 = DIRECTION('',(1.,0.,0.));
#1743 = ADVANCED_FACE('',(#1744),#1794,.T.);
#1744 = FACE_BOUND('',#1745,.T.);
#1745 = EDGE_LOOP('',(#1746,#1747,#1755,#1763,#1771,#1779,#1787,#1793));
#1746 = ORIENTED_EDGE('',*,*,#1109,.F.);
#1747 = ORIENTED_EDGE('',*,*,#1748,.T.);
#1748 = EDGE_CURVE('',#1102,#1749,#1751,.T.);
#1749 = VERTEX_POINT('',#1750);
#1750 = CARTESIAN_POINT('',(10.499999999969,18.5,6.));
#1751 = LINE('',#1752,#1753);
#1752 = CARTESIAN_POINT('',(10.499999999969,18.5,1.5));
#1753 = VECTOR('',#1754,1.);
#1754 = DIRECTION('',(0.,0.,1.));
#1755 = ORIENTED_EDGE('',*,*,#1756,.T.);
#1756 = EDGE_CURVE('',#1749,#1757,#1759,.T.);
#1757 = VERTEX_POINT('',#1758);
#1758 = CARTESIAN_POINT('',(8.249999999968,16.25,6.));
#1759 = LINE('',#1760,#1761);
#1760 = CARTESIAN_POINT('',(10.499999999969,18.5,6.));
#1761 = VECTOR('',#1762,1.);
#1762 = DIRECTION('',(-0.707106781187,-0.707106781186,0.));
#1763 = ORIENTED_EDGE('',*,*,#1764,.F.);
#1764 = EDGE_CURVE('',#1765,#1757,#1767,.T.);
#1765 = VERTEX_POINT('',#1766);
#1766 = CARTESIAN_POINT('',(8.249999999968,16.25,5.1));
#1767 = LINE('',#1768,#1769);
#1768 = CARTESIAN_POINT('',(8.249999999968,16.25,1.5));
#1769 = VECTOR('',#1770,1.);
#1770 = DIRECTION('',(0.,0.,1.));
#1771 = ORIENTED_EDGE('',*,*,#1772,.F.);
#1772 = EDGE_CURVE('',#1773,#1765,#1775,.T.);
#1773 = VERTEX_POINT('',#1774);
#1774 = CARTESIAN_POINT('',(8.849999999969,16.85,5.1));
#1775 = LINE('',#1776,#1777);
#1776 = CARTESIAN_POINT('',(5.562499999976,13.562500000009,5.1));
#1777 = VECTOR('',#1778,1.);
#1778 = DIRECTION('',(-0.707106781187,-0.707106781186,0.));
#1779 = ORIENTED_EDGE('',*,*,#1780,.T.);
#1780 = EDGE_CURVE('',#1773,#1781,#1783,.T.);
#1781 = VERTEX_POINT('',#1782);
#1782 = CARTESIAN_POINT('',(8.849999999969,16.85,4.1));
#1783 = LINE('',#1784,#1785);
#1784 = CARTESIAN_POINT('',(8.849999999969,16.85,2.8));
#1785 = VECTOR('',#1786,1.);
#1786 = DIRECTION('',(0.,0.,-1.));
#1787 = ORIENTED_EDGE('',*,*,#1788,.T.);
#1788 = EDGE_CURVE('',#1781,#1726,#1789,.T.);
#1789 = LINE('',#1790,#1791);
#1790 = CARTESIAN_POINT('',(5.562499999976,13.562500000009,4.1));
#1791 = VECTOR('',#1792,1.);
#1792 = DIRECTION('',(-0.707106781187,-0.707106781186,0.));
#1793 = ORIENTED_EDGE('',*,*,#1733,.F.);
#1794 = PLANE('',#1795);
#1795 = AXIS2_PLACEMENT_3D('',#1796,#1797,#1798);
#1796 = CARTESIAN_POINT('',(10.499999999969,18.5,1.5));
#1797 = DIRECTION('',(0.707106781186,-0.707106781187,0.));
#1798 = DIRECTION('',(-0.707106781187,-0.707106781186,0.));
#1799 = ADVANCED_FACE('',(#1800),#1834,.T.);
#1800 = FACE_BOUND('',#1801,.T.);
#1801 = EDGE_LOOP('',(#1802,#1812,#1820,#1826,#1827));
#1802 = ORIENTED_EDGE('',*,*,#1803,.F.);
#1803 = EDGE_CURVE('',#1804,#1806,#1808,.T.);
#1804 = VERTEX_POINT('',#1805);
#1805 = CARTESIAN_POINT('',(2.5,20.,2.5));
#1806 = VERTEX_POINT('',#1807);
#1807 = CARTESIAN_POINT('',(2.5,20.,1.9));
#1808 = LINE('',#1809,#1810);
#1809 = CARTESIAN_POINT('',(2.5,20.,6.5));
#1810 = VECTOR('',#1811,1.);
#1811 = DIRECTION('',(-0.,-0.,-1.));
#1812 = ORIENTED_EDGE('',*,*,#1813,.F.);
#1813 = EDGE_CURVE('',#1814,#1804,#1816,.T.);
#1814 = VERTEX_POINT('',#1815);
#1815 = CARTESIAN_POINT('',(2.5,18.5,2.5));
#1816 = LINE('',#1817,#1818);
#1817 = CARTESIAN_POINT('',(2.5,18.5,2.5));
#1818 = VECTOR('',#1819,1.);
#1819 = DIRECTION('',(0.,1.,0.));
#1820 = ORIENTED_EDGE('',*,*,#1821,.T.);
#1821 = EDGE_CURVE('',#1814,#1094,#1822,.T.);
#1822 = LINE('',#1823,#1824);
#1823 = CARTESIAN_POINT('',(2.5,18.5,4.));
#1824 = VECTOR('',#1825,1.);
#1825 = DIRECTION('',(0.,0.,-1.));
#1826 = ORIENTED_EDGE('',*,*,#1093,.T.);
#1827 = ORIENTED_EDGE('',*,*,#1828,.F.);
#1828 = EDGE_CURVE('',#1806,#1086,#1829,.T.);
#1829 = CIRCLE('',#1830,0.4);
#1830 = AXIS2_PLACEMENT_3D('',#1831,#1832,#1833);
#1831 = CARTESIAN_POINT('',(2.5,19.6,1.9));
#1832 = DIRECTION('',(-1.,0.,0.));
#1833 = DIRECTION('',(0.,1.,0.));
#1834 = PLANE('',#1835);
#1835 = AXIS2_PLACEMENT_3D('',#1836,#1837,#1838);
#1836 = CARTESIAN_POINT('',(2.5,17.5,6.5));
#1837 = DIRECTION('',(1.,0.,0.));
#1838 = DIRECTION('',(0.,1.,0.));
#1839 = ADVANCED_FACE('',(#1840),#1859,.F.);
#1840 = FACE_BOUND('',#1841,.F.);
#1841 = EDGE_LOOP('',(#1842,#1850,#1857,#1858));
#1842 = ORIENTED_EDGE('',*,*,#1843,.F.);
#1843 = EDGE_CURVE('',#1844,#1806,#1846,.T.);
#1844 = VERTEX_POINT('',#1845);
#1845 = CARTESIAN_POINT('',(13.5,20.,1.9));
#1846 = LINE('',#1847,#1848);
#1847 = CARTESIAN_POINT('',(13.5,20.,1.9));
#1848 = VECTOR('',#1849,1.);
#1849 = DIRECTION('',(-1.,0.,0.));
#1850 = ORIENTED_EDGE('',*,*,#1851,.T.);
#1851 = EDGE_CURVE('',#1844,#1077,#1852,.T.);
#1852 = CIRCLE('',#1853,0.4);
#1853 = AXIS2_PLACEMENT_3D('',#1854,#1855,#1856);
#1854 = CARTESIAN_POINT('',(13.5,19.6,1.9));
#1855 = DIRECTION('',(-1.,0.,0.));
#1856 = DIRECTION('',(0.,1.,0.));
#1857 = ORIENTED_EDGE('',*,*,#1085,.T.);
#1858 = ORIENTED_EDGE('',*,*,#1828,.F.);
#1859 = CYLINDRICAL_SURFACE('',#1860,0.4);
#1860 = AXIS2_PLACEMENT_3D('',#1861,#1862,#1863);
#1861 = CARTESIAN_POINT('',(13.5,19.6,1.9));
#1862 = DIRECTION('',(-1.,0.,0.));
#1863 = DIRECTION('',(0.,1.,0.));
#1864 = ADVANCED_FACE('',(#1865),#1877,.T.);
#1865 = FACE_BOUND('',#1866,.T.);
#1866 = EDGE_LOOP('',(#1867,#1868,#1875,#1876));
#1867 = ORIENTED_EDGE('',*,*,#1372,.F.);
#1868 = ORIENTED_EDGE('',*,*,#1869,.T.);
#1869 = EDGE_CURVE('',#1339,#1844,#1870,.T.);
#1870 = CIRCLE('',#1871,0.5);
#1871 = AXIS2_PLACEMENT_3D('',#1872,#1873,#1874);
#1872 = CARTESIAN_POINT('',(13.5,19.5,1.9));
#1873 = DIRECTION('',(0.,-0.,1.));
#1874 = DIRECTION('',(1.,1.78E-15,0.));
#1875 = ORIENTED_EDGE('',*,*,#1851,.T.);
#1876 = ORIENTED_EDGE('',*,*,#1076,.F.);
#1877 = OFFSET_SURFACE('',#1878,1.5,.F.);
#1878 = SURFACE_OF_REVOLUTION('',#1879,#1892);
#1879 = B_SPLINE_CURVE_WITH_KNOTS('',6,(#1880,#1881,#1882,#1883,#1884,
    #1885,#1886,#1887,#1888,#1889,#1890,#1891),.UNSPECIFIED.,.F.,.F.,(7,
    5,7),(0.,0.785398163397,1.570796326795),.UNSPECIFIED.);
#1880 = CARTESIAN_POINT('',(15.5,19.5,1.9));
#1881 = CARTESIAN_POINT('',(15.5,19.5,1.651290581591));
#1882 = CARTESIAN_POINT('',(15.460932969155,19.5,1.402581578595));
#1883 = CARTESIAN_POINT('',(15.382797889701,19.5,1.161540935116));
#1884 = CARTESIAN_POINT('',(15.267606260686,19.5,0.93584961704));
#1885 = CARTESIAN_POINT('',(15.119367000557,19.5,0.732361232048));
#1886 = CARTESIAN_POINT('',(14.767638767952,19.5,0.380632999443));
#1887 = CARTESIAN_POINT('',(14.56415038296,19.5,0.232393739314));
#1888 = CARTESIAN_POINT('',(14.338459064884,19.5,0.117202110299));
#1889 = CARTESIAN_POINT('',(14.097418421405,19.5,3.906703084475E-02));
#1890 = CARTESIAN_POINT('',(13.848709418409,19.5,3.101260744808E-17));
#1891 = CARTESIAN_POINT('',(13.6,19.5,-1.26983314481E-31));
#1892 = AXIS1_PLACEMENT('',#1893,#1894);
#1893 = CARTESIAN_POINT('',(13.5,19.5,1.9));
#1894 = DIRECTION('',(0.,0.,1.));
#1895 = ADVANCED_FACE('',(#1896),#1907,.T.);
#1896 = FACE_BOUND('',#1897,.F.);
#1897 = EDGE_LOOP('',(#1898,#1899,#1905,#1906));
#1898 = ORIENTED_EDGE('',*,*,#1217,.T.);
#1899 = ORIENTED_EDGE('',*,*,#1900,.T.);
#1900 = EDGE_CURVE('',#1218,#1319,#1901,.T.);
#1901 = LINE('',#1902,#1903);
#1902 = CARTESIAN_POINT('',(4.5,-15.,1.));
#1903 = VECTOR('',#1904,1.);
#1904 = DIRECTION('',(0.,0.,1.));
#1905 = ORIENTED_EDGE('',*,*,#1318,.T.);
#1906 = ORIENTED_EDGE('',*,*,#1900,.F.);
#1907 = CYLINDRICAL_SURFACE('',#1908,4.5);
#1908 = AXIS2_PLACEMENT_3D('',#1909,#1910,#1911);
#1909 = CARTESIAN_POINT('',(0.,-15.,1.));
#1910 = DIRECTION('',(-0.,-0.,-1.));
#1911 = DIRECTION('',(1.,0.,0.));
#1912 = ADVANCED_FACE('',(#1913),#1938,.F.);
#1913 = FACE_BOUND('',#1914,.F.);
#1914 = EDGE_LOOP('',(#1915,#1923,#1931,#1937));
#1915 = ORIENTED_EDGE('',*,*,#1916,.T.);
#1916 = EDGE_CURVE('',#1229,#1917,#1919,.T.);
#1917 = VERTEX_POINT('',#1918);
#1918 = CARTESIAN_POINT('',(-11.3,11.,6.));
#1919 = LINE('',#1920,#1921);
#1920 = CARTESIAN_POINT('',(-11.3,11.,1.5));
#1921 = VECTOR('',#1922,1.);
#1922 = DIRECTION('',(0.,0.,1.));
#1923 = ORIENTED_EDGE('',*,*,#1924,.T.);
#1924 = EDGE_CURVE('',#1917,#1925,#1927,.T.);
#1925 = VERTEX_POINT('',#1926);
#1926 = CARTESIAN_POINT('',(-11.3,5.,6.));
#1927 = LINE('',#1928,#1929);
#1928 = CARTESIAN_POINT('',(-11.3,11.,6.));
#1929 = VECTOR('',#1930,1.);
#1930 = DIRECTION('',(0.,-1.,0.));
#1931 = ORIENTED_EDGE('',*,*,#1932,.F.);
#1932 = EDGE_CURVE('',#1231,#1925,#1933,.T.);
#1933 = LINE('',#1934,#1935);
#1934 = CARTESIAN_POINT('',(-11.3,5.,1.5));
#1935 = VECTOR('',#1936,1.);
#1936 = DIRECTION('',(0.,0.,1.));
#1937 = ORIENTED_EDGE('',*,*,#1228,.F.);
#1938 = PLANE('',#1939);
#1939 = AXIS2_PLACEMENT_3D('',#1940,#1941,#1942);
#1940 = CARTESIAN_POINT('',(-11.3,11.,1.5));
#1941 = DIRECTION('',(1.,0.,0.));
#1942 = DIRECTION('',(0.,-1.,0.));
#1943 = ADVANCED_FACE('',(#1944),#1962,.F.);
#1944 = FACE_BOUND('',#1945,.F.);
#1945 = EDGE_LOOP('',(#1946,#1954,#1960,#1961));
#1946 = ORIENTED_EDGE('',*,*,#1947,.T.);
#1947 = EDGE_CURVE('',#1239,#1948,#1950,.T.);
#1948 = VERTEX_POINT('',#1949);
#1949 = CARTESIAN_POINT('',(-9.3,11.,6.));
#1950 = LINE('',#1951,#1952);
#1951 = CARTESIAN_POINT('',(-9.3,11.,1.5));
#1952 = VECTOR('',#1953,1.);
#1953 = DIRECTION('',(0.,0.,1.));
#1954 = ORIENTED_EDGE('',*,*,#1955,.T.);
#1955 = EDGE_CURVE('',#1948,#1917,#1956,.T.);
#1956 = LINE('',#1957,#1958);
#1957 = CARTESIAN_POINT('',(-9.3,11.,6.));
#1958 = VECTOR('',#1959,1.);
#1959 = DIRECTION('',(-1.,0.,0.));
#1960 = ORIENTED_EDGE('',*,*,#1916,.F.);
#1961 = ORIENTED_EDGE('',*,*,#1238,.F.);
#1962 = PLANE('',#1963);
#1963 = AXIS2_PLACEMENT_3D('',#1964,#1965,#1966);
#1964 = CARTESIAN_POINT('',(-9.3,11.,1.5));
#1965 = DIRECTION('',(0.,-1.,0.));
#1966 = DIRECTION('',(-1.,0.,0.));
#1967 = ADVANCED_FACE('',(#1968),#1986,.F.);
#1968 = FACE_BOUND('',#1969,.F.);
#1969 = EDGE_LOOP('',(#1970,#1971,#1979,#1985));
#1970 = ORIENTED_EDGE('',*,*,#1932,.T.);
#1971 = ORIENTED_EDGE('',*,*,#1972,.T.);
#1972 = EDGE_CURVE('',#1925,#1973,#1975,.T.);
#1973 = VERTEX_POINT('',#1974);
#1974 = CARTESIAN_POINT('',(-9.3,5.,6.));
#1975 = LINE('',#1976,#1977);
#1976 = CARTESIAN_POINT('',(-11.3,5.,6.));
#1977 = VECTOR('',#1978,1.);
#1978 = DIRECTION('',(1.,0.,0.));
#1979 = ORIENTED_EDGE('',*,*,#1980,.F.);
#1980 = EDGE_CURVE('',#1247,#1973,#1981,.T.);
#1981 = LINE('',#1982,#1983);
#1982 = CARTESIAN_POINT('',(-9.3,5.,1.5));
#1983 = VECTOR('',#1984,1.);
#1984 = DIRECTION('',(0.,0.,1.));
#1985 = ORIENTED_EDGE('',*,*,#1254,.F.);
#1986 = PLANE('',#1987);
#1987 = AXIS2_PLACEMENT_3D('',#1988,#1989,#1990);
#1988 = CARTESIAN_POINT('',(-11.3,5.,1.5));
#1989 = DIRECTION('',(0.,1.,0.));
#1990 = DIRECTION('',(1.,0.,0.));
#1991 = ADVANCED_FACE('',(#1992),#2003,.F.);
#1992 = FACE_BOUND('',#1993,.F.);
#1993 = EDGE_LOOP('',(#1994,#1995,#2001,#2002));
#1994 = ORIENTED_EDGE('',*,*,#1980,.T.);
#1995 = ORIENTED_EDGE('',*,*,#1996,.T.);
#1996 = EDGE_CURVE('',#1973,#1948,#1997,.T.);
#1997 = LINE('',#1998,#1999);
#1998 = CARTESIAN_POINT('',(-9.3,5.,6.));
#1999 = VECTOR('',#2000,1.);
#2000 = DIRECTION('',(0.,1.,0.));
#2001 = ORIENTED_EDGE('',*,*,#1947,.F.);
#2002 = ORIENTED_EDGE('',*,*,#1246,.F.);
#2003 = PLANE('',#2004);
#2004 = AXIS2_PLACEMENT_3D('',#2005,#2006,#2007);
#2005 = CARTESIAN_POINT('',(-9.3,5.,1.5));
#2006 = DIRECTION('',(-1.,0.,0.));
#2007 = DIRECTION('',(0.,1.,0.));
#2008 = ADVANCED_FACE('',(#2009),#2066,.F.);
#2009 = FACE_BOUND('',#2010,.F.);
#2010 = EDGE_LOOP('',(#2011,#2012,#2020,#2028,#2036,#2044,#2052,#2060));
#2011 = ORIENTED_EDGE('',*,*,#1262,.F.);
#2012 = ORIENTED_EDGE('',*,*,#2013,.T.);
#2013 = EDGE_CURVE('',#1263,#2014,#2016,.T.);
#2014 = VERTEX_POINT('',#2015);
#2015 = CARTESIAN_POINT('',(-3.75,-0.25,4.1));
#2016 = LINE('',#2017,#2018);
#2017 = CARTESIAN_POINT('',(-3.75,-0.25,1.5));
#2018 = VECTOR('',#2019,1.);
#2019 = DIRECTION('',(0.,0.,1.));
#2020 = ORIENTED_EDGE('',*,*,#2021,.T.);
#2021 = EDGE_CURVE('',#2014,#2022,#2024,.T.);
#2022 = VERTEX_POINT('',#2023);
#2023 = CARTESIAN_POINT('',(-4.85,-1.35,4.1));
#2024 = LINE('',#2025,#2026);
#2025 = CARTESIAN_POINT('',(-0.4375,3.0625,4.1));
#2026 = VECTOR('',#2027,1.);
#2027 = DIRECTION('',(-0.707106781187,-0.707106781187,0.));
#2028 = ORIENTED_EDGE('',*,*,#2029,.T.);
#2029 = EDGE_CURVE('',#2022,#2030,#2032,.T.);
#2030 = VERTEX_POINT('',#2031);
#2031 = CARTESIAN_POINT('',(-4.85,-1.35,5.1));
#2032 = LINE('',#2033,#2034);
#2033 = CARTESIAN_POINT('',(-4.85,-1.35,2.8));
#2034 = VECTOR('',#2035,1.);
#2035 = DIRECTION('',(0.,0.,1.));
#2036 = ORIENTED_EDGE('',*,*,#2037,.F.);
#2037 = EDGE_CURVE('',#2038,#2030,#2040,.T.);
#2038 = VERTEX_POINT('',#2039);
#2039 = CARTESIAN_POINT('',(-3.75,-0.25,5.1));
#2040 = LINE('',#2041,#2042);
#2041 = CARTESIAN_POINT('',(-0.4375,3.0625,5.1));
#2042 = VECTOR('',#2043,1.);
#2043 = DIRECTION('',(-0.707106781187,-0.707106781187,0.));
#2044 = ORIENTED_EDGE('',*,*,#2045,.T.);
#2045 = EDGE_CURVE('',#2038,#2046,#2048,.T.);
#2046 = VERTEX_POINT('',#2047);
#2047 = CARTESIAN_POINT('',(-3.75,-0.25,6.));
#2048 = LINE('',#2049,#2050);
#2049 = CARTESIAN_POINT('',(-3.75,-0.25,1.5));
#2050 = VECTOR('',#2051,1.);
#2051 = DIRECTION('',(0.,0.,1.));
#2052 = ORIENTED_EDGE('',*,*,#2053,.T.);
#2053 = EDGE_CURVE('',#2046,#2054,#2056,.T.);
#2054 = VERTEX_POINT('',#2055);
#2055 = CARTESIAN_POINT('',(-6.,-2.5,6.));
#2056 = LINE('',#2057,#2058);
#2057 = CARTESIAN_POINT('',(-3.75,-0.25,6.));
#2058 = VECTOR('',#2059,1.);
#2059 = DIRECTION('',(-0.707106781187,-0.707106781187,0.));
#2060 = ORIENTED_EDGE('',*,*,#2061,.F.);
#2061 = EDGE_CURVE('',#1265,#2054,#2062,.T.);
#2062 = LINE('',#2063,#2064);
#2063 = CARTESIAN_POINT('',(-6.,-2.5,1.5));
#2064 = VECTOR('',#2065,1.);
#2065 = DIRECTION('',(0.,0.,1.));
#2066 = PLANE('',#2067);
#2067 = AXIS2_PLACEMENT_3D('',#2068,#2069,#2070);
#2068 = CARTESIAN_POINT('',(-3.75,-0.25,1.5));
#2069 = DIRECTION('',(0.707106781187,-0.707106781187,0.));
#2070 = DIRECTION('',(-0.707106781187,-0.707106781187,0.));
#2071 = ADVANCED_FACE('',(#2072),#2090,.T.);
#2072 = FACE_BOUND('',#2073,.T.);
#2073 = EDGE_LOOP('',(#2074,#2075,#2076,#2084));
#2074 = ORIENTED_EDGE('',*,*,#1272,.F.);
#2075 = ORIENTED_EDGE('',*,*,#2013,.T.);
#2076 = ORIENTED_EDGE('',*,*,#2077,.T.);
#2077 = EDGE_CURVE('',#2014,#2078,#2080,.T.);
#2078 = VERTEX_POINT('',#2079);
#2079 = CARTESIAN_POINT('',(8.25,-0.25,4.1));
#2080 = LINE('',#2081,#2082);
#2081 = CARTESIAN_POINT('',(-1.125,-0.25,4.1));
#2082 = VECTOR('',#2083,1.);
#2083 = DIRECTION('',(1.,0.,0.));
#2084 = ORIENTED_EDGE('',*,*,#2085,.F.);
#2085 = EDGE_CURVE('',#1273,#2078,#2086,.T.);
#2086 = LINE('',#2087,#2088);
#2087 = CARTESIAN_POINT('',(8.25,-0.25,1.5));
#2088 = VECTOR('',#2089,1.);
#2089 = DIRECTION('',(0.,0.,1.));
#2090 = PLANE('',#2091);
#2091 = AXIS2_PLACEMENT_3D('',#2092,#2093,#2094);
#2092 = CARTESIAN_POINT('',(-3.75,-0.25,1.5));
#2093 = DIRECTION('',(0.,1.,0.));
#2094 = DIRECTION('',(1.,0.,0.));
#2095 = ADVANCED_FACE('',(#2096),#2114,.F.);
#2096 = FACE_BOUND('',#2097,.F.);
#2097 = EDGE_LOOP('',(#2098,#2099,#2107,#2113));
#2098 = ORIENTED_EDGE('',*,*,#2061,.T.);
#2099 = ORIENTED_EDGE('',*,*,#2100,.T.);
#2100 = EDGE_CURVE('',#2054,#2101,#2103,.T.);
#2101 = VERTEX_POINT('',#2102);
#2102 = CARTESIAN_POINT('',(10.5,-2.5,6.));
#2103 = LINE('',#2104,#2105);
#2104 = CARTESIAN_POINT('',(-6.,-2.5,6.));
#2105 = VECTOR('',#2106,1.);
#2106 = DIRECTION('',(1.,0.,0.));
#2107 = ORIENTED_EDGE('',*,*,#2108,.F.);
#2108 = EDGE_CURVE('',#1281,#2101,#2109,.T.);
#2109 = LINE('',#2110,#2111);
#2110 = CARTESIAN_POINT('',(10.5,-2.5,1.5));
#2111 = VECTOR('',#2112,1.);
#2112 = DIRECTION('',(0.,0.,1.));
#2113 = ORIENTED_EDGE('',*,*,#1288,.F.);
#2114 = PLANE('',#2115);
#2115 = AXIS2_PLACEMENT_3D('',#2116,#2117,#2118);
#2116 = CARTESIAN_POINT('',(-6.,-2.5,1.5));
#2117 = DIRECTION('',(0.,1.,0.));
#2118 = DIRECTION('',(1.,0.,0.));
#2119 = ADVANCED_FACE('',(#2120),#2163,.F.);
#2120 = FACE_BOUND('',#2121,.F.);
#2121 = EDGE_LOOP('',(#2122,#2123,#2124,#2132,#2140,#2148,#2156,#2162));
#2122 = ORIENTED_EDGE('',*,*,#1280,.F.);
#2123 = ORIENTED_EDGE('',*,*,#2108,.T.);
#2124 = ORIENTED_EDGE('',*,*,#2125,.T.);
#2125 = EDGE_CURVE('',#2101,#2126,#2128,.T.);
#2126 = VERTEX_POINT('',#2127);
#2127 = CARTESIAN_POINT('',(8.25,-0.25,6.));
#2128 = LINE('',#2129,#2130);
#2129 = CARTESIAN_POINT('',(10.5,-2.5,6.));
#2130 = VECTOR('',#2131,1.);
#2131 = DIRECTION('',(-0.707106781187,0.707106781187,0.));
#2132 = ORIENTED_EDGE('',*,*,#2133,.F.);
#2133 = EDGE_CURVE('',#2134,#2126,#2136,.T.);
#2134 = VERTEX_POINT('',#2135);
#2135 = CARTESIAN_POINT('',(8.25,-0.25,5.1));
#2136 = LINE('',#2137,#2138);
#2137 = CARTESIAN_POINT('',(8.25,-0.25,1.5));
#2138 = VECTOR('',#2139,1.);
#2139 = DIRECTION('',(0.,0.,1.));
#2140 = ORIENTED_EDGE('',*,*,#2141,.F.);
#2141 = EDGE_CURVE('',#2142,#2134,#2144,.T.);
#2142 = VERTEX_POINT('',#2143);
#2143 = CARTESIAN_POINT('',(9.35,-1.35,5.1));
#2144 = LINE('',#2145,#2146);
#2145 = CARTESIAN_POINT('',(5.6875,2.3125,5.1));
#2146 = VECTOR('',#2147,1.);
#2147 = DIRECTION('',(-0.707106781187,0.707106781187,0.));
#2148 = ORIENTED_EDGE('',*,*,#2149,.T.);
#2149 = EDGE_CURVE('',#2142,#2150,#2152,.T.);
#2150 = VERTEX_POINT('',#2151);
#2151 = CARTESIAN_POINT('',(9.35,-1.35,4.1));
#2152 = LINE('',#2153,#2154);
#2153 = CARTESIAN_POINT('',(9.35,-1.35,2.8));
#2154 = VECTOR('',#2155,1.);
#2155 = DIRECTION('',(0.,0.,-1.));
#2156 = ORIENTED_EDGE('',*,*,#2157,.T.);
#2157 = EDGE_CURVE('',#2150,#2078,#2158,.T.);
#2158 = LINE('',#2159,#2160);
#2159 = CARTESIAN_POINT('',(5.6875,2.3125,4.1));
#2160 = VECTOR('',#2161,1.);
#2161 = DIRECTION('',(-0.707106781187,0.707106781187,0.));
#2162 = ORIENTED_EDGE('',*,*,#2085,.F.);
#2163 = PLANE('',#2164);
#2164 = AXIS2_PLACEMENT_3D('',#2165,#2166,#2167);
#2165 = CARTESIAN_POINT('',(10.5,-2.5,1.5));
#2166 = DIRECTION('',(-0.707106781187,-0.707106781187,0.));
#2167 = DIRECTION('',(-0.707106781187,0.707106781187,0.));
#2168 = ADVANCED_FACE('',(#2169),#2188,.F.);
#2169 = FACE_BOUND('',#2170,.T.);
#2170 = EDGE_LOOP('',(#2171,#2172,#2173,#2182));
#2171 = ORIENTED_EDGE('',*,*,#1869,.F.);
#2172 = ORIENTED_EDGE('',*,*,#1355,.T.);
#2173 = ORIENTED_EDGE('',*,*,#2174,.T.);
#2174 = EDGE_CURVE('',#1348,#2175,#2177,.T.);
#2175 = VERTEX_POINT('',#2176);
#2176 = CARTESIAN_POINT('',(13.5,20.,2.5));
#2177 = CIRCLE('',#2178,0.5);
#2178 = AXIS2_PLACEMENT_3D('',#2179,#2180,#2181);
#2179 = CARTESIAN_POINT('',(13.5,19.5,2.5));
#2180 = DIRECTION('',(0.,0.,1.));
#2181 = DIRECTION('',(1.,0.,0.));
#2182 = ORIENTED_EDGE('',*,*,#2183,.F.);
#2183 = EDGE_CURVE('',#1844,#2175,#2184,.T.);
#2184 = LINE('',#2185,#2186);
#2185 = CARTESIAN_POINT('',(13.5,20.,0.));
#2186 = VECTOR('',#2187,1.);
#2187 = DIRECTION('',(0.,0.,1.));
#2188 = CYLINDRICAL_SURFACE('',#2189,0.5);
#2189 = AXIS2_PLACEMENT_3D('',#2190,#2191,#2192);
#2190 = CARTESIAN_POINT('',(13.5,19.5,0.));
#2191 = DIRECTION('',(-0.,-0.,-1.));
#2192 = DIRECTION('',(1.,0.,0.));
#2193 = ADVANCED_FACE('',(#2194),#2205,.T.);
#2194 = FACE_BOUND('',#2195,.T.);
#2195 = EDGE_LOOP('',(#2196,#2197,#2198,#2204));
#2196 = ORIENTED_EDGE('',*,*,#1843,.F.);
#2197 = ORIENTED_EDGE('',*,*,#2183,.T.);
#2198 = ORIENTED_EDGE('',*,*,#2199,.T.);
#2199 = EDGE_CURVE('',#2175,#1804,#2200,.T.);
#2200 = LINE('',#2201,#2202);
#2201 = CARTESIAN_POINT('',(13.5,20.,2.5));
#2202 = VECTOR('',#2203,1.);
#2203 = DIRECTION('',(-1.,0.,0.));
#2204 = ORIENTED_EDGE('',*,*,#1803,.T.);
#2205 = PLANE('',#2206);
#2206 = AXIS2_PLACEMENT_3D('',#2207,#2208,#2209);
#2207 = CARTESIAN_POINT('',(13.5,20.,0.));
#2208 = DIRECTION('',(0.,-1.,0.));
#2209 = DIRECTION('',(-1.,0.,0.));
#2210 = ADVANCED_FACE('',(#2211),#2229,.T.);
#2211 = FACE_BOUND('',#2212,.T.);
#2212 = EDGE_LOOP('',(#2213,#2214,#2215,#2223));
#2213 = ORIENTED_EDGE('',*,*,#1603,.F.);
#2214 = ORIENTED_EDGE('',*,*,#1638,.F.);
#2215 = ORIENTED_EDGE('',*,*,#2216,.T.);
#2216 = EDGE_CURVE('',#1631,#2217,#2219,.T.);
#2217 = VERTEX_POINT('',#2218);
#2218 = CARTESIAN_POINT('',(-13.5,20.,2.5));
#2219 = LINE('',#2220,#2221);
#2220 = CARTESIAN_POINT('',(13.5,20.,2.5));
#2221 = VECTOR('',#2222,1.);
#2222 = DIRECTION('',(-1.,0.,0.));
#2223 = ORIENTED_EDGE('',*,*,#2224,.F.);
#2224 = EDGE_CURVE('',#1565,#2217,#2225,.T.);
#2225 = LINE('',#2226,#2227);
#2226 = CARTESIAN_POINT('',(-13.5,20.,0.));
#2227 = VECTOR('',#2228,1.);
#2228 = DIRECTION('',(0.,0.,1.));
#2229 = PLANE('',#2230);
#2230 = AXIS2_PLACEMENT_3D('',#2231,#2232,#2233);
#2231 = CARTESIAN_POINT('',(13.5,20.,0.));
#2232 = DIRECTION('',(0.,-1.,0.));
#2233 = DIRECTION('',(-1.,0.,0.));
#2234 = ADVANCED_FACE('',(#2235),#2254,.F.);
#2235 = FACE_BOUND('',#2236,.T.);
#2236 = EDGE_LOOP('',(#2237,#2238,#2239,#2248));
#2237 = ORIENTED_EDGE('',*,*,#1573,.F.);
#2238 = ORIENTED_EDGE('',*,*,#2224,.T.);
#2239 = ORIENTED_EDGE('',*,*,#2240,.T.);
#2240 = EDGE_CURVE('',#2217,#2241,#2243,.T.);
#2241 = VERTEX_POINT('',#2242);
#2242 = CARTESIAN_POINT('',(-14.,19.5,2.5));
#2243 = CIRCLE('',#2244,0.5);
#2244 = AXIS2_PLACEMENT_3D('',#2245,#2246,#2247);
#2245 = CARTESIAN_POINT('',(-13.5,19.5,2.5));
#2246 = DIRECTION('',(0.,0.,1.));
#2247 = DIRECTION('',(1.,0.,0.));
#2248 = ORIENTED_EDGE('',*,*,#2249,.F.);
#2249 = EDGE_CURVE('',#1540,#2241,#2250,.T.);
#2250 = LINE('',#2251,#2252);
#2251 = CARTESIAN_POINT('',(-14.,19.5,0.));
#2252 = VECTOR('',#2253,1.);
#2253 = DIRECTION('',(0.,0.,1.));
#2254 = CYLINDRICAL_SURFACE('',#2255,0.5);
#2255 = AXIS2_PLACEMENT_3D('',#2256,#2257,#2258);
#2256 = CARTESIAN_POINT('',(-13.5,19.5,0.));
#2257 = DIRECTION('',(-0.,-0.,-1.));
#2258 = DIRECTION('',(1.,0.,0.));
#2259 = ADVANCED_FACE('',(#2260),#2278,.T.);
#2260 = FACE_BOUND('',#2261,.T.);
#2261 = EDGE_LOOP('',(#2262,#2263,#2271,#2277));
#2262 = ORIENTED_EDGE('',*,*,#2249,.T.);
#2263 = ORIENTED_EDGE('',*,*,#2264,.T.);
#2264 = EDGE_CURVE('',#2241,#2265,#2267,.T.);
#2265 = VERTEX_POINT('',#2266);
#2266 = CARTESIAN_POINT('',(-14.,-19.5,2.5));
#2267 = LINE('',#2268,#2269);
#2268 = CARTESIAN_POINT('',(-14.,19.5,2.5));
#2269 = VECTOR('',#2270,1.);
#2270 = DIRECTION('',(0.,-1.,0.));
#2271 = ORIENTED_EDGE('',*,*,#2272,.F.);
#2272 = EDGE_CURVE('',#1501,#2265,#2273,.T.);
#2273 = LINE('',#2274,#2275);
#2274 = CARTESIAN_POINT('',(-14.,-19.5,0.));
#2275 = VECTOR('',#2276,1.);
#2276 = DIRECTION('',(0.,0.,1.));
#2277 = ORIENTED_EDGE('',*,*,#1550,.F.);
#2278 = PLANE('',#2279);
#2279 = AXIS2_PLACEMENT_3D('',#2280,#2281,#2282);
#2280 = CARTESIAN_POINT('',(-14.,19.5,0.));
#2281 = DIRECTION('',(1.,0.,0.));
#2282 = DIRECTION('',(0.,-1.,0.));
#2283 = ADVANCED_FACE('',(#2284),#2303,.F.);
#2284 = FACE_BOUND('',#2285,.T.);
#2285 = EDGE_LOOP('',(#2286,#2287,#2288,#2297));
#2286 = ORIENTED_EDGE('',*,*,#1509,.F.);
#2287 = ORIENTED_EDGE('',*,*,#2272,.T.);
#2288 = ORIENTED_EDGE('',*,*,#2289,.T.);
#2289 = EDGE_CURVE('',#2265,#2290,#2292,.T.);
#2290 = VERTEX_POINT('',#2291);
#2291 = CARTESIAN_POINT('',(-13.5,-20.,2.5));
#2292 = CIRCLE('',#2293,0.5);
#2293 = AXIS2_PLACEMENT_3D('',#2294,#2295,#2296);
#2294 = CARTESIAN_POINT('',(-13.5,-19.5,2.5));
#2295 = DIRECTION('',(0.,0.,1.));
#2296 = DIRECTION('',(1.,0.,0.));
#2297 = ORIENTED_EDGE('',*,*,#2298,.F.);
#2298 = EDGE_CURVE('',#1476,#2290,#2299,.T.);
#2299 = LINE('',#2300,#2301);
#2300 = CARTESIAN_POINT('',(-13.5,-20.,0.));
#2301 = VECTOR('',#2302,1.);
#2302 = DIRECTION('',(0.,0.,1.));
#2303 = CYLINDRICAL_SURFACE('',#2304,0.5);
#2304 = AXIS2_PLACEMENT_3D('',#2305,#2306,#2307);
#2305 = CARTESIAN_POINT('',(-13.5,-19.5,0.));
#2306 = DIRECTION('',(-0.,-0.,-1.));
#2307 = DIRECTION('',(1.,0.,0.));
#2308 = ADVANCED_FACE('',(#2309),#2327,.T.);
#2309 = FACE_BOUND('',#2310,.T.);
#2310 = EDGE_LOOP('',(#2311,#2312,#2313,#2321));
#2311 = ORIENTED_EDGE('',*,*,#1486,.F.);
#2312 = ORIENTED_EDGE('',*,*,#2298,.T.);
#2313 = ORIENTED_EDGE('',*,*,#2314,.T.);
#2314 = EDGE_CURVE('',#2290,#2315,#2317,.T.);
#2315 = VERTEX_POINT('',#2316);
#2316 = CARTESIAN_POINT('',(13.5,-20.,2.5));
#2317 = LINE('',#2318,#2319);
#2318 = CARTESIAN_POINT('',(-13.5,-20.,2.5));
#2319 = VECTOR('',#2320,1.);
#2320 = DIRECTION('',(1.,0.,0.));
#2321 = ORIENTED_EDGE('',*,*,#2322,.F.);
#2322 = EDGE_CURVE('',#1437,#2315,#2323,.T.);
#2323 = LINE('',#2324,#2325);
#2324 = CARTESIAN_POINT('',(13.5,-20.,0.));
#2325 = VECTOR('',#2326,1.);
#2326 = DIRECTION('',(0.,0.,1.));
#2327 = PLANE('',#2328);
#2328 = AXIS2_PLACEMENT_3D('',#2329,#2330,#2331);
#2329 = CARTESIAN_POINT('',(-13.5,-20.,0.));
#2330 = DIRECTION('',(0.,1.,0.));
#2331 = DIRECTION('',(1.,0.,0.));
#2332 = ADVANCED_FACE('',(#2333),#2345,.F.);
#2333 = FACE_BOUND('',#2334,.T.);
#2334 = EDGE_LOOP('',(#2335,#2336,#2337,#2344));
#2335 = ORIENTED_EDGE('',*,*,#1445,.F.);
#2336 = ORIENTED_EDGE('',*,*,#2322,.T.);
#2337 = ORIENTED_EDGE('',*,*,#2338,.T.);
#2338 = EDGE_CURVE('',#2315,#1396,#2339,.T.);
#2339 = CIRCLE('',#2340,0.5);
#2340 = AXIS2_PLACEMENT_3D('',#2341,#2342,#2343);
#2341 = CARTESIAN_POINT('',(13.5,-19.5,2.5));
#2342 = DIRECTION('',(0.,0.,1.));
#2343 = DIRECTION('',(1.,0.,0.));
#2344 = ORIENTED_EDGE('',*,*,#1395,.F.);
#2345 = CYLINDRICAL_SURFACE('',#2346,0.5);
#2346 = AXIS2_PLACEMENT_3D('',#2347,#2348,#2349);
#2347 = CARTESIAN_POINT('',(13.5,-19.5,0.));
#2348 = DIRECTION('',(-0.,-0.,-1.));
#2349 = DIRECTION('',(1.,0.,0.));
#2350 = ADVANCED_FACE('',(#2351),#2399,.T.);
#2351 = FACE_BOUND('',#2352,.T.);
#2352 = EDGE_LOOP('',(#2353,#2354,#2360,#2361,#2369,#2377,#2385,#2393));
#2353 = ORIENTED_EDGE('',*,*,#1701,.F.);
#2354 = ORIENTED_EDGE('',*,*,#2355,.T.);
#2355 = EDGE_CURVE('',#1694,#1757,#2356,.T.);
#2356 = LINE('',#2357,#2358);
#2357 = CARTESIAN_POINT('',(-3.750000000035,16.25,6.));
#2358 = VECTOR('',#2359,1.);
#2359 = DIRECTION('',(1.,0.,0.));
#2360 = ORIENTED_EDGE('',*,*,#1756,.F.);
#2361 = ORIENTED_EDGE('',*,*,#2362,.F.);
#2362 = EDGE_CURVE('',#2363,#1749,#2365,.T.);
#2363 = VERTEX_POINT('',#2364);
#2364 = CARTESIAN_POINT('',(2.5,18.5,6.));
#2365 = LINE('',#2366,#2367);
#2366 = CARTESIAN_POINT('',(-6.000000000036,18.5,6.));
#2367 = VECTOR('',#2368,1.);
#2368 = DIRECTION('',(1.,0.,0.));
#2369 = ORIENTED_EDGE('',*,*,#2370,.F.);
#2370 = EDGE_CURVE('',#2371,#2363,#2373,.T.);
#2371 = VERTEX_POINT('',#2372);
#2372 = CARTESIAN_POINT('',(2.5,17.5,6.));
#2373 = LINE('',#2374,#2375);
#2374 = CARTESIAN_POINT('',(2.5,12.750000000001,6.));
#2375 = VECTOR('',#2376,1.);
#2376 = DIRECTION('',(0.,1.,0.));
#2377 = ORIENTED_EDGE('',*,*,#2378,.F.);
#2378 = EDGE_CURVE('',#2379,#2371,#2381,.T.);
#2379 = VERTEX_POINT('',#2380);
#2380 = CARTESIAN_POINT('',(-2.5,17.5,6.));
#2381 = LINE('',#2382,#2383);
#2382 = CARTESIAN_POINT('',(-1.296147014723,17.5,6.));
#2383 = VECTOR('',#2384,1.);
#2384 = DIRECTION('',(1.,0.,0.));
#2385 = ORIENTED_EDGE('',*,*,#2386,.F.);
#2386 = EDGE_CURVE('',#2387,#2379,#2389,.T.);
#2387 = VERTEX_POINT('',#2388);
#2388 = CARTESIAN_POINT('',(-2.5,18.5,6.));
#2389 = LINE('',#2390,#2391);
#2390 = CARTESIAN_POINT('',(-2.5,14.000000000001,6.));
#2391 = VECTOR('',#2392,1.);
#2392 = DIRECTION('',(0.,-1.,0.));
#2393 = ORIENTED_EDGE('',*,*,#2394,.F.);
#2394 = EDGE_CURVE('',#1702,#2387,#2395,.T.);
#2395 = LINE('',#2396,#2397);
#2396 = CARTESIAN_POINT('',(-6.000000000036,18.5,6.));
#2397 = VECTOR('',#2398,1.);
#2398 = DIRECTION('',(1.,0.,0.));
#2399 = PLANE('',#2400);
#2400 = AXIS2_PLACEMENT_3D('',#2401,#2402,#2403);
#2401 = CARTESIAN_POINT('',(-9.229402944616E-02,8.000000000001,6.));
#2402 = DIRECTION('',(0.,0.,1.));
#2403 = DIRECTION('',(1.,0.,0.));
#2404 = ADVANCED_FACE('',(#2405),#2446,.T.);
#2405 = FACE_BOUND('',#2406,.T.);
#2406 = EDGE_LOOP('',(#2407,#2417,#2425,#2433,#2439,#2440));
#2407 = ORIENTED_EDGE('',*,*,#2408,.F.);
#2408 = EDGE_CURVE('',#2409,#2411,#2413,.T.);
#2409 = VERTEX_POINT('',#2410);
#2410 = CARTESIAN_POINT('',(-2.5,20.,6.5));
#2411 = VERTEX_POINT('',#2412);
#2412 = CARTESIAN_POINT('',(-2.5,17.5,6.5));
#2413 = LINE('',#2414,#2415);
#2414 = CARTESIAN_POINT('',(-2.5,20.,6.5));
#2415 = VECTOR('',#2416,1.);
#2416 = DIRECTION('',(0.,-1.,0.));
#2417 = ORIENTED_EDGE('',*,*,#2418,.T.);
#2418 = EDGE_CURVE('',#2409,#2419,#2421,.T.);
#2419 = VERTEX_POINT('',#2420);
#2420 = CARTESIAN_POINT('',(-2.5,20.,5.));
#2421 = LINE('',#2422,#2423);
#2422 = CARTESIAN_POINT('',(-2.5,20.,6.5));
#2423 = VECTOR('',#2424,1.);
#2424 = DIRECTION('',(-0.,-0.,-1.));
#2425 = ORIENTED_EDGE('',*,*,#2426,.T.);
#2426 = EDGE_CURVE('',#2419,#2427,#2429,.T.);
#2427 = VERTEX_POINT('',#2428);
#2428 = CARTESIAN_POINT('',(-2.5,18.5,3.5));
#2429 = LINE('',#2430,#2431);
#2430 = CARTESIAN_POINT('',(-2.5,20.,5.));
#2431 = VECTOR('',#2432,1.);
#2432 = DIRECTION('',(0.,-0.707106781187,-0.707106781187));
#2433 = ORIENTED_EDGE('',*,*,#2434,.T.);
#2434 = EDGE_CURVE('',#2427,#2387,#2435,.T.);
#2435 = LINE('',#2436,#2437);
#2436 = CARTESIAN_POINT('',(-2.5,18.5,4.));
#2437 = VECTOR('',#2438,1.);
#2438 = DIRECTION('',(0.,0.,1.));
#2439 = ORIENTED_EDGE('',*,*,#2386,.T.);
#2440 = ORIENTED_EDGE('',*,*,#2441,.F.);
#2441 = EDGE_CURVE('',#2411,#2379,#2442,.T.);
#2442 = LINE('',#2443,#2444);
#2443 = CARTESIAN_POINT('',(-2.5,17.5,6.5));
#2444 = VECTOR('',#2445,1.);
#2445 = DIRECTION('',(-0.,-0.,-1.));
#2446 = PLANE('',#2447);
#2447 = AXIS2_PLACEMENT_3D('',#2448,#2449,#2450);
#2448 = CARTESIAN_POINT('',(-2.5,20.,6.5));
#2449 = DIRECTION('',(-1.,0.,0.));
#2450 = DIRECTION('',(0.,-1.,0.));
#2451 = ADVANCED_FACE('',(#2452),#2463,.F.);
#2452 = FACE_BOUND('',#2453,.F.);
#2453 = EDGE_LOOP('',(#2454,#2460,#2461,#2462));
#2454 = ORIENTED_EDGE('',*,*,#2455,.F.);
#2455 = EDGE_CURVE('',#1686,#1765,#2456,.T.);
#2456 = LINE('',#2457,#2458);
#2457 = CARTESIAN_POINT('',(-1.125000000018,16.25,5.1));
#2458 = VECTOR('',#2459,1.);
#2459 = DIRECTION('',(1.,0.,0.));
#2460 = ORIENTED_EDGE('',*,*,#1693,.T.);
#2461 = ORIENTED_EDGE('',*,*,#2355,.T.);
#2462 = ORIENTED_EDGE('',*,*,#1764,.F.);
#2463 = PLANE('',#2464);
#2464 = AXIS2_PLACEMENT_3D('',#2465,#2466,#2467);
#2465 = CARTESIAN_POINT('',(-3.750000000035,16.25,1.5));
#2466 = DIRECTION('',(0.,1.,0.));
#2467 = DIRECTION('',(1.,0.,0.));
#2468 = ADVANCED_FACE('',(#2469),#2480,.F.);
#2469 = FACE_BOUND('',#2470,.F.);
#2470 = EDGE_LOOP('',(#2471,#2477,#2478,#2479));
#2471 = ORIENTED_EDGE('',*,*,#2472,.T.);
#2472 = EDGE_CURVE('',#1773,#1678,#2473,.T.);
#2473 = LINE('',#2474,#2475);
#2474 = CARTESIAN_POINT('',(10.5,16.85,5.1));
#2475 = VECTOR('',#2476,1.);
#2476 = DIRECTION('',(-1.,0.,0.));
#2477 = ORIENTED_EDGE('',*,*,#1685,.F.);
#2478 = ORIENTED_EDGE('',*,*,#2455,.T.);
#2479 = ORIENTED_EDGE('',*,*,#1772,.F.);
#2480 = PLANE('',#2481);
#2481 = AXIS2_PLACEMENT_3D('',#2482,#2483,#2484);
#2482 = CARTESIAN_POINT('',(1.5,7.75,5.1));
#2483 = DIRECTION('',(0.,0.,1.));
#2484 = DIRECTION('',(1.,0.,0.));
#2485 = ADVANCED_FACE('',(#2486),#2497,.T.);
#2486 = FACE_BOUND('',#2487,.T.);
#2487 = EDGE_LOOP('',(#2488,#2494,#2495,#2496));
#2488 = ORIENTED_EDGE('',*,*,#2489,.F.);
#2489 = EDGE_CURVE('',#1781,#1670,#2490,.T.);
#2490 = LINE('',#2491,#2492);
#2491 = CARTESIAN_POINT('',(10.5,16.85,4.1));
#2492 = VECTOR('',#2493,1.);
#2493 = DIRECTION('',(-1.,0.,0.));
#2494 = ORIENTED_EDGE('',*,*,#1780,.F.);
#2495 = ORIENTED_EDGE('',*,*,#2472,.T.);
#2496 = ORIENTED_EDGE('',*,*,#1677,.F.);
#2497 = PLANE('',#2498);
#2498 = AXIS2_PLACEMENT_3D('',#2499,#2500,#2501);
#2499 = CARTESIAN_POINT('',(10.5,16.85,4.1));
#2500 = DIRECTION('',(0.,-1.,0.));
#2501 = DIRECTION('',(-1.,0.,0.));
#2502 = ADVANCED_FACE('',(#2503),#2509,.T.);
#2503 = FACE_BOUND('',#2504,.T.);
#2504 = EDGE_LOOP('',(#2505,#2506,#2507,#2508));
#2505 = ORIENTED_EDGE('',*,*,#2489,.T.);
#2506 = ORIENTED_EDGE('',*,*,#1669,.F.);
#2507 = ORIENTED_EDGE('',*,*,#1725,.T.);
#2508 = ORIENTED_EDGE('',*,*,#1788,.F.);
#2509 = PLANE('',#2510);
#2510 = AXIS2_PLACEMENT_3D('',#2511,#2512,#2513);
#2511 = CARTESIAN_POINT('',(1.5,7.75,4.1));
#2512 = DIRECTION('',(0.,0.,1.));
#2513 = DIRECTION('',(1.,0.,0.));
#2514 = ADVANCED_FACE('',(#2515),#2556,.T.);
#2515 = FACE_BOUND('',#2516,.T.);
#2516 = EDGE_LOOP('',(#2517,#2527,#2533,#2534,#2542,#2550));
#2517 = ORIENTED_EDGE('',*,*,#2518,.F.);
#2518 = EDGE_CURVE('',#2519,#2521,#2523,.T.);
#2519 = VERTEX_POINT('',#2520);
#2520 = CARTESIAN_POINT('',(2.5,17.5,6.5));
#2521 = VERTEX_POINT('',#2522);
#2522 = CARTESIAN_POINT('',(2.5,20.,6.5));
#2523 = LINE('',#2524,#2525);
#2524 = CARTESIAN_POINT('',(2.5,17.5,6.5));
#2525 = VECTOR('',#2526,1.);
#2526 = DIRECTION('',(0.,1.,0.));
#2527 = ORIENTED_EDGE('',*,*,#2528,.T.);
#2528 = EDGE_CURVE('',#2519,#2371,#2529,.T.);
#2529 = LINE('',#2530,#2531);
#2530 = CARTESIAN_POINT('',(2.5,17.5,6.5));
#2531 = VECTOR('',#2532,1.);
#2532 = DIRECTION('',(-0.,-0.,-1.));
#2533 = ORIENTED_EDGE('',*,*,#2370,.T.);
#2534 = ORIENTED_EDGE('',*,*,#2535,.T.);
#2535 = EDGE_CURVE('',#2363,#2536,#2538,.T.);
#2536 = VERTEX_POINT('',#2537);
#2537 = CARTESIAN_POINT('',(2.5,18.5,3.5));
#2538 = LINE('',#2539,#2540);
#2539 = CARTESIAN_POINT('',(2.5,18.5,4.));
#2540 = VECTOR('',#2541,1.);
#2541 = DIRECTION('',(0.,0.,-1.));
#2542 = ORIENTED_EDGE('',*,*,#2543,.F.);
#2543 = EDGE_CURVE('',#2544,#2536,#2546,.T.);
#2544 = VERTEX_POINT('',#2545);
#2545 = CARTESIAN_POINT('',(2.5,20.,5.));
#2546 = LINE('',#2547,#2548);
#2547 = CARTESIAN_POINT('',(2.5,20.,5.));
#2548 = VECTOR('',#2549,1.);
#2549 = DIRECTION('',(0.,-0.707106781187,-0.707106781187));
#2550 = ORIENTED_EDGE('',*,*,#2551,.F.);
#2551 = EDGE_CURVE('',#2521,#2544,#2552,.T.);
#2552 = LINE('',#2553,#2554);
#2553 = CARTESIAN_POINT('',(2.5,20.,6.5));
#2554 = VECTOR('',#2555,1.);
#2555 = DIRECTION('',(-0.,-0.,-1.));
#2556 = PLANE('',#2557);
#2557 = AXIS2_PLACEMENT_3D('',#2558,#2559,#2560);
#2558 = CARTESIAN_POINT('',(2.5,17.5,6.5));
#2559 = DIRECTION('',(1.,0.,0.));
#2560 = DIRECTION('',(0.,1.,0.));
#2561 = ADVANCED_FACE('',(#2562),#2568,.T.);
#2562 = FACE_BOUND('',#2563,.T.);
#2563 = EDGE_LOOP('',(#2564,#2565,#2566,#2567));
#2564 = ORIENTED_EDGE('',*,*,#1924,.T.);
#2565 = ORIENTED_EDGE('',*,*,#1972,.T.);
#2566 = ORIENTED_EDGE('',*,*,#1996,.T.);
#2567 = ORIENTED_EDGE('',*,*,#1955,.T.);
#2568 = PLANE('',#2569);
#2569 = AXIS2_PLACEMENT_3D('',#2570,#2571,#2572);
#2570 = CARTESIAN_POINT('',(-9.229402944616E-02,8.000000000001,6.));
#2571 = DIRECTION('',(0.,0.,1.));
#2572 = DIRECTION('',(1.,0.,0.));
#2573 = ADVANCED_FACE('',(#2574),#2585,.T.);
#2574 = FACE_BOUND('',#2575,.T.);
#2575 = EDGE_LOOP('',(#2576,#2577,#2578,#2579));
#2576 = ORIENTED_EDGE('',*,*,#2053,.T.);
#2577 = ORIENTED_EDGE('',*,*,#2100,.T.);
#2578 = ORIENTED_EDGE('',*,*,#2125,.T.);
#2579 = ORIENTED_EDGE('',*,*,#2580,.F.);
#2580 = EDGE_CURVE('',#2046,#2126,#2581,.T.);
#2581 = LINE('',#2582,#2583);
#2582 = CARTESIAN_POINT('',(-3.75,-0.25,6.));
#2583 = VECTOR('',#2584,1.);
#2584 = DIRECTION('',(1.,0.,0.));
#2585 = PLANE('',#2586);
#2586 = AXIS2_PLACEMENT_3D('',#2587,#2588,#2589);
#2587 = CARTESIAN_POINT('',(-9.229402944616E-02,8.000000000001,6.));
#2588 = DIRECTION('',(0.,0.,1.));
#2589 = DIRECTION('',(1.,0.,0.));
#2590 = ADVANCED_FACE('',(#2591),#2602,.T.);
#2591 = FACE_BOUND('',#2592,.T.);
#2592 = EDGE_LOOP('',(#2593,#2599,#2600,#2601));
#2593 = ORIENTED_EDGE('',*,*,#2594,.F.);
#2594 = EDGE_CURVE('',#2038,#2134,#2595,.T.);
#2595 = LINE('',#2596,#2597);
#2596 = CARTESIAN_POINT('',(-1.125,-0.25,5.1));
#2597 = VECTOR('',#2598,1.);
#2598 = DIRECTION('',(1.,0.,0.));
#2599 = ORIENTED_EDGE('',*,*,#2045,.T.);
#2600 = ORIENTED_EDGE('',*,*,#2580,.T.);
#2601 = ORIENTED_EDGE('',*,*,#2133,.F.);
#2602 = PLANE('',#2603);
#2603 = AXIS2_PLACEMENT_3D('',#2604,#2605,#2606);
#2604 = CARTESIAN_POINT('',(-3.75,-0.25,1.5));
#2605 = DIRECTION('',(0.,1.,0.));
#2606 = DIRECTION('',(1.,0.,0.));
#2607 = ADVANCED_FACE('',(#2608),#2619,.F.);
#2608 = FACE_BOUND('',#2609,.F.);
#2609 = EDGE_LOOP('',(#2610,#2611,#2617,#2618));
#2610 = ORIENTED_EDGE('',*,*,#2037,.T.);
#2611 = ORIENTED_EDGE('',*,*,#2612,.T.);
#2612 = EDGE_CURVE('',#2030,#2142,#2613,.T.);
#2613 = LINE('',#2614,#2615);
#2614 = CARTESIAN_POINT('',(-7.5,-1.35,5.1));
#2615 = VECTOR('',#2616,1.);
#2616 = DIRECTION('',(1.,0.,0.));
#2617 = ORIENTED_EDGE('',*,*,#2141,.T.);
#2618 = ORIENTED_EDGE('',*,*,#2594,.F.);
#2619 = PLANE('',#2620);
#2620 = AXIS2_PLACEMENT_3D('',#2621,#2622,#2623);
#2621 = CARTESIAN_POINT('',(1.5,7.75,5.1));
#2622 = DIRECTION('',(0.,0.,1.));
#2623 = DIRECTION('',(1.,0.,0.));
#2624 = ADVANCED_FACE('',(#2625),#2636,.T.);
#2625 = FACE_BOUND('',#2626,.T.);
#2626 = EDGE_LOOP('',(#2627,#2633,#2634,#2635));
#2627 = ORIENTED_EDGE('',*,*,#2628,.F.);
#2628 = EDGE_CURVE('',#2022,#2150,#2629,.T.);
#2629 = LINE('',#2630,#2631);
#2630 = CARTESIAN_POINT('',(-7.5,-1.35,4.1));
#2631 = VECTOR('',#2632,1.);
#2632 = DIRECTION('',(1.,0.,0.));
#2633 = ORIENTED_EDGE('',*,*,#2029,.T.);
#2634 = ORIENTED_EDGE('',*,*,#2612,.T.);
#2635 = ORIENTED_EDGE('',*,*,#2149,.T.);
#2636 = PLANE('',#2637);
#2637 = AXIS2_PLACEMENT_3D('',#2638,#2639,#2640);
#2638 = CARTESIAN_POINT('',(-7.5,-1.35,4.1));
#2639 = DIRECTION('',(0.,1.,0.));
#2640 = DIRECTION('',(1.,0.,0.));
#2641 = ADVANCED_FACE('',(#2642),#2648,.T.);
#2642 = FACE_BOUND('',#2643,.T.);
#2643 = EDGE_LOOP('',(#2644,#2645,#2646,#2647));
#2644 = ORIENTED_EDGE('',*,*,#2021,.T.);
#2645 = ORIENTED_EDGE('',*,*,#2628,.T.);
#2646 = ORIENTED_EDGE('',*,*,#2157,.T.);
#2647 = ORIENTED_EDGE('',*,*,#2077,.F.);
#2648 = PLANE('',#2649);
#2649 = AXIS2_PLACEMENT_3D('',#2650,#2651,#2652);
#2650 = CARTESIAN_POINT('',(1.5,7.75,4.1));
#2651 = DIRECTION('',(0.,0.,1.));
#2652 = DIRECTION('',(1.,0.,0.));
#2653 = ADVANCED_FACE('',(#2654),#2670,.F.);
#2654 = FACE_BOUND('',#2655,.F.);
#2655 = EDGE_LOOP('',(#2656,#2662,#2663,#2669));
#2656 = ORIENTED_EDGE('',*,*,#2657,.T.);
#2657 = EDGE_CURVE('',#2544,#2419,#2658,.T.);
#2658 = LINE('',#2659,#2660);
#2659 = CARTESIAN_POINT('',(2.5,20.,5.));
#2660 = VECTOR('',#2661,1.);
#2661 = DIRECTION('',(-1.,-0.,-0.));
#2662 = ORIENTED_EDGE('',*,*,#2426,.T.);
#2663 = ORIENTED_EDGE('',*,*,#2664,.F.);
#2664 = EDGE_CURVE('',#2536,#2427,#2665,.T.);
#2665 = LINE('',#2666,#2667);
#2666 = CARTESIAN_POINT('',(2.5,18.5,3.5));
#2667 = VECTOR('',#2668,1.);
#2668 = DIRECTION('',(-1.,-0.,-0.));
#2669 = ORIENTED_EDGE('',*,*,#2543,.F.);
#2670 = PLANE('',#2671);
#2671 = AXIS2_PLACEMENT_3D('',#2672,#2673,#2674);
#2672 = CARTESIAN_POINT('',(2.5,20.,5.));
#2673 = DIRECTION('',(0.,-0.707106781187,0.707106781187));
#2674 = DIRECTION('',(0.,-0.707106781187,-0.707106781187));
#2675 = ADVANCED_FACE('',(#2676),#2692,.T.);
#2676 = FACE_BOUND('',#2677,.T.);
#2677 = EDGE_LOOP('',(#2678,#2679,#2685,#2686));
#2678 = ORIENTED_EDGE('',*,*,#2408,.T.);
#2679 = ORIENTED_EDGE('',*,*,#2680,.T.);
#2680 = EDGE_CURVE('',#2411,#2519,#2681,.T.);
#2681 = LINE('',#2682,#2683);
#2682 = CARTESIAN_POINT('',(-2.5,17.5,6.5));
#2683 = VECTOR('',#2684,1.);
#2684 = DIRECTION('',(1.,0.,0.));
#2685 = ORIENTED_EDGE('',*,*,#2518,.T.);
#2686 = ORIENTED_EDGE('',*,*,#2687,.T.);
#2687 = EDGE_CURVE('',#2521,#2409,#2688,.T.);
#2688 = LINE('',#2689,#2690);
#2689 = CARTESIAN_POINT('',(2.5,20.,6.5));
#2690 = VECTOR('',#2691,1.);
#2691 = DIRECTION('',(-1.,0.,0.));
#2692 = PLANE('',#2693);
#2693 = AXIS2_PLACEMENT_3D('',#2694,#2695,#2696);
#2694 = CARTESIAN_POINT('',(0.,18.75,6.5));
#2695 = DIRECTION('',(0.,0.,1.));
#2696 = DIRECTION('',(1.,0.,0.));
#2697 = ADVANCED_FACE('',(#2698),#2704,.T.);
#2698 = FACE_BOUND('',#2699,.T.);
#2699 = EDGE_LOOP('',(#2700,#2701,#2702,#2703));
#2700 = ORIENTED_EDGE('',*,*,#2680,.F.);
#2701 = ORIENTED_EDGE('',*,*,#2441,.T.);
#2702 = ORIENTED_EDGE('',*,*,#2378,.T.);
#2703 = ORIENTED_EDGE('',*,*,#2528,.F.);
#2704 = PLANE('',#2705);
#2705 = AXIS2_PLACEMENT_3D('',#2706,#2707,#2708);
#2706 = CARTESIAN_POINT('',(-2.5,17.5,6.5));
#2707 = DIRECTION('',(0.,-1.,0.));
#2708 = DIRECTION('',(1.,0.,0.));
#2709 = ADVANCED_FACE('',(#2710),#2716,.T.);
#2710 = FACE_BOUND('',#2711,.T.);
#2711 = EDGE_LOOP('',(#2712,#2713,#2714,#2715));
#2712 = ORIENTED_EDGE('',*,*,#2687,.F.);
#2713 = ORIENTED_EDGE('',*,*,#2551,.T.);
#2714 = ORIENTED_EDGE('',*,*,#2657,.T.);
#2715 = ORIENTED_EDGE('',*,*,#2418,.F.);
#2716 = PLANE('',#2717);
#2717 = AXIS2_PLACEMENT_3D('',#2718,#2719,#2720);
#2718 = CARTESIAN_POINT('',(2.5,20.,6.5));
#2719 = DIRECTION('',(0.,1.,0.));
#2720 = DIRECTION('',(-1.,0.,0.));
#2721 = ADVANCED_FACE('',(#2722),#2753,.T.);
#2722 = FACE_BOUND('',#2723,.T.);
#2723 = EDGE_LOOP('',(#2724,#2725,#2726,#2727,#2728,#2729,#2730,#2731,
    #2732,#2733,#2734,#2735,#2736,#2737,#2738,#2739,#2745,#2746,#2747,
    #2748,#2749,#2750,#2751,#2752));
#2724 = ORIENTED_EDGE('',*,*,#690,.T.);
#2725 = ORIENTED_EDGE('',*,*,#959,.T.);
#2726 = ORIENTED_EDGE('',*,*,#1008,.T.);
#2727 = ORIENTED_EDGE('',*,*,#1033,.T.);
#2728 = ORIENTED_EDGE('',*,*,#990,.T.);
#2729 = ORIENTED_EDGE('',*,*,#943,.T.);
#2730 = ORIENTED_EDGE('',*,*,#869,.T.);
#2731 = ORIENTED_EDGE('',*,*,#1403,.F.);
#2732 = ORIENTED_EDGE('',*,*,#2338,.F.);
#2733 = ORIENTED_EDGE('',*,*,#2314,.F.);
#2734 = ORIENTED_EDGE('',*,*,#2289,.F.);
#2735 = ORIENTED_EDGE('',*,*,#2264,.F.);
#2736 = ORIENTED_EDGE('',*,*,#2240,.F.);
#2737 = ORIENTED_EDGE('',*,*,#2216,.F.);
#2738 = ORIENTED_EDGE('',*,*,#1628,.F.);
#2739 = ORIENTED_EDGE('',*,*,#2740,.F.);
#2740 = EDGE_CURVE('',#1814,#1629,#2741,.T.);
#2741 = LINE('',#2742,#2743);
#2742 = CARTESIAN_POINT('',(2.5,18.5,2.5));
#2743 = VECTOR('',#2744,1.);
#2744 = DIRECTION('',(-1.,-0.,-0.));
#2745 = ORIENTED_EDGE('',*,*,#1813,.T.);
#2746 = ORIENTED_EDGE('',*,*,#2199,.F.);
#2747 = ORIENTED_EDGE('',*,*,#2174,.F.);
#2748 = ORIENTED_EDGE('',*,*,#1347,.F.);
#2749 = ORIENTED_EDGE('',*,*,#838,.F.);
#2750 = ORIENTED_EDGE('',*,*,#919,.T.);
#2751 = ORIENTED_EDGE('',*,*,#672,.T.);
#2752 = ORIENTED_EDGE('',*,*,#641,.T.);
#2753 = PLANE('',#2754);
#2754 = AXIS2_PLACEMENT_3D('',#2755,#2756,#2757);
#2755 = CARTESIAN_POINT('',(-0.944340788527,-0.322940070254,2.5));
#2756 = DIRECTION('',(0.,0.,1.));
#2757 = DIRECTION('',(1.,0.,0.));
#2758 = ADVANCED_FACE('',(#2759),#2773,.T.);
#2759 = FACE_BOUND('',#2760,.T.);
#2760 = EDGE_LOOP('',(#2761,#2762,#2763,#2764,#2765,#2766,#2767,#2768,
    #2769,#2770,#2771,#2772));
#2761 = ORIENTED_EDGE('',*,*,#1133,.F.);
#2762 = ORIENTED_EDGE('',*,*,#1709,.T.);
#2763 = ORIENTED_EDGE('',*,*,#2394,.T.);
#2764 = ORIENTED_EDGE('',*,*,#2434,.F.);
#2765 = ORIENTED_EDGE('',*,*,#2664,.F.);
#2766 = ORIENTED_EDGE('',*,*,#2535,.F.);
#2767 = ORIENTED_EDGE('',*,*,#2362,.T.);
#2768 = ORIENTED_EDGE('',*,*,#1748,.F.);
#2769 = ORIENTED_EDGE('',*,*,#1101,.F.);
#2770 = ORIENTED_EDGE('',*,*,#1821,.F.);
#2771 = ORIENTED_EDGE('',*,*,#2740,.T.);
#2772 = ORIENTED_EDGE('',*,*,#1646,.F.);
#2773 = PLANE('',#2774);
#2774 = AXIS2_PLACEMENT_3D('',#2775,#2776,#2777);
#2775 = CARTESIAN_POINT('',(1.928571428543,18.5,3.627551020408));
#2776 = DIRECTION('',(0.,1.,0.));
#2777 = DIRECTION('',(0.,0.,1.));
#2778 = ( GEOMETRIC_REPRESENTATION_CONTEXT(3) 
GLOBAL_UNCERTAINTY_ASSIGNED_CONTEXT((#2782)) 
GLOBAL_UNIT_ASSIGNED_CONTEXT((#2779,#2780,#2781)) REPRESENTATION_CONTEXT
('Context #1','3D Context with UNIT and UNCERTAINTY') );
#2779 = ( LENGTH_UNIT() NAMED_UNIT(*) SI_UNIT(.MILLI.,.METRE.) );
#2780 = ( NAMED_UNIT(*) PLANE_ANGLE_UNIT() SI_UNIT($,.RADIAN.) );
#2781 = ( NAMED_UNIT(*) SI_UNIT($,.STERADIAN.) SOLID_ANGLE_UNIT() );
#2782 = UNCERTAINTY_MEASURE_WITH_UNIT(LENGTH_MEASURE(5.E-06),#2779,
  'distance_accuracy_value','confusion accuracy');
#2783 = PRODUCT_RELATED_PRODUCT_CATEGORY('part',$,(#7));
#2784 = MECHANICAL_DESIGN_GEOMETRIC_PRESENTATION_REPRESENTATION('',(
    #2785),#2778);
#2785 = STYLED_ITEM('color',(#2786),#15);
#2786 = PRESENTATION_STYLE_ASSIGNMENT((#2787,#2793));
#2787 = SURFACE_STYLE_USAGE(.BOTH.,#2788);
#2788 = SURFACE_SIDE_STYLE('',(#2789));
#2789 = SURFACE_STYLE_FILL_AREA(#2790);
#2790 = FILL_AREA_STYLE('',(#2791));
#2791 = FILL_AREA_STYLE_COLOUR('',#2792);
#2792 = COLOUR_RGB('',0.678431390124,0.709803936702,0.741176476869);
#2793 = CURVE_STYLE('',#2794,POSITIVE_LENGTH_MEASURE(0.1),#2795);
#2794 = DRAUGHTING_PRE_DEFINED_CURVE_FONT('continuous');
#2795 = COLOUR_RGB('',9.803921802644E-02,9.803921802644E-02,
  9.803921802644E-02);
ENDSEC;
END-ISO-10303-21;
