ISO-10303-21;
HEADER;
FILE_DESCRIPTION(('FreeCAD Model'),'2;1');
FILE_NAME('Open CASCADE Shape Model','2026-07-19T13:48:18',(''),(''),
  'Open CASCADE STEP processor 7.8','FreeCAD','Unknown');
FILE_SCHEMA(('AUTOMOTIVE_DESIGN { 1 0 10303 214 1 1 1 1 }'));
ENDSEC;
DATA;
#1 = APPLICATION_PROTOCOL_DEFINITION('international standard',
  'automotive_design',2000,#2);
#2 = APPLICATION_CONTEXT(
  'core data for automotive mechanical design processes');
#3 = SHAPE_DEFINITION_REPRESENTATION(#4,#10);
#4 = PRODUCT_DEFINITION_SHAPE('','',#5);
#5 = PRODUCT_DEFINITION('design','',#6,#9);
#6 = PRODUCT_DEFINITION_FORMATION('','',#7);
#7 = PRODUCT('Body','Body','',(#8));
#8 = PRODUCT_CONTEXT('',#2,'mechanical');
#9 = PRODUCT_DEFINITION_CONTEXT('part definition',#2,'design');
#10 = ADVANCED_BREP_SHAPE_REPRESENTATION('',(#11,#15),#3317);
#11 = AXIS2_PLACEMENT_3D('',#12,#13,#14);
#12 = CARTESIAN_POINT('',(0.,0.,0.));
#13 = DIRECTION('',(0.,0.,1.));
#14 = DIRECTION('',(1.,0.,-0.));
#15 = MANIFOLD_SOLID_BREP('',#16);
#16 = CLOSED_SHELL('',(#17,#97,#128,#152,#176,#200,#224,#248,#571,#595,
    #612,#629,#694,#736,#794,#819,#858,#883,#922,#960,#1087,#1097,#1122,
    #1161,#1186,#1218,#1258,#1322,#1346,#1410,#1450,#1483,#1508,#1547,
    #1564,#1589,#1620,#1644,#1668,#1685,#1710,#1735,#1766,#1790,#1814,
    #1831,#1925,#1965,#1989,#2022,#2039,#2056,#2068,#2108,#2132,#2165,
    #2190,#2214,#2239,#2256,#2309,#2333,#2437,#2461,#2503,#2520,#2537,
    #2549,#2565,#2596,#2629,#2646,#2663,#2680,#2697,#2709,#2733,#2749,
    #2766,#2778,#2798,#2810,#2885,#2897,#2935,#2973,#2990,#3002,#3014,
    #3031,#3055,#3073,#3092,#3117,#3134,#3164,#3194,#3206,#3230,#3242,
    #3254,#3279,#3299));
#17 = ADVANCED_FACE('',(#18),#92,.F.);
#18 = FACE_BOUND('',#19,.F.);
#19 = EDGE_LOOP('',(#20,#30,#38,#46,#54,#62,#70,#78,#86));
#20 = ORIENTED_EDGE('',*,*,#21,.T.);
#21 = EDGE_CURVE('',#22,#24,#26,.T.);
#22 = VERTEX_POINT('',#23);
#23 = CARTESIAN_POINT('',(-3.750000000001,1.25,5.9));
#24 = VERTEX_POINT('',#25);
#25 = CARTESIAN_POINT('',(-3.750000000001,1.25,6.5));
#26 = LINE('',#27,#28);
#27 = CARTESIAN_POINT('',(-3.750000000001,1.25,1.5));
#28 = VECTOR('',#29,1.);
#29 = DIRECTION('',(0.,0.,1.));
#30 = ORIENTED_EDGE('',*,*,#31,.T.);
#31 = EDGE_CURVE('',#24,#32,#34,.T.);
#32 = VERTEX_POINT('',#33);
#33 = CARTESIAN_POINT('',(-6.000000000001,-1.,6.5));
#34 = LINE('',#35,#36);
#35 = CARTESIAN_POINT('',(-3.750000000001,1.25,6.5));
#36 = VECTOR('',#37,1.);
#37 = DIRECTION('',(-0.707106781187,-0.707106781187,0.));
#38 = ORIENTED_EDGE('',*,*,#39,.F.);
#39 = EDGE_CURVE('',#40,#32,#42,.T.);
#40 = VERTEX_POINT('',#41);
#41 = CARTESIAN_POINT('',(-6.000000000001,-1.,1.5));
#42 = LINE('',#43,#44);
#43 = CARTESIAN_POINT('',(-6.000000000001,-1.,1.5));
#44 = VECTOR('',#45,1.);
#45 = DIRECTION('',(0.,0.,1.));
#46 = ORIENTED_EDGE('',*,*,#47,.F.);
#47 = EDGE_CURVE('',#48,#40,#50,.T.);
#48 = VERTEX_POINT('',#49);
#49 = CARTESIAN_POINT('',(-3.750000000001,1.25,1.5));
#50 = LINE('',#51,#52);
#51 = CARTESIAN_POINT('',(-3.750000000001,1.25,1.5));
#52 = VECTOR('',#53,1.);
#53 = DIRECTION('',(-0.707106781187,-0.707106781187,0.));
#54 = ORIENTED_EDGE('',*,*,#55,.T.);
#55 = EDGE_CURVE('',#48,#56,#58,.T.);
#56 = VERTEX_POINT('',#57);
#57 = CARTESIAN_POINT('',(-3.750000000001,1.25,4.1));
#58 = LINE('',#59,#60);
#59 = CARTESIAN_POINT('',(-3.750000000001,1.25,1.5));
#60 = VECTOR('',#61,1.);
#61 = DIRECTION('',(0.,0.,1.));
#62 = ORIENTED_EDGE('',*,*,#63,.T.);
#63 = EDGE_CURVE('',#56,#64,#66,.T.);
#64 = VERTEX_POINT('',#65);
#65 = CARTESIAN_POINT('',(-4.600000000001,0.4,4.1));
#66 = LINE('',#67,#68);
#67 = CARTESIAN_POINT('',(-0.375000000001,4.625,4.1));
#68 = VECTOR('',#69,1.);
#69 = DIRECTION('',(-0.707106781187,-0.707106781187,0.));
#70 = ORIENTED_EDGE('',*,*,#71,.T.);
#71 = EDGE_CURVE('',#64,#72,#74,.T.);
#72 = VERTEX_POINT('',#73);
#73 = CARTESIAN_POINT('',(-4.600000000001,0.4,5.4));
#74 = LINE('',#75,#76);
#75 = CARTESIAN_POINT('',(-4.600000000001,0.4,2.8));
#76 = VECTOR('',#77,1.);
#77 = DIRECTION('',(0.,0.,1.));
#78 = ORIENTED_EDGE('',*,*,#79,.F.);
#79 = EDGE_CURVE('',#80,#72,#82,.T.);
#80 = VERTEX_POINT('',#81);
#81 = CARTESIAN_POINT('',(-4.250000000001,0.75,5.4));
#82 = LINE('',#83,#84);
#83 = CARTESIAN_POINT('',(-0.375000000001,4.625,5.4));
#84 = VECTOR('',#85,1.);
#85 = DIRECTION('',(-0.707106781187,-0.707106781187,0.));
#86 = ORIENTED_EDGE('',*,*,#87,.F.);
#87 = EDGE_CURVE('',#22,#80,#88,.T.);
#88 = LINE('',#89,#90);
#89 = CARTESIAN_POINT('',(-4.566666666667,0.433333333333,5.083333333333)
  );
#90 = VECTOR('',#91,1.);
#91 = DIRECTION('',(-0.57735026919,-0.57735026919,-0.57735026919));
#92 = PLANE('',#93);
#93 = AXIS2_PLACEMENT_3D('',#94,#95,#96);
#94 = CARTESIAN_POINT('',(-3.750000000001,1.25,1.5));
#95 = DIRECTION('',(0.707106781187,-0.707106781187,0.));
#96 = DIRECTION('',(-0.707106781187,-0.707106781187,0.));
#97 = ADVANCED_FACE('',(#98),#123,.T.);
#98 = FACE_BOUND('',#99,.T.);
#99 = EDGE_LOOP('',(#100,#110,#116,#117));
#100 = ORIENTED_EDGE('',*,*,#101,.F.);
#101 = EDGE_CURVE('',#102,#104,#106,.T.);
#102 = VERTEX_POINT('',#103);
#103 = CARTESIAN_POINT('',(8.249999999999,1.25,5.9));
#104 = VERTEX_POINT('',#105);
#105 = CARTESIAN_POINT('',(8.249999999999,1.25,6.5));
#106 = LINE('',#107,#108);
#107 = CARTESIAN_POINT('',(8.249999999999,1.25,1.5));
#108 = VECTOR('',#109,1.);
#109 = DIRECTION('',(0.,0.,1.));
#110 = ORIENTED_EDGE('',*,*,#111,.F.);
#111 = EDGE_CURVE('',#22,#102,#112,.T.);
#112 = LINE('',#113,#114);
#113 = CARTESIAN_POINT('',(-3.750000000001,1.25,5.9));
#114 = VECTOR('',#115,1.);
#115 = DIRECTION('',(1.,0.,0.));
#116 = ORIENTED_EDGE('',*,*,#21,.T.);
#117 = ORIENTED_EDGE('',*,*,#118,.T.);
#118 = EDGE_CURVE('',#24,#104,#119,.T.);
#119 = LINE('',#120,#121);
#120 = CARTESIAN_POINT('',(-3.750000000001,1.25,6.5));
#121 = VECTOR('',#122,1.);
#122 = DIRECTION('',(1.,0.,0.));
#123 = PLANE('',#124);
#124 = AXIS2_PLACEMENT_3D('',#125,#126,#127);
#125 = CARTESIAN_POINT('',(-3.750000000001,1.25,1.5));
#126 = DIRECTION('',(0.,1.,0.));
#127 = DIRECTION('',(1.,0.,0.));
#128 = ADVANCED_FACE('',(#129),#147,.F.);
#129 = FACE_BOUND('',#130,.T.);
#130 = EDGE_LOOP('',(#131,#132,#133,#141));
#131 = ORIENTED_EDGE('',*,*,#87,.F.);
#132 = ORIENTED_EDGE('',*,*,#111,.T.);
#133 = ORIENTED_EDGE('',*,*,#134,.T.);
#134 = EDGE_CURVE('',#102,#135,#137,.T.);
#135 = VERTEX_POINT('',#136);
#136 = CARTESIAN_POINT('',(8.749999999999,0.75,5.4));
#137 = LINE('',#138,#139);
#138 = CARTESIAN_POINT('',(7.816666666666,1.683333333333,6.333333333333)
  );
#139 = VECTOR('',#140,1.);
#140 = DIRECTION('',(0.57735026919,-0.57735026919,-0.57735026919));
#141 = ORIENTED_EDGE('',*,*,#142,.F.);
#142 = EDGE_CURVE('',#80,#135,#143,.T.);
#143 = LINE('',#144,#145);
#144 = CARTESIAN_POINT('',(-3.750000000001,0.75,5.4));
#145 = VECTOR('',#146,1.);
#146 = DIRECTION('',(1.,0.,0.));
#147 = PLANE('',#148);
#148 = AXIS2_PLACEMENT_3D('',#149,#150,#151);
#149 = CARTESIAN_POINT('',(-3.750000000001,1.,5.65));
#150 = DIRECTION('',(0.,-0.707106781187,0.707106781187));
#151 = DIRECTION('',(-1.,-0.,-0.));
#152 = ADVANCED_FACE('',(#153),#171,.T.);
#153 = FACE_BOUND('',#154,.T.);
#154 = EDGE_LOOP('',(#155,#156,#164,#170));
#155 = ORIENTED_EDGE('',*,*,#31,.T.);
#156 = ORIENTED_EDGE('',*,*,#157,.T.);
#157 = EDGE_CURVE('',#32,#158,#160,.T.);
#158 = VERTEX_POINT('',#159);
#159 = CARTESIAN_POINT('',(10.499999999999,-1.,6.5));
#160 = LINE('',#161,#162);
#161 = CARTESIAN_POINT('',(-6.000000000001,-1.,6.5));
#162 = VECTOR('',#163,1.);
#163 = DIRECTION('',(1.,0.,0.));
#164 = ORIENTED_EDGE('',*,*,#165,.T.);
#165 = EDGE_CURVE('',#158,#104,#166,.T.);
#166 = LINE('',#167,#168);
#167 = CARTESIAN_POINT('',(10.499999999999,-1.,6.5));
#168 = VECTOR('',#169,1.);
#169 = DIRECTION('',(-0.707106781187,0.707106781187,0.));
#170 = ORIENTED_EDGE('',*,*,#118,.F.);
#171 = PLANE('',#172);
#172 = AXIS2_PLACEMENT_3D('',#173,#174,#175);
#173 = CARTESIAN_POINT('',(-0.146132609123,9.5,6.5));
#174 = DIRECTION('',(0.,0.,1.));
#175 = DIRECTION('',(1.,0.,0.));
#176 = ADVANCED_FACE('',(#177),#195,.F.);
#177 = FACE_BOUND('',#178,.F.);
#178 = EDGE_LOOP('',(#179,#180,#188,#194));
#179 = ORIENTED_EDGE('',*,*,#79,.T.);
#180 = ORIENTED_EDGE('',*,*,#181,.T.);
#181 = EDGE_CURVE('',#72,#182,#184,.T.);
#182 = VERTEX_POINT('',#183);
#183 = CARTESIAN_POINT('',(9.099999999999,0.4,5.4));
#184 = LINE('',#185,#186);
#185 = CARTESIAN_POINT('',(-7.5,0.4,5.4));
#186 = VECTOR('',#187,1.);
#187 = DIRECTION('',(1.,0.,0.));
#188 = ORIENTED_EDGE('',*,*,#189,.T.);
#189 = EDGE_CURVE('',#182,#135,#190,.T.);
#190 = LINE('',#191,#192);
#191 = CARTESIAN_POINT('',(5.624999999999,3.875,5.4));
#192 = VECTOR('',#193,1.);
#193 = DIRECTION('',(-0.707106781187,0.707106781187,0.));
#194 = ORIENTED_EDGE('',*,*,#142,.F.);
#195 = PLANE('',#196);
#196 = AXIS2_PLACEMENT_3D('',#197,#198,#199);
#197 = CARTESIAN_POINT('',(1.5,9.5,5.4));
#198 = DIRECTION('',(0.,0.,1.));
#199 = DIRECTION('',(1.,0.,0.));
#200 = ADVANCED_FACE('',(#201),#219,.F.);
#201 = FACE_BOUND('',#202,.F.);
#202 = EDGE_LOOP('',(#203,#204,#205,#213));
#203 = ORIENTED_EDGE('',*,*,#39,.T.);
#204 = ORIENTED_EDGE('',*,*,#157,.T.);
#205 = ORIENTED_EDGE('',*,*,#206,.F.);
#206 = EDGE_CURVE('',#207,#158,#209,.T.);
#207 = VERTEX_POINT('',#208);
#208 = CARTESIAN_POINT('',(10.499999999999,-1.,1.5));
#209 = LINE('',#210,#211);
#210 = CARTESIAN_POINT('',(10.499999999999,-1.,1.5));
#211 = VECTOR('',#212,1.);
#212 = DIRECTION('',(0.,0.,1.));
#213 = ORIENTED_EDGE('',*,*,#214,.F.);
#214 = EDGE_CURVE('',#40,#207,#215,.T.);
#215 = LINE('',#216,#217);
#216 = CARTESIAN_POINT('',(-6.000000000001,-1.,1.5));
#217 = VECTOR('',#218,1.);
#218 = DIRECTION('',(1.,0.,0.));
#219 = PLANE('',#220);
#220 = AXIS2_PLACEMENT_3D('',#221,#222,#223);
#221 = CARTESIAN_POINT('',(-6.000000000001,-1.,1.5));
#222 = DIRECTION('',(0.,1.,0.));
#223 = DIRECTION('',(1.,0.,0.));
#224 = ADVANCED_FACE('',(#225),#243,.T.);
#225 = FACE_BOUND('',#226,.T.);
#226 = EDGE_LOOP('',(#227,#235,#236,#237));
#227 = ORIENTED_EDGE('',*,*,#228,.F.);
#228 = EDGE_CURVE('',#64,#229,#231,.T.);
#229 = VERTEX_POINT('',#230);
#230 = CARTESIAN_POINT('',(9.099999999999,0.4,4.1));
#231 = LINE('',#232,#233);
#232 = CARTESIAN_POINT('',(-7.5,0.4,4.1));
#233 = VECTOR('',#234,1.);
#234 = DIRECTION('',(1.,0.,0.));
#235 = ORIENTED_EDGE('',*,*,#71,.T.);
#236 = ORIENTED_EDGE('',*,*,#181,.T.);
#237 = ORIENTED_EDGE('',*,*,#238,.T.);
#238 = EDGE_CURVE('',#182,#229,#239,.T.);
#239 = LINE('',#240,#241);
#240 = CARTESIAN_POINT('',(9.099999999999,0.4,2.8));
#241 = VECTOR('',#242,1.);
#242 = DIRECTION('',(0.,0.,-1.));
#243 = PLANE('',#244);
#244 = AXIS2_PLACEMENT_3D('',#245,#246,#247);
#245 = CARTESIAN_POINT('',(-7.5,0.4,4.1));
#246 = DIRECTION('',(0.,1.,0.));
#247 = DIRECTION('',(1.,0.,0.));
#248 = ADVANCED_FACE('',(#249,#447,#458,#492,#503,#514,#548),#566,.T.);
#249 = FACE_BOUND('',#250,.T.);
#250 = EDGE_LOOP('',(#251,#261,#269,#278,#286,#294,#302,#310,#318,#326,
    #334,#342,#350,#359,#367,#375,#383,#391,#399,#408,#416,#425,#433,
    #441));
#251 = ORIENTED_EDGE('',*,*,#252,.F.);
#252 = EDGE_CURVE('',#253,#255,#257,.T.);
#253 = VERTEX_POINT('',#254);
#254 = CARTESIAN_POINT('',(13.599999999999,14.5,1.5));
#255 = VERTEX_POINT('',#256);
#256 = CARTESIAN_POINT('',(6.999999999999,14.5,1.5));
#257 = LINE('',#258,#259);
#258 = CARTESIAN_POINT('',(7.75,14.5,1.5));
#259 = VECTOR('',#260,1.);
#260 = DIRECTION('',(-1.,0.,0.));
#261 = ORIENTED_EDGE('',*,*,#262,.T.);
#262 = EDGE_CURVE('',#253,#263,#265,.T.);
#263 = VERTEX_POINT('',#264);
#264 = CARTESIAN_POINT('',(13.599999999999,21.,1.5));
#265 = LINE('',#266,#267);
#266 = CARTESIAN_POINT('',(13.599999999999,-21.,1.5));
#267 = VECTOR('',#268,1.);
#268 = DIRECTION('',(0.,1.,0.));
#269 = ORIENTED_EDGE('',*,*,#270,.T.);
#270 = EDGE_CURVE('',#263,#271,#273,.T.);
#271 = VERTEX_POINT('',#272);
#272 = CARTESIAN_POINT('',(13.499999999999,21.1,1.5));
#273 = CIRCLE('',#274,0.1);
#274 = AXIS2_PLACEMENT_3D('',#275,#276,#277);
#275 = CARTESIAN_POINT('',(13.499999999999,21.,1.5));
#276 = DIRECTION('',(0.,0.,1.));
#277 = DIRECTION('',(1.,0.,0.));
#278 = ORIENTED_EDGE('',*,*,#279,.T.);
#279 = EDGE_CURVE('',#271,#280,#282,.T.);
#280 = VERTEX_POINT('',#281);
#281 = CARTESIAN_POINT('',(2.5,21.1,1.5));
#282 = LINE('',#283,#284);
#283 = CARTESIAN_POINT('',(13.499999999999,21.1,1.5));
#284 = VECTOR('',#285,1.);
#285 = DIRECTION('',(-1.,0.,0.));
#286 = ORIENTED_EDGE('',*,*,#287,.F.);
#287 = EDGE_CURVE('',#288,#280,#290,.T.);
#288 = VERTEX_POINT('',#289);
#289 = CARTESIAN_POINT('',(2.5,20.,1.5));
#290 = LINE('',#291,#292);
#291 = CARTESIAN_POINT('',(2.5,9.5,1.5));
#292 = VECTOR('',#293,1.);
#293 = DIRECTION('',(0.,1.,0.));
#294 = ORIENTED_EDGE('',*,*,#295,.T.);
#295 = EDGE_CURVE('',#288,#296,#298,.T.);
#296 = VERTEX_POINT('',#297);
#297 = CARTESIAN_POINT('',(10.499999999999,20.,1.5));
#298 = LINE('',#299,#300);
#299 = CARTESIAN_POINT('',(-6.000000000001,20.,1.5));
#300 = VECTOR('',#301,1.);
#301 = DIRECTION('',(1.,0.,0.));
#302 = ORIENTED_EDGE('',*,*,#303,.T.);
#303 = EDGE_CURVE('',#296,#304,#306,.T.);
#304 = VERTEX_POINT('',#305);
#305 = CARTESIAN_POINT('',(8.249999999999,17.75,1.5));
#306 = LINE('',#307,#308);
#307 = CARTESIAN_POINT('',(10.499999999999,20.,1.5));
#308 = VECTOR('',#309,1.);
#309 = DIRECTION('',(-0.707106781187,-0.707106781187,0.));
#310 = ORIENTED_EDGE('',*,*,#311,.F.);
#311 = EDGE_CURVE('',#312,#304,#314,.T.);
#312 = VERTEX_POINT('',#313);
#313 = CARTESIAN_POINT('',(-3.750000000001,17.75,1.5));
#314 = LINE('',#315,#316);
#315 = CARTESIAN_POINT('',(-3.750000000001,17.75,1.5));
#316 = VECTOR('',#317,1.);
#317 = DIRECTION('',(1.,0.,0.));
#318 = ORIENTED_EDGE('',*,*,#319,.T.);
#319 = EDGE_CURVE('',#312,#320,#322,.T.);
#320 = VERTEX_POINT('',#321);
#321 = CARTESIAN_POINT('',(-6.000000000001,20.,1.5));
#322 = LINE('',#323,#324);
#323 = CARTESIAN_POINT('',(-3.750000000001,17.75,1.5));
#324 = VECTOR('',#325,1.);
#325 = DIRECTION('',(-0.707106781187,0.707106781187,0.));
#326 = ORIENTED_EDGE('',*,*,#327,.T.);
#327 = EDGE_CURVE('',#320,#328,#330,.T.);
#328 = VERTEX_POINT('',#329);
#329 = CARTESIAN_POINT('',(-2.5,20.,1.5));
#330 = LINE('',#331,#332);
#331 = CARTESIAN_POINT('',(-6.000000000001,20.,1.5));
#332 = VECTOR('',#333,1.);
#333 = DIRECTION('',(1.,0.,0.));
#334 = ORIENTED_EDGE('',*,*,#335,.F.);
#335 = EDGE_CURVE('',#336,#328,#338,.T.);
#336 = VERTEX_POINT('',#337);
#337 = CARTESIAN_POINT('',(-2.5,21.1,1.5));
#338 = LINE('',#339,#340);
#339 = CARTESIAN_POINT('',(-2.5,10.75,1.5));
#340 = VECTOR('',#341,1.);
#341 = DIRECTION('',(0.,-1.,0.));
#342 = ORIENTED_EDGE('',*,*,#343,.T.);
#343 = EDGE_CURVE('',#336,#344,#346,.T.);
#344 = VERTEX_POINT('',#345);
#345 = CARTESIAN_POINT('',(-13.49999999999,21.1,1.5));
#346 = LINE('',#347,#348);
#347 = CARTESIAN_POINT('',(13.499999999999,21.1,1.5));
#348 = VECTOR('',#349,1.);
#349 = DIRECTION('',(-1.,0.,0.));
#350 = ORIENTED_EDGE('',*,*,#351,.T.);
#351 = EDGE_CURVE('',#344,#352,#354,.T.);
#352 = VERTEX_POINT('',#353);
#353 = CARTESIAN_POINT('',(-13.59999999999,21.,1.5));
#354 = CIRCLE('',#355,0.1);
#355 = AXIS2_PLACEMENT_3D('',#356,#357,#358);
#356 = CARTESIAN_POINT('',(-13.49999999999,21.,1.5));
#357 = DIRECTION('',(0.,-0.,1.));
#358 = DIRECTION('',(3.553E-14,1.,0.));
#359 = ORIENTED_EDGE('',*,*,#360,.T.);
#360 = EDGE_CURVE('',#352,#361,#363,.T.);
#361 = VERTEX_POINT('',#362);
#362 = CARTESIAN_POINT('',(-13.59999999999,-18.83667504192,1.5));
#363 = LINE('',#364,#365);
#364 = CARTESIAN_POINT('',(-13.59999999999,21.,1.5));
#365 = VECTOR('',#366,1.);
#366 = DIRECTION('',(0.,-1.,0.));
#367 = ORIENTED_EDGE('',*,*,#368,.F.);
#368 = EDGE_CURVE('',#369,#361,#371,.T.);
#369 = VERTEX_POINT('',#370);
#370 = CARTESIAN_POINT('',(-11.49999999999,-18.83667504192,1.5));
#371 = LINE('',#372,#373);
#372 = CARTESIAN_POINT('',(-15.49999999999,-18.83667504192,1.5));
#373 = VECTOR('',#374,1.);
#374 = DIRECTION('',(-1.,0.,0.));
#375 = ORIENTED_EDGE('',*,*,#376,.F.);
#376 = EDGE_CURVE('',#377,#369,#379,.T.);
#377 = VERTEX_POINT('',#378);
#378 = CARTESIAN_POINT('',(-11.49999999999,-20.16332495807,1.5));
#379 = LINE('',#380,#381);
#380 = CARTESIAN_POINT('',(-11.49999999999,-9.75,1.5));
#381 = VECTOR('',#382,1.);
#382 = DIRECTION('',(0.,1.,0.));
#383 = ORIENTED_EDGE('',*,*,#384,.T.);
#384 = EDGE_CURVE('',#377,#385,#387,.T.);
#385 = VERTEX_POINT('',#386);
#386 = CARTESIAN_POINT('',(-13.59999999999,-20.16332495807,1.5));
#387 = LINE('',#388,#389);
#388 = CARTESIAN_POINT('',(-15.49999999999,-20.16332495807,1.5));
#389 = VECTOR('',#390,1.);
#390 = DIRECTION('',(-1.,0.,0.));
#391 = ORIENTED_EDGE('',*,*,#392,.T.);
#392 = EDGE_CURVE('',#385,#393,#395,.T.);
#393 = VERTEX_POINT('',#394);
#394 = CARTESIAN_POINT('',(-13.59999999999,-21.,1.5));
#395 = LINE('',#396,#397);
#396 = CARTESIAN_POINT('',(-13.59999999999,21.,1.5));
#397 = VECTOR('',#398,1.);
#398 = DIRECTION('',(0.,-1.,0.));
#399 = ORIENTED_EDGE('',*,*,#400,.T.);
#400 = EDGE_CURVE('',#393,#401,#403,.T.);
#401 = VERTEX_POINT('',#402);
#402 = CARTESIAN_POINT('',(-13.49999999999,-21.1,1.5));
#403 = CIRCLE('',#404,0.1);
#404 = AXIS2_PLACEMENT_3D('',#405,#406,#407);
#405 = CARTESIAN_POINT('',(-13.49999999999,-21.,1.5));
#406 = DIRECTION('',(0.,0.,1.));
#407 = DIRECTION('',(-1.,0.,0.));
#408 = ORIENTED_EDGE('',*,*,#409,.T.);
#409 = EDGE_CURVE('',#401,#410,#412,.T.);
#410 = VERTEX_POINT('',#411);
#411 = CARTESIAN_POINT('',(13.499999999999,-21.1,1.5));
#412 = LINE('',#413,#414);
#413 = CARTESIAN_POINT('',(-13.49999999999,-21.1,1.5));
#414 = VECTOR('',#415,1.);
#415 = DIRECTION('',(1.,0.,0.));
#416 = ORIENTED_EDGE('',*,*,#417,.T.);
#417 = EDGE_CURVE('',#410,#418,#420,.T.);
#418 = VERTEX_POINT('',#419);
#419 = CARTESIAN_POINT('',(13.599999999999,-21.,1.5));
#420 = CIRCLE('',#421,0.1);
#421 = AXIS2_PLACEMENT_3D('',#422,#423,#424);
#422 = CARTESIAN_POINT('',(13.499999999999,-21.,1.5));
#423 = DIRECTION('',(0.,0.,1.));
#424 = DIRECTION('',(-3.553E-14,-1.,0.));
#425 = ORIENTED_EDGE('',*,*,#426,.T.);
#426 = EDGE_CURVE('',#418,#427,#429,.T.);
#427 = VERTEX_POINT('',#428);
#428 = CARTESIAN_POINT('',(13.599999999999,4.5,1.5));
#429 = LINE('',#430,#431);
#430 = CARTESIAN_POINT('',(13.599999999999,-21.,1.5));
#431 = VECTOR('',#432,1.);
#432 = DIRECTION('',(0.,1.,0.));
#433 = ORIENTED_EDGE('',*,*,#434,.F.);
#434 = EDGE_CURVE('',#435,#427,#437,.T.);
#435 = VERTEX_POINT('',#436);
#436 = CARTESIAN_POINT('',(6.999999999999,4.5,1.5));
#437 = LINE('',#438,#439);
#438 = CARTESIAN_POINT('',(7.75,4.5,1.5));
#439 = VECTOR('',#440,1.);
#440 = DIRECTION('',(1.,0.,0.));
#441 = ORIENTED_EDGE('',*,*,#442,.T.);
#442 = EDGE_CURVE('',#435,#255,#443,.T.);
#443 = LINE('',#444,#445);
#444 = CARTESIAN_POINT('',(6.999999999999,4.75,1.5));
#445 = VECTOR('',#446,1.);
#446 = DIRECTION('',(0.,1.,0.));
#447 = FACE_BOUND('',#448,.T.);
#448 = EDGE_LOOP('',(#449));
#449 = ORIENTED_EDGE('',*,*,#450,.T.);
#450 = EDGE_CURVE('',#451,#451,#453,.T.);
#451 = VERTEX_POINT('',#452);
#452 = CARTESIAN_POINT('',(4.5,-16.5,1.5));
#453 = CIRCLE('',#454,4.5);
#454 = AXIS2_PLACEMENT_3D('',#455,#456,#457);
#455 = CARTESIAN_POINT('',(0.,-16.5,1.5));
#456 = DIRECTION('',(0.,0.,-1.));
#457 = DIRECTION('',(1.,0.,0.));
#458 = FACE_BOUND('',#459,.T.);
#459 = EDGE_LOOP('',(#460,#470,#478,#486));
#460 = ORIENTED_EDGE('',*,*,#461,.T.);
#461 = EDGE_CURVE('',#462,#464,#466,.T.);
#462 = VERTEX_POINT('',#463);
#463 = CARTESIAN_POINT('',(-7.500000000001,-1.,1.5));
#464 = VERTEX_POINT('',#465);
#465 = CARTESIAN_POINT('',(-9.500000000001,-1.,1.5));
#466 = LINE('',#467,#468);
#467 = CARTESIAN_POINT('',(-7.500000000001,-1.,1.5));
#468 = VECTOR('',#469,1.);
#469 = DIRECTION('',(-1.,0.,0.));
#470 = ORIENTED_EDGE('',*,*,#471,.T.);
#471 = EDGE_CURVE('',#464,#472,#474,.T.);
#472 = VERTEX_POINT('',#473);
#473 = CARTESIAN_POINT('',(-9.500000000001,2.,1.5));
#474 = LINE('',#475,#476);
#475 = CARTESIAN_POINT('',(-9.500000000001,-1.,1.5));
#476 = VECTOR('',#477,1.);
#477 = DIRECTION('',(0.,1.,0.));
#478 = ORIENTED_EDGE('',*,*,#479,.T.);
#479 = EDGE_CURVE('',#472,#480,#482,.T.);
#480 = VERTEX_POINT('',#481);
#481 = CARTESIAN_POINT('',(-7.500000000001,2.,1.5));
#482 = LINE('',#483,#484);
#483 = CARTESIAN_POINT('',(-9.500000000001,2.,1.5));
#484 = VECTOR('',#485,1.);
#485 = DIRECTION('',(1.,0.,0.));
#486 = ORIENTED_EDGE('',*,*,#487,.T.);
#487 = EDGE_CURVE('',#480,#462,#488,.T.);
#488 = LINE('',#489,#490);
#489 = CARTESIAN_POINT('',(-7.500000000001,2.,1.5));
#490 = VECTOR('',#491,1.);
#491 = DIRECTION('',(0.,-1.,0.));
#492 = FACE_BOUND('',#493,.T.);
#493 = EDGE_LOOP('',(#494));
#494 = ORIENTED_EDGE('',*,*,#495,.T.);
#495 = EDGE_CURVE('',#496,#496,#498,.T.);
#496 = VERTEX_POINT('',#497);
#497 = CARTESIAN_POINT('',(-3.75,5.,1.5));
#498 = CIRCLE('',#499,2.25);
#499 = AXIS2_PLACEMENT_3D('',#500,#501,#502);
#500 = CARTESIAN_POINT('',(-6.,5.,1.5));
#501 = DIRECTION('',(0.,0.,-1.));
#502 = DIRECTION('',(1.,0.,0.));
#503 = FACE_BOUND('',#504,.T.);
#504 = EDGE_LOOP('',(#505));
#505 = ORIENTED_EDGE('',*,*,#506,.T.);
#506 = EDGE_CURVE('',#507,#507,#509,.T.);
#507 = VERTEX_POINT('',#508);
#508 = CARTESIAN_POINT('',(-8.250000000001,14.,1.5));
#509 = CIRCLE('',#510,2.25);
#510 = AXIS2_PLACEMENT_3D('',#511,#512,#513);
#511 = CARTESIAN_POINT('',(-10.5,14.,1.5));
#512 = DIRECTION('',(0.,0.,-1.));
#513 = DIRECTION('',(1.,0.,0.));
#514 = FACE_BOUND('',#515,.T.);
#515 = EDGE_LOOP('',(#516,#526,#534,#542));
#516 = ORIENTED_EDGE('',*,*,#517,.F.);
#517 = EDGE_CURVE('',#518,#520,#522,.T.);
#518 = VERTEX_POINT('',#519);
#519 = CARTESIAN_POINT('',(-9.500000000001,20.,1.5));
#520 = VERTEX_POINT('',#521);
#521 = CARTESIAN_POINT('',(-9.500000000001,17.,1.5));
#522 = LINE('',#523,#524);
#523 = CARTESIAN_POINT('',(-9.500000000001,20.,1.5));
#524 = VECTOR('',#525,1.);
#525 = DIRECTION('',(0.,-1.,0.));
#526 = ORIENTED_EDGE('',*,*,#527,.F.);
#527 = EDGE_CURVE('',#528,#518,#530,.T.);
#528 = VERTEX_POINT('',#529);
#529 = CARTESIAN_POINT('',(-7.500000000001,20.,1.5));
#530 = LINE('',#531,#532);
#531 = CARTESIAN_POINT('',(-7.500000000001,20.,1.5));
#532 = VECTOR('',#533,1.);
#533 = DIRECTION('',(-1.,0.,0.));
#534 = ORIENTED_EDGE('',*,*,#535,.F.);
#535 = EDGE_CURVE('',#536,#528,#538,.T.);
#536 = VERTEX_POINT('',#537);
#537 = CARTESIAN_POINT('',(-7.500000000001,17.,1.5));
#538 = LINE('',#539,#540);
#539 = CARTESIAN_POINT('',(-7.500000000001,17.,1.5));
#540 = VECTOR('',#541,1.);
#541 = DIRECTION('',(0.,1.,0.));
#542 = ORIENTED_EDGE('',*,*,#543,.F.);
#543 = EDGE_CURVE('',#520,#536,#544,.T.);
#544 = LINE('',#545,#546);
#545 = CARTESIAN_POINT('',(-9.500000000001,17.,1.5));
#546 = VECTOR('',#547,1.);
#547 = DIRECTION('',(1.,0.,0.));
#548 = FACE_BOUND('',#549,.T.);
#549 = EDGE_LOOP('',(#550,#551,#559,#565));
#550 = ORIENTED_EDGE('',*,*,#47,.F.);
#551 = ORIENTED_EDGE('',*,*,#552,.T.);
#552 = EDGE_CURVE('',#48,#553,#555,.T.);
#553 = VERTEX_POINT('',#554);
#554 = CARTESIAN_POINT('',(8.249999999999,1.25,1.5));
#555 = LINE('',#556,#557);
#556 = CARTESIAN_POINT('',(-3.750000000001,1.25,1.5));
#557 = VECTOR('',#558,1.);
#558 = DIRECTION('',(1.,0.,0.));
#559 = ORIENTED_EDGE('',*,*,#560,.F.);
#560 = EDGE_CURVE('',#207,#553,#561,.T.);
#561 = LINE('',#562,#563);
#562 = CARTESIAN_POINT('',(10.499999999999,-1.,1.5));
#563 = VECTOR('',#564,1.);
#564 = DIRECTION('',(-0.707106781187,0.707106781187,0.));
#565 = ORIENTED_EDGE('',*,*,#214,.F.);
#566 = PLANE('',#567);
#567 = AXIS2_PLACEMENT_3D('',#568,#569,#570);
#568 = CARTESIAN_POINT('',(1.7E-16,1.52E-15,1.5));
#569 = DIRECTION('',(0.,0.,1.));
#570 = DIRECTION('',(1.,0.,0.));
#571 = ADVANCED_FACE('',(#572),#590,.T.);
#572 = FACE_BOUND('',#573,.T.);
#573 = EDGE_LOOP('',(#574,#575,#576,#584));
#574 = ORIENTED_EDGE('',*,*,#63,.T.);
#575 = ORIENTED_EDGE('',*,*,#228,.T.);
#576 = ORIENTED_EDGE('',*,*,#577,.T.);
#577 = EDGE_CURVE('',#229,#578,#580,.T.);
#578 = VERTEX_POINT('',#579);
#579 = CARTESIAN_POINT('',(8.249999999999,1.25,4.1));
#580 = LINE('',#581,#582);
#581 = CARTESIAN_POINT('',(5.624999999999,3.875,4.1));
#582 = VECTOR('',#583,1.);
#583 = DIRECTION('',(-0.707106781187,0.707106781187,0.));
#584 = ORIENTED_EDGE('',*,*,#585,.F.);
#585 = EDGE_CURVE('',#56,#578,#586,.T.);
#586 = LINE('',#587,#588);
#587 = CARTESIAN_POINT('',(-1.125,1.25,4.1));
#588 = VECTOR('',#589,1.);
#589 = DIRECTION('',(1.,0.,0.));
#590 = PLANE('',#591);
#591 = AXIS2_PLACEMENT_3D('',#592,#593,#594);
#592 = CARTESIAN_POINT('',(1.5,9.5,4.1));
#593 = DIRECTION('',(0.,0.,1.));
#594 = DIRECTION('',(1.,0.,0.));
#595 = ADVANCED_FACE('',(#596),#607,.T.);
#596 = FACE_BOUND('',#597,.T.);
#597 = EDGE_LOOP('',(#598,#599,#600,#601));
#598 = ORIENTED_EDGE('',*,*,#552,.F.);
#599 = ORIENTED_EDGE('',*,*,#55,.T.);
#600 = ORIENTED_EDGE('',*,*,#585,.T.);
#601 = ORIENTED_EDGE('',*,*,#602,.F.);
#602 = EDGE_CURVE('',#553,#578,#603,.T.);
#603 = LINE('',#604,#605);
#604 = CARTESIAN_POINT('',(8.249999999999,1.25,1.5));
#605 = VECTOR('',#606,1.);
#606 = DIRECTION('',(0.,0.,1.));
#607 = PLANE('',#608);
#608 = AXIS2_PLACEMENT_3D('',#609,#610,#611);
#609 = CARTESIAN_POINT('',(-3.750000000001,1.25,1.5));
#610 = DIRECTION('',(0.,1.,0.));
#611 = DIRECTION('',(1.,0.,0.));
#612 = ADVANCED_FACE('',(#613),#624,.F.);
#613 = FACE_BOUND('',#614,.F.);
#614 = EDGE_LOOP('',(#615,#616,#617,#618,#619,#620,#621,#622,#623));
#615 = ORIENTED_EDGE('',*,*,#189,.F.);
#616 = ORIENTED_EDGE('',*,*,#238,.T.);
#617 = ORIENTED_EDGE('',*,*,#577,.T.);
#618 = ORIENTED_EDGE('',*,*,#602,.F.);
#619 = ORIENTED_EDGE('',*,*,#560,.F.);
#620 = ORIENTED_EDGE('',*,*,#206,.T.);
#621 = ORIENTED_EDGE('',*,*,#165,.T.);
#622 = ORIENTED_EDGE('',*,*,#101,.F.);
#623 = ORIENTED_EDGE('',*,*,#134,.T.);
#624 = PLANE('',#625);
#625 = AXIS2_PLACEMENT_3D('',#626,#627,#628);
#626 = CARTESIAN_POINT('',(10.499999999999,-1.,1.5));
#627 = DIRECTION('',(-0.707106781187,-0.707106781187,0.));
#628 = DIRECTION('',(-0.707106781187,0.707106781187,0.));
#629 = ADVANCED_FACE('',(#630),#689,.F.);
#630 = FACE_BOUND('',#631,.F.);
#631 = EDGE_LOOP('',(#632,#643,#651,#657,#658,#667,#675,#683));
#632 = ORIENTED_EDGE('',*,*,#633,.T.);
#633 = EDGE_CURVE('',#634,#636,#638,.T.);
#634 = VERTEX_POINT('',#635);
#635 = CARTESIAN_POINT('',(15.499999999999,14.5,1.9));
#636 = VERTEX_POINT('',#637);
#637 = CARTESIAN_POINT('',(15.366352173265,14.5,1.2));
#638 = CIRCLE('',#639,1.9);
#639 = AXIS2_PLACEMENT_3D('',#640,#641,#642);
#640 = CARTESIAN_POINT('',(13.599999999999,14.5,1.9));
#641 = DIRECTION('',(-0.,1.,0.));
#642 = DIRECTION('',(1.,0.,0.));
#643 = ORIENTED_EDGE('',*,*,#644,.T.);
#644 = EDGE_CURVE('',#636,#645,#647,.T.);
#645 = VERTEX_POINT('',#646);
#646 = CARTESIAN_POINT('',(6.999999999999,14.5,1.2));
#647 = LINE('',#648,#649);
#648 = CARTESIAN_POINT('',(15.073091986265,14.5,1.2));
#649 = VECTOR('',#650,1.);
#650 = DIRECTION('',(-1.,-0.,-0.));
#651 = ORIENTED_EDGE('',*,*,#652,.T.);
#652 = EDGE_CURVE('',#645,#255,#653,.T.);
#653 = LINE('',#654,#655);
#654 = CARTESIAN_POINT('',(6.999999999999,14.5,0.7));
#655 = VECTOR('',#656,1.);
#656 = DIRECTION('',(0.,0.,1.));
#657 = ORIENTED_EDGE('',*,*,#252,.F.);
#658 = ORIENTED_EDGE('',*,*,#659,.F.);
#659 = EDGE_CURVE('',#660,#253,#662,.T.);
#660 = VERTEX_POINT('',#661);
#661 = CARTESIAN_POINT('',(13.999999999999,14.5,1.9));
#662 = CIRCLE('',#663,0.4);
#663 = AXIS2_PLACEMENT_3D('',#664,#665,#666);
#664 = CARTESIAN_POINT('',(13.599999999999,14.5,1.9));
#665 = DIRECTION('',(-0.,1.,0.));
#666 = DIRECTION('',(1.,0.,0.));
#667 = ORIENTED_EDGE('',*,*,#668,.F.);
#668 = EDGE_CURVE('',#669,#660,#671,.T.);
#669 = VERTEX_POINT('',#670);
#670 = CARTESIAN_POINT('',(13.999999999999,14.5,2.));
#671 = LINE('',#672,#673);
#672 = CARTESIAN_POINT('',(13.999999999999,14.5,0.35));
#673 = VECTOR('',#674,1.);
#674 = DIRECTION('',(0.,0.,-1.));
#675 = ORIENTED_EDGE('',*,*,#676,.F.);
#676 = EDGE_CURVE('',#677,#669,#679,.T.);
#677 = VERTEX_POINT('',#678);
#678 = CARTESIAN_POINT('',(15.499999999999,14.5,2.));
#679 = LINE('',#680,#681);
#680 = CARTESIAN_POINT('',(15.499999999999,14.5,2.));
#681 = VECTOR('',#682,1.);
#682 = DIRECTION('',(-1.,0.,0.));
#683 = ORIENTED_EDGE('',*,*,#684,.F.);
#684 = EDGE_CURVE('',#634,#677,#685,.T.);
#685 = LINE('',#686,#687);
#686 = CARTESIAN_POINT('',(15.499999999999,14.5,0.7));
#687 = VECTOR('',#688,1.);
#688 = DIRECTION('',(0.,0.,1.));
#689 = PLANE('',#690);
#690 = AXIS2_PLACEMENT_3D('',#691,#692,#693);
#691 = CARTESIAN_POINT('',(15.499999999999,14.5,0.7));
#692 = DIRECTION('',(0.,1.,0.));
#693 = DIRECTION('',(0.,0.,1.));
#694 = ADVANCED_FACE('',(#695),#731,.T.);
#695 = FACE_BOUND('',#696,.T.);
#696 = EDGE_LOOP('',(#697,#707,#714,#715,#716,#724));
#697 = ORIENTED_EDGE('',*,*,#698,.T.);
#698 = EDGE_CURVE('',#699,#701,#703,.T.);
#699 = VERTEX_POINT('',#700);
#700 = CARTESIAN_POINT('',(6.999999999999,5.,0.7));
#701 = VERTEX_POINT('',#702);
#702 = CARTESIAN_POINT('',(6.999999999999,14.,0.7));
#703 = LINE('',#704,#705);
#704 = CARTESIAN_POINT('',(6.999999999999,4.5,0.7));
#705 = VECTOR('',#706,1.);
#706 = DIRECTION('',(0.,1.,0.));
#707 = ORIENTED_EDGE('',*,*,#708,.T.);
#708 = EDGE_CURVE('',#701,#645,#709,.T.);
#709 = CIRCLE('',#710,0.5);
#710 = AXIS2_PLACEMENT_3D('',#711,#712,#713);
#711 = CARTESIAN_POINT('',(6.999999999999,14.,1.2));
#712 = DIRECTION('',(1.,-0.,0.));
#713 = DIRECTION('',(0.,0.,-1.));
#714 = ORIENTED_EDGE('',*,*,#652,.T.);
#715 = ORIENTED_EDGE('',*,*,#442,.F.);
#716 = ORIENTED_EDGE('',*,*,#717,.T.);
#717 = EDGE_CURVE('',#435,#718,#720,.T.);
#718 = VERTEX_POINT('',#719);
#719 = CARTESIAN_POINT('',(6.999999999999,4.5,1.2));
#720 = LINE('',#721,#722);
#721 = CARTESIAN_POINT('',(6.999999999999,4.5,2.5));
#722 = VECTOR('',#723,1.);
#723 = DIRECTION('',(0.,0.,-1.));
#724 = ORIENTED_EDGE('',*,*,#725,.T.);
#725 = EDGE_CURVE('',#718,#699,#726,.T.);
#726 = CIRCLE('',#727,0.5);
#727 = AXIS2_PLACEMENT_3D('',#728,#729,#730);
#728 = CARTESIAN_POINT('',(6.999999999999,5.,1.2));
#729 = DIRECTION('',(1.,-0.,0.));
#730 = DIRECTION('',(0.,0.,-1.));
#731 = PLANE('',#732);
#732 = AXIS2_PLACEMENT_3D('',#733,#734,#735);
#733 = CARTESIAN_POINT('',(6.999999999999,9.5,1.6));
#734 = DIRECTION('',(1.,0.,0.));
#735 = DIRECTION('',(0.,0.,1.));
#736 = ADVANCED_FACE('',(#737),#789,.F.);
#737 = FACE_BOUND('',#738,.F.);
#738 = EDGE_LOOP('',(#739,#747,#756,#764,#772,#780,#787,#788));
#739 = ORIENTED_EDGE('',*,*,#740,.F.);
#740 = EDGE_CURVE('',#741,#718,#743,.T.);
#741 = VERTEX_POINT('',#742);
#742 = CARTESIAN_POINT('',(15.366352173265,4.5,1.2));
#743 = LINE('',#744,#745);
#744 = CARTESIAN_POINT('',(15.073091986265,4.5,1.2));
#745 = VECTOR('',#746,1.);
#746 = DIRECTION('',(-1.,-0.,-0.));
#747 = ORIENTED_EDGE('',*,*,#748,.F.);
#748 = EDGE_CURVE('',#749,#741,#751,.T.);
#749 = VERTEX_POINT('',#750);
#750 = CARTESIAN_POINT('',(15.499999999999,4.5,1.9));
#751 = CIRCLE('',#752,1.9);
#752 = AXIS2_PLACEMENT_3D('',#753,#754,#755);
#753 = CARTESIAN_POINT('',(13.599999999999,4.5,1.9));
#754 = DIRECTION('',(-0.,1.,0.));
#755 = DIRECTION('',(1.,0.,0.));
#756 = ORIENTED_EDGE('',*,*,#757,.F.);
#757 = EDGE_CURVE('',#758,#749,#760,.T.);
#758 = VERTEX_POINT('',#759);
#759 = CARTESIAN_POINT('',(15.499999999999,4.5,2.));
#760 = LINE('',#761,#762);
#761 = CARTESIAN_POINT('',(15.499999999999,4.5,2.5));
#762 = VECTOR('',#763,1.);
#763 = DIRECTION('',(0.,0.,-1.));
#764 = ORIENTED_EDGE('',*,*,#765,.F.);
#765 = EDGE_CURVE('',#766,#758,#768,.T.);
#766 = VERTEX_POINT('',#767);
#767 = CARTESIAN_POINT('',(13.999999999999,4.5,2.));
#768 = LINE('',#769,#770);
#769 = CARTESIAN_POINT('',(15.499999999999,4.5,2.));
#770 = VECTOR('',#771,1.);
#771 = DIRECTION('',(1.,0.,0.));
#772 = ORIENTED_EDGE('',*,*,#773,.F.);
#773 = EDGE_CURVE('',#774,#766,#776,.T.);
#774 = VERTEX_POINT('',#775);
#775 = CARTESIAN_POINT('',(13.999999999999,4.5,1.9));
#776 = LINE('',#777,#778);
#777 = CARTESIAN_POINT('',(13.999999999999,4.5,1.25));
#778 = VECTOR('',#779,1.);
#779 = DIRECTION('',(0.,0.,1.));
#780 = ORIENTED_EDGE('',*,*,#781,.T.);
#781 = EDGE_CURVE('',#774,#427,#782,.T.);
#782 = CIRCLE('',#783,0.4);
#783 = AXIS2_PLACEMENT_3D('',#784,#785,#786);
#784 = CARTESIAN_POINT('',(13.599999999999,4.5,1.9));
#785 = DIRECTION('',(-0.,1.,0.));
#786 = DIRECTION('',(1.,0.,0.));
#787 = ORIENTED_EDGE('',*,*,#434,.F.);
#788 = ORIENTED_EDGE('',*,*,#717,.T.);
#789 = PLANE('',#790);
#790 = AXIS2_PLACEMENT_3D('',#791,#792,#793);
#791 = CARTESIAN_POINT('',(15.499999999999,4.5,2.5));
#792 = DIRECTION('',(0.,-1.,0.));
#793 = DIRECTION('',(0.,0.,-1.));
#794 = ADVANCED_FACE('',(#795),#814,.F.);
#795 = FACE_BOUND('',#796,.F.);
#796 = EDGE_LOOP('',(#797,#805,#812,#813));
#797 = ORIENTED_EDGE('',*,*,#798,.F.);
#798 = EDGE_CURVE('',#799,#774,#801,.T.);
#799 = VERTEX_POINT('',#800);
#800 = CARTESIAN_POINT('',(13.999999999999,-21.,1.9));
#801 = LINE('',#802,#803);
#802 = CARTESIAN_POINT('',(13.999999999999,-21.,1.9));
#803 = VECTOR('',#804,1.);
#804 = DIRECTION('',(0.,1.,0.));
#805 = ORIENTED_EDGE('',*,*,#806,.T.);
#806 = EDGE_CURVE('',#799,#418,#807,.T.);
#807 = CIRCLE('',#808,0.4);
#808 = AXIS2_PLACEMENT_3D('',#809,#810,#811);
#809 = CARTESIAN_POINT('',(13.599999999999,-21.,1.9));
#810 = DIRECTION('',(-0.,1.,0.));
#811 = DIRECTION('',(1.,0.,0.));
#812 = ORIENTED_EDGE('',*,*,#426,.T.);
#813 = ORIENTED_EDGE('',*,*,#781,.F.);
#814 = CYLINDRICAL_SURFACE('',#815,0.4);
#815 = AXIS2_PLACEMENT_3D('',#816,#817,#818);
#816 = CARTESIAN_POINT('',(13.599999999999,-21.,1.9));
#817 = DIRECTION('',(0.,1.,0.));
#818 = DIRECTION('',(1.,0.,0.));
#819 = ADVANCED_FACE('',(#820),#840,.T.);
#820 = FACE_BOUND('',#821,.T.);
#821 = EDGE_LOOP('',(#822,#831,#838,#839));
#822 = ORIENTED_EDGE('',*,*,#823,.F.);
#823 = EDGE_CURVE('',#824,#410,#826,.T.);
#824 = VERTEX_POINT('',#825);
#825 = CARTESIAN_POINT('',(13.499999999999,-21.5,1.9));
#826 = CIRCLE('',#827,0.4);
#827 = AXIS2_PLACEMENT_3D('',#828,#829,#830);
#828 = CARTESIAN_POINT('',(13.499999999999,-21.1,1.9));
#829 = DIRECTION('',(1.,0.,0.));
#830 = DIRECTION('',(0.,-1.,0.));
#831 = ORIENTED_EDGE('',*,*,#832,.T.);
#832 = EDGE_CURVE('',#824,#799,#833,.T.);
#833 = CIRCLE('',#834,0.5);
#834 = AXIS2_PLACEMENT_3D('',#835,#836,#837);
#835 = CARTESIAN_POINT('',(13.499999999999,-21.,1.9));
#836 = DIRECTION('',(0.,0.,1.));
#837 = DIRECTION('',(-3.753E-14,-1.,0.));
#838 = ORIENTED_EDGE('',*,*,#806,.T.);
#839 = ORIENTED_EDGE('',*,*,#417,.F.);
#840 = OFFSET_SURFACE('',#841,1.5,.F.);
#841 = SURFACE_OF_REVOLUTION('',#842,#855);
#842 = B_SPLINE_CURVE_WITH_KNOTS('',6,(#843,#844,#845,#846,#847,#848,
    #849,#850,#851,#852,#853,#854),.UNSPECIFIED.,.F.,.F.,(7,5,7),(0.,
    0.785398163397,1.570796326795),.UNSPECIFIED.);
#843 = CARTESIAN_POINT('',(13.499999999999,-23.,1.9));
#844 = CARTESIAN_POINT('',(13.499999999999,-23.,1.651290581591));
#845 = CARTESIAN_POINT('',(13.499999999999,-22.96093296915,
    1.402581578595));
#846 = CARTESIAN_POINT('',(13.499999999999,-22.8827978897,1.161540935116
    ));
#847 = CARTESIAN_POINT('',(13.499999999999,-22.76760626068,0.93584961704
    ));
#848 = CARTESIAN_POINT('',(13.499999999999,-22.61936700055,
    0.732361232048));
#849 = CARTESIAN_POINT('',(13.499999999999,-22.26763876795,
    0.380632999443));
#850 = CARTESIAN_POINT('',(13.499999999999,-22.06415038296,
    0.232393739314));
#851 = CARTESIAN_POINT('',(13.499999999999,-21.83845906488,
    0.117202110299));
#852 = CARTESIAN_POINT('',(13.499999999999,-21.5974184214,
    3.906703084475E-02));
#853 = CARTESIAN_POINT('',(13.499999999999,-21.3487094184,
    3.101260744808E-17));
#854 = CARTESIAN_POINT('',(13.499999999999,-21.1,-1.26983314481E-31));
#855 = AXIS1_PLACEMENT('',#856,#857);
#856 = CARTESIAN_POINT('',(13.499999999999,-21.,1.9));
#857 = DIRECTION('',(0.,0.,1.));
#858 = ADVANCED_FACE('',(#859),#878,.F.);
#859 = FACE_BOUND('',#860,.F.);
#860 = EDGE_LOOP('',(#861,#870,#871,#872));
#861 = ORIENTED_EDGE('',*,*,#862,.T.);
#862 = EDGE_CURVE('',#863,#401,#865,.T.);
#863 = VERTEX_POINT('',#864);
#864 = CARTESIAN_POINT('',(-13.49999999999,-21.5,1.9));
#865 = CIRCLE('',#866,0.4);
#866 = AXIS2_PLACEMENT_3D('',#867,#868,#869);
#867 = CARTESIAN_POINT('',(-13.49999999999,-21.1,1.9));
#868 = DIRECTION('',(1.,0.,0.));
#869 = DIRECTION('',(0.,-1.,0.));
#870 = ORIENTED_EDGE('',*,*,#409,.T.);
#871 = ORIENTED_EDGE('',*,*,#823,.F.);
#872 = ORIENTED_EDGE('',*,*,#873,.F.);
#873 = EDGE_CURVE('',#863,#824,#874,.T.);
#874 = LINE('',#875,#876);
#875 = CARTESIAN_POINT('',(-13.49999999999,-21.5,1.9));
#876 = VECTOR('',#877,1.);
#877 = DIRECTION('',(1.,0.,0.));
#878 = CYLINDRICAL_SURFACE('',#879,0.4);
#879 = AXIS2_PLACEMENT_3D('',#880,#881,#882);
#880 = CARTESIAN_POINT('',(-13.49999999999,-21.1,1.9));
#881 = DIRECTION('',(1.,0.,0.));
#882 = DIRECTION('',(0.,-1.,0.));
#883 = ADVANCED_FACE('',(#884),#904,.T.);
#884 = FACE_BOUND('',#885,.T.);
#885 = EDGE_LOOP('',(#886,#895,#902,#903));
#886 = ORIENTED_EDGE('',*,*,#887,.F.);
#887 = EDGE_CURVE('',#888,#393,#890,.T.);
#888 = VERTEX_POINT('',#889);
#889 = CARTESIAN_POINT('',(-13.99999999999,-21.,1.9));
#890 = CIRCLE('',#891,0.4);
#891 = AXIS2_PLACEMENT_3D('',#892,#893,#894);
#892 = CARTESIAN_POINT('',(-13.59999999999,-21.,1.9));
#893 = DIRECTION('',(0.,-1.,0.));
#894 = DIRECTION('',(-1.,0.,0.));
#895 = ORIENTED_EDGE('',*,*,#896,.T.);
#896 = EDGE_CURVE('',#888,#863,#897,.T.);
#897 = CIRCLE('',#898,0.5);
#898 = AXIS2_PLACEMENT_3D('',#899,#900,#901);
#899 = CARTESIAN_POINT('',(-13.49999999999,-21.,1.9));
#900 = DIRECTION('',(0.,0.,1.));
#901 = DIRECTION('',(-1.,-6.09E-15,0.));
#902 = ORIENTED_EDGE('',*,*,#862,.T.);
#903 = ORIENTED_EDGE('',*,*,#400,.F.);
#904 = OFFSET_SURFACE('',#905,1.5,.F.);
#905 = SURFACE_OF_REVOLUTION('',#906,#919);
#906 = B_SPLINE_CURVE_WITH_KNOTS('',6,(#907,#908,#909,#910,#911,#912,
    #913,#914,#915,#916,#917,#918),.UNSPECIFIED.,.F.,.F.,(7,5,7),(0.,
    0.785398163397,1.570796326795),.UNSPECIFIED.);
#907 = CARTESIAN_POINT('',(-15.49999999999,-21.,1.9));
#908 = CARTESIAN_POINT('',(-15.49999999999,-21.,1.651290581591));
#909 = CARTESIAN_POINT('',(-15.46093296915,-21.,1.402581578595));
#910 = CARTESIAN_POINT('',(-15.3827978897,-21.,1.161540935116));
#911 = CARTESIAN_POINT('',(-15.26760626068,-21.,0.93584961704));
#912 = CARTESIAN_POINT('',(-15.11936700055,-21.,0.732361232048));
#913 = CARTESIAN_POINT('',(-14.76763876795,-21.,0.380632999443));
#914 = CARTESIAN_POINT('',(-14.56415038296,-21.,0.232393739314));
#915 = CARTESIAN_POINT('',(-14.33845906488,-21.,0.117202110299));
#916 = CARTESIAN_POINT('',(-14.0974184214,-21.,3.906703084475E-02));
#917 = CARTESIAN_POINT('',(-13.8487094184,-21.,3.101260744808E-17));
#918 = CARTESIAN_POINT('',(-13.59999999999,-21.,-1.26983314481E-31));
#919 = AXIS1_PLACEMENT('',#920,#921);
#920 = CARTESIAN_POINT('',(-13.49999999999,-21.,1.9));
#921 = DIRECTION('',(0.,0.,1.));
#922 = ADVANCED_FACE('',(#923),#955,.F.);
#923 = FACE_BOUND('',#924,.F.);
#924 = EDGE_LOOP('',(#925,#933,#953,#954));
#925 = ORIENTED_EDGE('',*,*,#926,.F.);
#926 = EDGE_CURVE('',#927,#888,#929,.T.);
#927 = VERTEX_POINT('',#928);
#928 = CARTESIAN_POINT('',(-13.99999999999,-20.53923048454,1.9));
#929 = LINE('',#930,#931);
#930 = CARTESIAN_POINT('',(-13.99999999999,21.,1.9));
#931 = VECTOR('',#932,1.);
#932 = DIRECTION('',(0.,-1.,0.));
#933 = ORIENTED_EDGE('',*,*,#934,.F.);
#934 = EDGE_CURVE('',#385,#927,#935,.T.);
#935 = B_SPLINE_CURVE_WITH_KNOTS('',6,(#936,#937,#938,#939,#940,#941,
    #942,#943,#944,#945,#946,#947,#948,#949,#950,#951,#952),
  .UNSPECIFIED.,.F.,.F.,(7,5,5,7),(0.,0.235707047422,0.579770732863,1.),
  .UNSPECIFIED.);
#936 = CARTESIAN_POINT('',(-13.59999999999,-20.16332495807,1.5));
#937 = CARTESIAN_POINT('',(-13.62615721595,-20.16332495807,1.5));
#938 = CARTESIAN_POINT('',(-13.65217098016,-20.16641934851,
    1.502052658692));
#939 = CARTESIAN_POINT('',(-13.6778444309,-20.1725445812,1.506115345047)
  );
#940 = CARTESIAN_POINT('',(-13.70297071222,-20.18144560541,
    1.512123805518));
#941 = CARTESIAN_POINT('',(-13.72727685858,-20.19266861013,
    1.519966391984));
#942 = CARTESIAN_POINT('',(-13.78425206804,-20.22448142562,
    1.543092770297));
#943 = CARTESIAN_POINT('',(-13.815922984,-20.2471702528,1.560259464584)
  );
#944 = CARTESIAN_POINT('',(-13.84527554587,-20.27238443809,
    1.580490967548));
#945 = CARTESIAN_POINT('',(-13.87210451954,-20.29902492401,
    1.603489611076));
#946 = CARTESIAN_POINT('',(-13.89623691415,-20.32631696536,
    1.628953456429));
#947 = CARTESIAN_POINT('',(-13.94347819576,-20.38721428749,
    1.690604571474));
#948 = CARTESIAN_POINT('',(-13.96522911117,-20.42094717383,1.72798512226
    ));
#949 = CARTESIAN_POINT('',(-13.98221879219,-20.45372197542,
    1.768302753626));
#950 = CARTESIAN_POINT('',(-13.99395269498,-20.48469603685,
    1.810919284078));
#951 = CARTESIAN_POINT('',(-13.99999999999,-20.51330912338,
    1.855102885473));
#952 = CARTESIAN_POINT('',(-13.99999999999,-20.53923048454,1.9));
#953 = ORIENTED_EDGE('',*,*,#392,.T.);
#954 = ORIENTED_EDGE('',*,*,#887,.F.);
#955 = CYLINDRICAL_SURFACE('',#956,0.4);
#956 = AXIS2_PLACEMENT_3D('',#957,#958,#959);
#957 = CARTESIAN_POINT('',(-13.59999999999,21.,1.9));
#958 = DIRECTION('',(0.,-1.,0.));
#959 = DIRECTION('',(-1.,0.,0.));
#960 = ADVANCED_FACE('',(#961),#1082,.F.);
#961 = FACE_BOUND('',#962,.F.);
#962 = EDGE_LOOP('',(#963,#973,#982,#1019,#1028,#1036,#1045,#1065,#1066,
    #1073,#1074,#1075));
#963 = ORIENTED_EDGE('',*,*,#964,.F.);
#964 = EDGE_CURVE('',#965,#967,#969,.T.);
#965 = VERTEX_POINT('',#966);
#966 = CARTESIAN_POINT('',(-15.49999999999,-20.7,2.5));
#967 = VERTEX_POINT('',#968);
#968 = CARTESIAN_POINT('',(-13.99999999999,-20.7,2.5));
#969 = LINE('',#970,#971);
#970 = CARTESIAN_POINT('',(-15.49999999999,-20.7,2.5));
#971 = VECTOR('',#972,1.);
#972 = DIRECTION('',(1.,0.,0.));
#973 = ORIENTED_EDGE('',*,*,#974,.F.);
#974 = EDGE_CURVE('',#975,#965,#977,.T.);
#975 = VERTEX_POINT('',#976);
#976 = CARTESIAN_POINT('',(-15.49999999999,-20.53923048454,1.9));
#977 = CIRCLE('',#978,1.2);
#978 = AXIS2_PLACEMENT_3D('',#979,#980,#981);
#979 = CARTESIAN_POINT('',(-15.49999999999,-19.5,2.5));
#980 = DIRECTION('',(-1.,0.,0.));
#981 = DIRECTION('',(0.,-1.,0.));
#982 = ORIENTED_EDGE('',*,*,#983,.F.);
#983 = EDGE_CURVE('',#984,#975,#986,.T.);
#984 = VERTEX_POINT('',#985);
#985 = CARTESIAN_POINT('',(-15.49999999999,-18.46076951545,1.9));
#986 = B_SPLINE_CURVE_WITH_KNOTS('',6,(#987,#988,#989,#990,#991,#992,
    #993,#994,#995,#996,#997,#998,#999,#1000,#1001,#1002,#1003,#1004,
    #1005,#1006,#1007,#1008,#1009,#1010,#1011,#1012,#1013,#1014,#1015,
    #1016,#1017,#1018),.UNSPECIFIED.,.F.,.F.,(7,5,5,5,5,5,7),(0.,
    9.530462322175E-02,0.344066961775,0.499999433734,0.655766779663,
    0.903803623063,1.),.UNSPECIFIED.);
#987 = CARTESIAN_POINT('',(-15.49999999999,-18.46076951545,1.9));
#988 = CARTESIAN_POINT('',(-15.49999999999,-18.48228171761,
    1.862739772882));
#989 = CARTESIAN_POINT('',(-15.49912317795,-18.50525086203,
    1.826658259889));
#990 = CARTESIAN_POINT('',(-15.49747348334,-18.52958499105,
    1.791820346309));
#991 = CARTESIAN_POINT('',(-15.49515673273,-18.55518747736,1.75828446336
    ));
#992 = CARTESIAN_POINT('',(-15.49227861123,-18.58195650701,
    1.726101866898));
#993 = CARTESIAN_POINT('',(-15.48023527338,-18.68242083055,
    1.614959005338));
#994 = CARTESIAN_POINT('',(-15.46841028859,-18.76225998916,1.54413096393
    ));
#995 = CARTESIAN_POINT('',(-15.4552513588,-18.84786547487,1.483065396013
    ));
#996 = CARTESIAN_POINT('',(-15.44227789882,-18.93802289157,
    1.431852823649));
#997 = CARTESIAN_POINT('',(-15.43071328556,-19.03168438281,
    1.390528932991));
#998 = CARTESIAN_POINT('',(-15.41555154753,-19.18823714801,
    1.339470116994));
#999 = CARTESIAN_POINT('',(-15.41059038955,-19.24957956128,
    1.323697991177));
#1000 = CARTESIAN_POINT('',(-15.40672126282,-19.31167800758,
    1.311853986972));
#1001 = CARTESIAN_POINT('',(-15.40409089256,-19.37427734892,
    1.303952469709));
#1002 = CARTESIAN_POINT('',(-15.40277563773,-19.43713110054,1.3));
#1003 = CARTESIAN_POINT('',(-15.40277563773,-19.56280232389,1.3));
#1004 = CARTESIAN_POINT('',(-15.40408810924,-19.62558960629,
    1.303944103456));
#1005 = CARTESIAN_POINT('',(-15.40671291627,-19.6881232931,
    1.311828915139));
#1006 = CARTESIAN_POINT('',(-15.4105740239,-19.75015764952,
    1.323647897241));
#1007 = CARTESIAN_POINT('',(-15.41552531687,-19.81143833295,
    1.33938672986));
#1008 = CARTESIAN_POINT('',(-15.43064159904,-19.96766044409,
    1.390279683276));
#1009 = CARTESIAN_POINT('',(-15.44216067746,-20.0610665682,
    1.431421214219));
#1010 = CARTESIAN_POINT('',(-15.45508569806,-20.1509943162,
    1.482393772473));
#1011 = CARTESIAN_POINT('',(-15.46820588183,-20.2364060267,
    1.543162215707));
#1012 = CARTESIAN_POINT('',(-15.48001740606,-20.31609945466,
    1.613637676563));
#1013 = CARTESIAN_POINT('',(-15.49214361548,-20.4167914024,
    1.724598935707));
#1014 = CARTESIAN_POINT('',(-15.49506976525,-20.44385464534,
    1.757031327051));
#1015 = CARTESIAN_POINT('',(-15.49742700689,-20.46973218321,
    1.790843656308));
#1016 = CARTESIAN_POINT('',(-15.49910669465,-20.49431940353,
    1.825983540243));
#1017 = CARTESIAN_POINT('',(-15.49999999999,-20.51751700975,
    1.862391158463));
#1018 = CARTESIAN_POINT('',(-15.49999999999,-20.53923048454,1.9));
#1019 = ORIENTED_EDGE('',*,*,#1020,.F.);
#1020 = EDGE_CURVE('',#1021,#984,#1023,.T.);
#1021 = VERTEX_POINT('',#1022);
#1022 = CARTESIAN_POINT('',(-15.49999999999,-18.3,2.5));
#1023 = CIRCLE('',#1024,1.2);
#1024 = AXIS2_PLACEMENT_3D('',#1025,#1026,#1027);
#1025 = CARTESIAN_POINT('',(-15.49999999999,-19.5,2.5));
#1026 = DIRECTION('',(-1.,0.,0.));
#1027 = DIRECTION('',(0.,-1.,0.));
#1028 = ORIENTED_EDGE('',*,*,#1029,.F.);
#1029 = EDGE_CURVE('',#1030,#1021,#1032,.T.);
#1030 = VERTEX_POINT('',#1031);
#1031 = CARTESIAN_POINT('',(-13.99999999999,-18.3,2.5));
#1032 = LINE('',#1033,#1034);
#1033 = CARTESIAN_POINT('',(-15.49999999999,-18.3,2.5));
#1034 = VECTOR('',#1035,1.);
#1035 = DIRECTION('',(-1.,0.,0.));
#1036 = ORIENTED_EDGE('',*,*,#1037,.T.);
#1037 = EDGE_CURVE('',#1030,#1038,#1040,.T.);
#1038 = VERTEX_POINT('',#1039);
#1039 = CARTESIAN_POINT('',(-13.99999999999,-18.46076951545,1.9));
#1040 = CIRCLE('',#1041,1.2);
#1041 = AXIS2_PLACEMENT_3D('',#1042,#1043,#1044);
#1042 = CARTESIAN_POINT('',(-13.99999999999,-19.5,2.5));
#1043 = DIRECTION('',(-1.,0.,0.));
#1044 = DIRECTION('',(0.,-1.,0.));
#1045 = ORIENTED_EDGE('',*,*,#1046,.T.);
#1046 = EDGE_CURVE('',#1038,#361,#1047,.T.);
#1047 = B_SPLINE_CURVE_WITH_KNOTS('',6,(#1048,#1049,#1050,#1051,#1052,
    #1053,#1054,#1055,#1056,#1057,#1058,#1059,#1060,#1061,#1062,#1063,
    #1064),.UNSPECIFIED.,.F.,.F.,(7,5,5,7),(0.,0.420235170153,
    0.76755726474,1.),.UNSPECIFIED.);
#1048 = CARTESIAN_POINT('',(-13.99999999999,-18.46076951545,1.9));
#1049 = CARTESIAN_POINT('',(-13.99999999999,-18.48669203063,
    1.855100886654));
#1050 = CARTESIAN_POINT('',(-13.99395215735,-18.51530596156,
    1.810916282798));
#1051 = CARTESIAN_POINT('',(-13.98221769386,-18.54628037144,
    1.768299785515));
#1052 = CARTESIAN_POINT('',(-13.96522788918,-18.5790548424,
    1.727982761014));
#1053 = CARTESIAN_POINT('',(-13.94347700757,-18.61278783148,
    1.690602093079));
#1054 = CARTESIAN_POINT('',(-13.89603092204,-18.6739480874,
    1.628685398224));
#1055 = CARTESIAN_POINT('',(-13.87164054835,-18.70149922026,
    1.603000943674));
#1056 = CARTESIAN_POINT('',(-13.84450293686,-18.72838159062,
    1.579830180322));
#1057 = CARTESIAN_POINT('',(-13.81479703152,-18.75379471136,
    1.559486267337));
#1058 = CARTESIAN_POINT('',(-13.78273557882,-18.7766007376,
    1.542275048368));
#1059 = CARTESIAN_POINT('',(-13.72558829579,-18.80810521233,
    1.519426156476));
#1060 = CARTESIAN_POINT('',(-13.70157695566,-18.81904451852,
    1.511792990652));
#1061 = CARTESIAN_POINT('',(-13.67677602113,-18.82770885935,
    1.505947254251));
#1062 = CARTESIAN_POINT('',(-13.65144765237,-18.83366644419,
    1.50199574488));
#1063 = CARTESIAN_POINT('',(-13.62579205299,-18.83667504192,1.5));
#1064 = CARTESIAN_POINT('',(-13.59999999999,-18.83667504192,1.5));
#1065 = ORIENTED_EDGE('',*,*,#368,.F.);
#1066 = ORIENTED_EDGE('',*,*,#1067,.T.);
#1067 = EDGE_CURVE('',#369,#377,#1068,.T.);
#1068 = CIRCLE('',#1069,1.2);
#1069 = AXIS2_PLACEMENT_3D('',#1070,#1071,#1072);
#1070 = CARTESIAN_POINT('',(-11.49999999999,-19.5,2.5));
#1071 = DIRECTION('',(-1.,0.,0.));
#1072 = DIRECTION('',(0.,-1.,0.));
#1073 = ORIENTED_EDGE('',*,*,#384,.T.);
#1074 = ORIENTED_EDGE('',*,*,#934,.T.);
#1075 = ORIENTED_EDGE('',*,*,#1076,.T.);
#1076 = EDGE_CURVE('',#927,#967,#1077,.T.);
#1077 = CIRCLE('',#1078,1.2);
#1078 = AXIS2_PLACEMENT_3D('',#1079,#1080,#1081);
#1079 = CARTESIAN_POINT('',(-13.99999999999,-19.5,2.5));
#1080 = DIRECTION('',(-1.,0.,0.));
#1081 = DIRECTION('',(0.,-1.,0.));
#1082 = CYLINDRICAL_SURFACE('',#1083,1.2);
#1083 = AXIS2_PLACEMENT_3D('',#1084,#1085,#1086);
#1084 = CARTESIAN_POINT('',(-15.49999999999,-19.5,2.5));
#1085 = DIRECTION('',(-1.,0.,0.));
#1086 = DIRECTION('',(0.,-1.,0.));
#1087 = ADVANCED_FACE('',(#1088),#1092,.F.);
#1088 = FACE_BOUND('',#1089,.F.);
#1089 = EDGE_LOOP('',(#1090,#1091));
#1090 = ORIENTED_EDGE('',*,*,#1067,.F.);
#1091 = ORIENTED_EDGE('',*,*,#376,.F.);
#1092 = PLANE('',#1093);
#1093 = AXIS2_PLACEMENT_3D('',#1094,#1095,#1096);
#1094 = CARTESIAN_POINT('',(-11.49999999999,-19.5,2.5));
#1095 = DIRECTION('',(1.,0.,0.));
#1096 = DIRECTION('',(0.,0.,1.));
#1097 = ADVANCED_FACE('',(#1098),#1117,.F.);
#1098 = FACE_BOUND('',#1099,.F.);
#1099 = EDGE_LOOP('',(#1100,#1108,#1115,#1116));
#1100 = ORIENTED_EDGE('',*,*,#1101,.F.);
#1101 = EDGE_CURVE('',#1102,#1038,#1104,.T.);
#1102 = VERTEX_POINT('',#1103);
#1103 = CARTESIAN_POINT('',(-13.99999999999,21.,1.9));
#1104 = LINE('',#1105,#1106);
#1105 = CARTESIAN_POINT('',(-13.99999999999,21.,1.9));
#1106 = VECTOR('',#1107,1.);
#1107 = DIRECTION('',(0.,-1.,0.));
#1108 = ORIENTED_EDGE('',*,*,#1109,.T.);
#1109 = EDGE_CURVE('',#1102,#352,#1110,.T.);
#1110 = CIRCLE('',#1111,0.4);
#1111 = AXIS2_PLACEMENT_3D('',#1112,#1113,#1114);
#1112 = CARTESIAN_POINT('',(-13.59999999999,21.,1.9));
#1113 = DIRECTION('',(0.,-1.,0.));
#1114 = DIRECTION('',(-1.,0.,0.));
#1115 = ORIENTED_EDGE('',*,*,#360,.T.);
#1116 = ORIENTED_EDGE('',*,*,#1046,.F.);
#1117 = CYLINDRICAL_SURFACE('',#1118,0.4);
#1118 = AXIS2_PLACEMENT_3D('',#1119,#1120,#1121);
#1119 = CARTESIAN_POINT('',(-13.59999999999,21.,1.9));
#1120 = DIRECTION('',(0.,-1.,0.));
#1121 = DIRECTION('',(-1.,0.,0.));
#1122 = ADVANCED_FACE('',(#1123),#1143,.T.);
#1123 = FACE_BOUND('',#1124,.T.);
#1124 = EDGE_LOOP('',(#1125,#1134,#1141,#1142));
#1125 = ORIENTED_EDGE('',*,*,#1126,.F.);
#1126 = EDGE_CURVE('',#1127,#344,#1129,.T.);
#1127 = VERTEX_POINT('',#1128);
#1128 = CARTESIAN_POINT('',(-13.49999999999,21.5,1.9));
#1129 = CIRCLE('',#1130,0.4);
#1130 = AXIS2_PLACEMENT_3D('',#1131,#1132,#1133);
#1131 = CARTESIAN_POINT('',(-13.49999999999,21.1,1.9));
#1132 = DIRECTION('',(-1.,0.,0.));
#1133 = DIRECTION('',(0.,1.,0.));
#1134 = ORIENTED_EDGE('',*,*,#1135,.T.);
#1135 = EDGE_CURVE('',#1127,#1102,#1136,.T.);
#1136 = CIRCLE('',#1137,0.5);
#1137 = AXIS2_PLACEMENT_3D('',#1138,#1139,#1140);
#1138 = CARTESIAN_POINT('',(-13.49999999999,21.,1.9));
#1139 = DIRECTION('',(0.,-0.,1.));
#1140 = DIRECTION('',(3.653E-14,1.,0.));
#1141 = ORIENTED_EDGE('',*,*,#1109,.T.);
#1142 = ORIENTED_EDGE('',*,*,#351,.F.);
#1143 = OFFSET_SURFACE('',#1144,1.5,.F.);
#1144 = SURFACE_OF_REVOLUTION('',#1145,#1158);
#1145 = B_SPLINE_CURVE_WITH_KNOTS('',6,(#1146,#1147,#1148,#1149,#1150,
    #1151,#1152,#1153,#1154,#1155,#1156,#1157),.UNSPECIFIED.,.F.,.F.,(7,
    5,7),(0.,0.785398163397,1.570796326795),.UNSPECIFIED.);
#1146 = CARTESIAN_POINT('',(-13.49999999999,23.,1.9));
#1147 = CARTESIAN_POINT('',(-13.49999999999,23.,1.651290581591));
#1148 = CARTESIAN_POINT('',(-13.49999999999,22.960932969155,
    1.402581578595));
#1149 = CARTESIAN_POINT('',(-13.49999999999,22.882797889701,
    1.161540935116));
#1150 = CARTESIAN_POINT('',(-13.49999999999,22.767606260686,
    0.93584961704));
#1151 = CARTESIAN_POINT('',(-13.49999999999,22.619367000557,
    0.732361232048));
#1152 = CARTESIAN_POINT('',(-13.49999999999,22.267638767952,
    0.380632999443));
#1153 = CARTESIAN_POINT('',(-13.49999999999,22.06415038296,
    0.232393739314));
#1154 = CARTESIAN_POINT('',(-13.49999999999,21.838459064884,
    0.117202110299));
#1155 = CARTESIAN_POINT('',(-13.49999999999,21.597418421405,
    3.906703084475E-02));
#1156 = CARTESIAN_POINT('',(-13.49999999999,21.348709418409,
    3.101260744808E-17));
#1157 = CARTESIAN_POINT('',(-13.49999999999,21.1,-1.26983314481E-31));
#1158 = AXIS1_PLACEMENT('',#1159,#1160);
#1159 = CARTESIAN_POINT('',(-13.49999999999,21.,1.9));
#1160 = DIRECTION('',(0.,0.,1.));
#1161 = ADVANCED_FACE('',(#1162),#1181,.F.);
#1162 = FACE_BOUND('',#1163,.F.);
#1163 = EDGE_LOOP('',(#1164,#1172,#1179,#1180));
#1164 = ORIENTED_EDGE('',*,*,#1165,.F.);
#1165 = EDGE_CURVE('',#1166,#1127,#1168,.T.);
#1166 = VERTEX_POINT('',#1167);
#1167 = CARTESIAN_POINT('',(-2.5,21.5,1.9));
#1168 = LINE('',#1169,#1170);
#1169 = CARTESIAN_POINT('',(13.499999999999,21.5,1.9));
#1170 = VECTOR('',#1171,1.);
#1171 = DIRECTION('',(-1.,0.,0.));
#1172 = ORIENTED_EDGE('',*,*,#1173,.T.);
#1173 = EDGE_CURVE('',#1166,#336,#1174,.T.);
#1174 = CIRCLE('',#1175,0.4);
#1175 = AXIS2_PLACEMENT_3D('',#1176,#1177,#1178);
#1176 = CARTESIAN_POINT('',(-2.5,21.1,1.9));
#1177 = DIRECTION('',(-1.,0.,0.));
#1178 = DIRECTION('',(0.,1.,0.));
#1179 = ORIENTED_EDGE('',*,*,#343,.T.);
#1180 = ORIENTED_EDGE('',*,*,#1126,.F.);
#1181 = CYLINDRICAL_SURFACE('',#1182,0.4);
#1182 = AXIS2_PLACEMENT_3D('',#1183,#1184,#1185);
#1183 = CARTESIAN_POINT('',(13.499999999999,21.1,1.9));
#1184 = DIRECTION('',(-1.,0.,0.));
#1185 = DIRECTION('',(0.,1.,0.));
#1186 = ADVANCED_FACE('',(#1187),#1213,.T.);
#1187 = FACE_BOUND('',#1188,.T.);
#1188 = EDGE_LOOP('',(#1189,#1199,#1205,#1206,#1207));
#1189 = ORIENTED_EDGE('',*,*,#1190,.T.);
#1190 = EDGE_CURVE('',#1191,#1193,#1195,.T.);
#1191 = VERTEX_POINT('',#1192);
#1192 = CARTESIAN_POINT('',(-2.5,20.,2.5));
#1193 = VERTEX_POINT('',#1194);
#1194 = CARTESIAN_POINT('',(-2.5,21.5,2.5));
#1195 = LINE('',#1196,#1197);
#1196 = CARTESIAN_POINT('',(-2.5,18.5,2.5));
#1197 = VECTOR('',#1198,1.);
#1198 = DIRECTION('',(0.,1.,0.));
#1199 = ORIENTED_EDGE('',*,*,#1200,.T.);
#1200 = EDGE_CURVE('',#1193,#1166,#1201,.T.);
#1201 = LINE('',#1202,#1203);
#1202 = CARTESIAN_POINT('',(-2.5,21.5,6.5));
#1203 = VECTOR('',#1204,1.);
#1204 = DIRECTION('',(-0.,-0.,-1.));
#1205 = ORIENTED_EDGE('',*,*,#1173,.T.);
#1206 = ORIENTED_EDGE('',*,*,#335,.T.);
#1207 = ORIENTED_EDGE('',*,*,#1208,.T.);
#1208 = EDGE_CURVE('',#328,#1191,#1209,.T.);
#1209 = LINE('',#1210,#1211);
#1210 = CARTESIAN_POINT('',(-2.5,20.,4.));
#1211 = VECTOR('',#1212,1.);
#1212 = DIRECTION('',(0.,0.,1.));
#1213 = PLANE('',#1214);
#1214 = AXIS2_PLACEMENT_3D('',#1215,#1216,#1217);
#1215 = CARTESIAN_POINT('',(-2.5,21.5,6.5));
#1216 = DIRECTION('',(-1.,0.,0.));
#1217 = DIRECTION('',(0.,-1.,0.));
#1218 = ADVANCED_FACE('',(#1219),#1253,.T.);
#1219 = FACE_BOUND('',#1220,.T.);
#1220 = EDGE_LOOP('',(#1221,#1222,#1230,#1238,#1246,#1252));
#1221 = ORIENTED_EDGE('',*,*,#327,.F.);
#1222 = ORIENTED_EDGE('',*,*,#1223,.T.);
#1223 = EDGE_CURVE('',#320,#1224,#1226,.T.);
#1224 = VERTEX_POINT('',#1225);
#1225 = CARTESIAN_POINT('',(-6.000000000001,20.,6.5));
#1226 = LINE('',#1227,#1228);
#1227 = CARTESIAN_POINT('',(-6.000000000001,20.,1.5));
#1228 = VECTOR('',#1229,1.);
#1229 = DIRECTION('',(0.,0.,1.));
#1230 = ORIENTED_EDGE('',*,*,#1231,.T.);
#1231 = EDGE_CURVE('',#1224,#1232,#1234,.T.);
#1232 = VERTEX_POINT('',#1233);
#1233 = CARTESIAN_POINT('',(-2.5,20.,6.5));
#1234 = LINE('',#1235,#1236);
#1235 = CARTESIAN_POINT('',(-6.000000000001,20.,6.5));
#1236 = VECTOR('',#1237,1.);
#1237 = DIRECTION('',(1.,0.,0.));
#1238 = ORIENTED_EDGE('',*,*,#1239,.F.);
#1239 = EDGE_CURVE('',#1240,#1232,#1242,.T.);
#1240 = VERTEX_POINT('',#1241);
#1241 = CARTESIAN_POINT('',(-2.5,20.,3.500000000144));
#1242 = LINE('',#1243,#1244);
#1243 = CARTESIAN_POINT('',(-2.5,20.,4.));
#1244 = VECTOR('',#1245,1.);
#1245 = DIRECTION('',(0.,0.,1.));
#1246 = ORIENTED_EDGE('',*,*,#1247,.F.);
#1247 = EDGE_CURVE('',#1191,#1240,#1248,.T.);
#1248 = LINE('',#1249,#1250);
#1249 = CARTESIAN_POINT('',(-2.5,20.,4.));
#1250 = VECTOR('',#1251,1.);
#1251 = DIRECTION('',(0.,0.,1.));
#1252 = ORIENTED_EDGE('',*,*,#1208,.F.);
#1253 = PLANE('',#1254);
#1254 = AXIS2_PLACEMENT_3D('',#1255,#1256,#1257);
#1255 = CARTESIAN_POINT('',(-6.000000000001,20.,1.5));
#1256 = DIRECTION('',(0.,1.,0.));
#1257 = DIRECTION('',(1.,0.,0.));
#1258 = ADVANCED_FACE('',(#1259),#1317,.T.);
#1259 = FACE_BOUND('',#1260,.T.);
#1260 = EDGE_LOOP('',(#1261,#1271,#1277,#1278,#1279,#1287,#1295,#1303,
    #1311));
#1261 = ORIENTED_EDGE('',*,*,#1262,.T.);
#1262 = EDGE_CURVE('',#1263,#1265,#1267,.T.);
#1263 = VERTEX_POINT('',#1264);
#1264 = CARTESIAN_POINT('',(-3.750000000001,17.75,5.9));
#1265 = VERTEX_POINT('',#1266);
#1266 = CARTESIAN_POINT('',(-3.750000000001,17.75,6.5));
#1267 = LINE('',#1268,#1269);
#1268 = CARTESIAN_POINT('',(-3.750000000001,17.75,1.5));
#1269 = VECTOR('',#1270,1.);
#1270 = DIRECTION('',(0.,0.,1.));
#1271 = ORIENTED_EDGE('',*,*,#1272,.T.);
#1272 = EDGE_CURVE('',#1265,#1224,#1273,.T.);
#1273 = LINE('',#1274,#1275);
#1274 = CARTESIAN_POINT('',(-3.750000000001,17.75,6.5));
#1275 = VECTOR('',#1276,1.);
#1276 = DIRECTION('',(-0.707106781187,0.707106781187,0.));
#1277 = ORIENTED_EDGE('',*,*,#1223,.F.);
#1278 = ORIENTED_EDGE('',*,*,#319,.F.);
#1279 = ORIENTED_EDGE('',*,*,#1280,.T.);
#1280 = EDGE_CURVE('',#312,#1281,#1283,.T.);
#1281 = VERTEX_POINT('',#1282);
#1282 = CARTESIAN_POINT('',(-3.750000000001,17.75,4.1));
#1283 = LINE('',#1284,#1285);
#1284 = CARTESIAN_POINT('',(-3.750000000001,17.75,1.5));
#1285 = VECTOR('',#1286,1.);
#1286 = DIRECTION('',(0.,0.,1.));
#1287 = ORIENTED_EDGE('',*,*,#1288,.T.);
#1288 = EDGE_CURVE('',#1281,#1289,#1291,.T.);
#1289 = VERTEX_POINT('',#1290);
#1290 = CARTESIAN_POINT('',(-4.600000000001,18.6,4.1));
#1291 = LINE('',#1292,#1293);
#1292 = CARTESIAN_POINT('',(-0.375000000001,14.375,4.1));
#1293 = VECTOR('',#1294,1.);
#1294 = DIRECTION('',(-0.707106781187,0.707106781187,0.));
#1295 = ORIENTED_EDGE('',*,*,#1296,.T.);
#1296 = EDGE_CURVE('',#1289,#1297,#1299,.T.);
#1297 = VERTEX_POINT('',#1298);
#1298 = CARTESIAN_POINT('',(-4.600000000001,18.6,5.4));
#1299 = LINE('',#1300,#1301);
#1300 = CARTESIAN_POINT('',(-4.600000000001,18.6,2.8));
#1301 = VECTOR('',#1302,1.);
#1302 = DIRECTION('',(0.,0.,1.));
#1303 = ORIENTED_EDGE('',*,*,#1304,.F.);
#1304 = EDGE_CURVE('',#1305,#1297,#1307,.T.);
#1305 = VERTEX_POINT('',#1306);
#1306 = CARTESIAN_POINT('',(-4.250000000001,18.25,5.4));
#1307 = LINE('',#1308,#1309);
#1308 = CARTESIAN_POINT('',(-0.375000000001,14.375,5.4));
#1309 = VECTOR('',#1310,1.);
#1310 = DIRECTION('',(-0.707106781187,0.707106781187,0.));
#1311 = ORIENTED_EDGE('',*,*,#1312,.F.);
#1312 = EDGE_CURVE('',#1263,#1305,#1313,.T.);
#1313 = LINE('',#1314,#1315);
#1314 = CARTESIAN_POINT('',(-4.566666666667,18.566666666667,
    5.083333333333));
#1315 = VECTOR('',#1316,1.);
#1316 = DIRECTION('',(-0.57735026919,0.57735026919,-0.57735026919));
#1317 = PLANE('',#1318);
#1318 = AXIS2_PLACEMENT_3D('',#1319,#1320,#1321);
#1319 = CARTESIAN_POINT('',(-3.750000000001,17.75,1.5));
#1320 = DIRECTION('',(-0.707106781187,-0.707106781187,0.));
#1321 = DIRECTION('',(-0.707106781187,0.707106781187,0.));
#1322 = ADVANCED_FACE('',(#1323),#1341,.F.);
#1323 = FACE_BOUND('',#1324,.F.);
#1324 = EDGE_LOOP('',(#1325,#1326,#1327,#1335));
#1325 = ORIENTED_EDGE('',*,*,#311,.F.);
#1326 = ORIENTED_EDGE('',*,*,#1280,.T.);
#1327 = ORIENTED_EDGE('',*,*,#1328,.T.);
#1328 = EDGE_CURVE('',#1281,#1329,#1331,.T.);
#1329 = VERTEX_POINT('',#1330);
#1330 = CARTESIAN_POINT('',(8.249999999999,17.75,4.1));
#1331 = LINE('',#1332,#1333);
#1332 = CARTESIAN_POINT('',(-1.125,17.75,4.1));
#1333 = VECTOR('',#1334,1.);
#1334 = DIRECTION('',(1.,0.,0.));
#1335 = ORIENTED_EDGE('',*,*,#1336,.F.);
#1336 = EDGE_CURVE('',#304,#1329,#1337,.T.);
#1337 = LINE('',#1338,#1339);
#1338 = CARTESIAN_POINT('',(8.249999999999,17.75,1.5));
#1339 = VECTOR('',#1340,1.);
#1340 = DIRECTION('',(0.,0.,1.));
#1341 = PLANE('',#1342);
#1342 = AXIS2_PLACEMENT_3D('',#1343,#1344,#1345);
#1343 = CARTESIAN_POINT('',(-3.750000000001,17.75,1.5));
#1344 = DIRECTION('',(0.,1.,0.));
#1345 = DIRECTION('',(1.,0.,0.));
#1346 = ADVANCED_FACE('',(#1347),#1405,.T.);
#1347 = FACE_BOUND('',#1348,.T.);
#1348 = EDGE_LOOP('',(#1349,#1359,#1367,#1373,#1374,#1375,#1383,#1391,
    #1399));
#1349 = ORIENTED_EDGE('',*,*,#1350,.F.);
#1350 = EDGE_CURVE('',#1351,#1353,#1355,.T.);
#1351 = VERTEX_POINT('',#1352);
#1352 = CARTESIAN_POINT('',(9.099999999999,18.6,5.4));
#1353 = VERTEX_POINT('',#1354);
#1354 = CARTESIAN_POINT('',(8.749999999999,18.25,5.4));
#1355 = LINE('',#1356,#1357);
#1356 = CARTESIAN_POINT('',(5.624999999999,15.125,5.4));
#1357 = VECTOR('',#1358,1.);
#1358 = DIRECTION('',(-0.707106781187,-0.707106781187,0.));
#1359 = ORIENTED_EDGE('',*,*,#1360,.T.);
#1360 = EDGE_CURVE('',#1351,#1361,#1363,.T.);
#1361 = VERTEX_POINT('',#1362);
#1362 = CARTESIAN_POINT('',(9.099999999999,18.6,4.1));
#1363 = LINE('',#1364,#1365);
#1364 = CARTESIAN_POINT('',(9.099999999999,18.6,2.8));
#1365 = VECTOR('',#1366,1.);
#1366 = DIRECTION('',(0.,0.,-1.));
#1367 = ORIENTED_EDGE('',*,*,#1368,.T.);
#1368 = EDGE_CURVE('',#1361,#1329,#1369,.T.);
#1369 = LINE('',#1370,#1371);
#1370 = CARTESIAN_POINT('',(5.624999999999,15.125,4.1));
#1371 = VECTOR('',#1372,1.);
#1372 = DIRECTION('',(-0.707106781187,-0.707106781187,0.));
#1373 = ORIENTED_EDGE('',*,*,#1336,.F.);
#1374 = ORIENTED_EDGE('',*,*,#303,.F.);
#1375 = ORIENTED_EDGE('',*,*,#1376,.T.);
#1376 = EDGE_CURVE('',#296,#1377,#1379,.T.);
#1377 = VERTEX_POINT('',#1378);
#1378 = CARTESIAN_POINT('',(10.499999999999,20.,6.5));
#1379 = LINE('',#1380,#1381);
#1380 = CARTESIAN_POINT('',(10.499999999999,20.,1.5));
#1381 = VECTOR('',#1382,1.);
#1382 = DIRECTION('',(0.,0.,1.));
#1383 = ORIENTED_EDGE('',*,*,#1384,.T.);
#1384 = EDGE_CURVE('',#1377,#1385,#1387,.T.);
#1385 = VERTEX_POINT('',#1386);
#1386 = CARTESIAN_POINT('',(8.249999999999,17.75,6.5));
#1387 = LINE('',#1388,#1389);
#1388 = CARTESIAN_POINT('',(10.499999999999,20.,6.5));
#1389 = VECTOR('',#1390,1.);
#1390 = DIRECTION('',(-0.707106781187,-0.707106781187,0.));
#1391 = ORIENTED_EDGE('',*,*,#1392,.F.);
#1392 = EDGE_CURVE('',#1393,#1385,#1395,.T.);
#1393 = VERTEX_POINT('',#1394);
#1394 = CARTESIAN_POINT('',(8.249999999999,17.75,5.9));
#1395 = LINE('',#1396,#1397);
#1396 = CARTESIAN_POINT('',(8.249999999999,17.75,1.5));
#1397 = VECTOR('',#1398,1.);
#1398 = DIRECTION('',(0.,0.,1.));
#1399 = ORIENTED_EDGE('',*,*,#1400,.T.);
#1400 = EDGE_CURVE('',#1393,#1353,#1401,.T.);
#1401 = LINE('',#1402,#1403);
#1402 = CARTESIAN_POINT('',(7.816666666666,17.316666666667,
    6.333333333333));
#1403 = VECTOR('',#1404,1.);
#1404 = DIRECTION('',(0.57735026919,0.57735026919,-0.57735026919));
#1405 = PLANE('',#1406);
#1406 = AXIS2_PLACEMENT_3D('',#1407,#1408,#1409);
#1407 = CARTESIAN_POINT('',(10.499999999999,20.,1.5));
#1408 = DIRECTION('',(0.707106781187,-0.707106781187,0.));
#1409 = DIRECTION('',(-0.707106781187,-0.707106781187,0.));
#1410 = ADVANCED_FACE('',(#1411),#1445,.T.);
#1411 = FACE_BOUND('',#1412,.T.);
#1412 = EDGE_LOOP('',(#1413,#1414,#1422,#1430,#1438,#1444));
#1413 = ORIENTED_EDGE('',*,*,#295,.F.);
#1414 = ORIENTED_EDGE('',*,*,#1415,.F.);
#1415 = EDGE_CURVE('',#1416,#288,#1418,.T.);
#1416 = VERTEX_POINT('',#1417);
#1417 = CARTESIAN_POINT('',(2.5,20.,2.5));
#1418 = LINE('',#1419,#1420);
#1419 = CARTESIAN_POINT('',(2.5,20.,4.));
#1420 = VECTOR('',#1421,1.);
#1421 = DIRECTION('',(0.,0.,-1.));
#1422 = ORIENTED_EDGE('',*,*,#1423,.F.);
#1423 = EDGE_CURVE('',#1424,#1416,#1426,.T.);
#1424 = VERTEX_POINT('',#1425);
#1425 = CARTESIAN_POINT('',(2.5,20.,3.500000000144));
#1426 = LINE('',#1427,#1428);
#1427 = CARTESIAN_POINT('',(2.5,20.,4.));
#1428 = VECTOR('',#1429,1.);
#1429 = DIRECTION('',(0.,0.,-1.));
#1430 = ORIENTED_EDGE('',*,*,#1431,.F.);
#1431 = EDGE_CURVE('',#1432,#1424,#1434,.T.);
#1432 = VERTEX_POINT('',#1433);
#1433 = CARTESIAN_POINT('',(2.5,20.,6.5));
#1434 = LINE('',#1435,#1436);
#1435 = CARTESIAN_POINT('',(2.5,20.,4.));
#1436 = VECTOR('',#1437,1.);
#1437 = DIRECTION('',(0.,0.,-1.));
#1438 = ORIENTED_EDGE('',*,*,#1439,.T.);
#1439 = EDGE_CURVE('',#1432,#1377,#1440,.T.);
#1440 = LINE('',#1441,#1442);
#1441 = CARTESIAN_POINT('',(-6.000000000001,20.,6.5));
#1442 = VECTOR('',#1443,1.);
#1443 = DIRECTION('',(1.,0.,0.));
#1444 = ORIENTED_EDGE('',*,*,#1376,.F.);
#1445 = PLANE('',#1446);
#1446 = AXIS2_PLACEMENT_3D('',#1447,#1448,#1449);
#1447 = CARTESIAN_POINT('',(-6.000000000001,20.,1.5));
#1448 = DIRECTION('',(0.,1.,0.));
#1449 = DIRECTION('',(1.,0.,0.));
#1450 = ADVANCED_FACE('',(#1451),#1478,.T.);
#1451 = FACE_BOUND('',#1452,.T.);
#1452 = EDGE_LOOP('',(#1453,#1461,#1462,#1463,#1472));
#1453 = ORIENTED_EDGE('',*,*,#1454,.F.);
#1454 = EDGE_CURVE('',#1416,#1455,#1457,.T.);
#1455 = VERTEX_POINT('',#1456);
#1456 = CARTESIAN_POINT('',(2.5,21.5,2.5));
#1457 = LINE('',#1458,#1459);
#1458 = CARTESIAN_POINT('',(2.5,18.5,2.5));
#1459 = VECTOR('',#1460,1.);
#1460 = DIRECTION('',(0.,1.,0.));
#1461 = ORIENTED_EDGE('',*,*,#1415,.T.);
#1462 = ORIENTED_EDGE('',*,*,#287,.T.);
#1463 = ORIENTED_EDGE('',*,*,#1464,.F.);
#1464 = EDGE_CURVE('',#1465,#280,#1467,.T.);
#1465 = VERTEX_POINT('',#1466);
#1466 = CARTESIAN_POINT('',(2.5,21.5,1.9));
#1467 = CIRCLE('',#1468,0.4);
#1468 = AXIS2_PLACEMENT_3D('',#1469,#1470,#1471);
#1469 = CARTESIAN_POINT('',(2.5,21.1,1.9));
#1470 = DIRECTION('',(-1.,0.,0.));
#1471 = DIRECTION('',(0.,1.,0.));
#1472 = ORIENTED_EDGE('',*,*,#1473,.F.);
#1473 = EDGE_CURVE('',#1455,#1465,#1474,.T.);
#1474 = LINE('',#1475,#1476);
#1475 = CARTESIAN_POINT('',(2.5,21.5,6.5));
#1476 = VECTOR('',#1477,1.);
#1477 = DIRECTION('',(-0.,-0.,-1.));
#1478 = PLANE('',#1479);
#1479 = AXIS2_PLACEMENT_3D('',#1480,#1481,#1482);
#1480 = CARTESIAN_POINT('',(2.5,19.,6.5));
#1481 = DIRECTION('',(1.,0.,0.));
#1482 = DIRECTION('',(0.,1.,0.));
#1483 = ADVANCED_FACE('',(#1484),#1503,.F.);
#1484 = FACE_BOUND('',#1485,.F.);
#1485 = EDGE_LOOP('',(#1486,#1494,#1501,#1502));
#1486 = ORIENTED_EDGE('',*,*,#1487,.F.);
#1487 = EDGE_CURVE('',#1488,#1465,#1490,.T.);
#1488 = VERTEX_POINT('',#1489);
#1489 = CARTESIAN_POINT('',(13.499999999999,21.5,1.9));
#1490 = LINE('',#1491,#1492);
#1491 = CARTESIAN_POINT('',(13.499999999999,21.5,1.9));
#1492 = VECTOR('',#1493,1.);
#1493 = DIRECTION('',(-1.,0.,0.));
#1494 = ORIENTED_EDGE('',*,*,#1495,.T.);
#1495 = EDGE_CURVE('',#1488,#271,#1496,.T.);
#1496 = CIRCLE('',#1497,0.4);
#1497 = AXIS2_PLACEMENT_3D('',#1498,#1499,#1500);
#1498 = CARTESIAN_POINT('',(13.499999999999,21.1,1.9));
#1499 = DIRECTION('',(-1.,0.,0.));
#1500 = DIRECTION('',(0.,1.,0.));
#1501 = ORIENTED_EDGE('',*,*,#279,.T.);
#1502 = ORIENTED_EDGE('',*,*,#1464,.F.);
#1503 = CYLINDRICAL_SURFACE('',#1504,0.4);
#1504 = AXIS2_PLACEMENT_3D('',#1505,#1506,#1507);
#1505 = CARTESIAN_POINT('',(13.499999999999,21.1,1.9));
#1506 = DIRECTION('',(-1.,0.,0.));
#1507 = DIRECTION('',(0.,1.,0.));
#1508 = ADVANCED_FACE('',(#1509),#1529,.T.);
#1509 = FACE_BOUND('',#1510,.T.);
#1510 = EDGE_LOOP('',(#1511,#1520,#1527,#1528));
#1511 = ORIENTED_EDGE('',*,*,#1512,.F.);
#1512 = EDGE_CURVE('',#1513,#263,#1515,.T.);
#1513 = VERTEX_POINT('',#1514);
#1514 = CARTESIAN_POINT('',(13.999999999999,21.,1.9));
#1515 = CIRCLE('',#1516,0.4);
#1516 = AXIS2_PLACEMENT_3D('',#1517,#1518,#1519);
#1517 = CARTESIAN_POINT('',(13.599999999999,21.,1.9));
#1518 = DIRECTION('',(-0.,1.,0.));
#1519 = DIRECTION('',(1.,0.,0.));
#1520 = ORIENTED_EDGE('',*,*,#1521,.T.);
#1521 = EDGE_CURVE('',#1513,#1488,#1522,.T.);
#1522 = CIRCLE('',#1523,0.5);
#1523 = AXIS2_PLACEMENT_3D('',#1524,#1525,#1526);
#1524 = CARTESIAN_POINT('',(13.499999999999,21.,1.9));
#1525 = DIRECTION('',(0.,-0.,1.));
#1526 = DIRECTION('',(1.,7.11E-15,0.));
#1527 = ORIENTED_EDGE('',*,*,#1495,.T.);
#1528 = ORIENTED_EDGE('',*,*,#270,.F.);
#1529 = OFFSET_SURFACE('',#1530,1.5,.F.);
#1530 = SURFACE_OF_REVOLUTION('',#1531,#1544);
#1531 = B_SPLINE_CURVE_WITH_KNOTS('',6,(#1532,#1533,#1534,#1535,#1536,
    #1537,#1538,#1539,#1540,#1541,#1542,#1543),.UNSPECIFIED.,.F.,.F.,(7,
    5,7),(0.,0.785398163397,1.570796326795),.UNSPECIFIED.);
#1532 = CARTESIAN_POINT('',(15.499999999999,21.,1.9));
#1533 = CARTESIAN_POINT('',(15.499999999999,21.,1.651290581591));
#1534 = CARTESIAN_POINT('',(15.460932969154,21.,1.402581578595));
#1535 = CARTESIAN_POINT('',(15.3827978897,21.,1.161540935116));
#1536 = CARTESIAN_POINT('',(15.267606260685,21.,0.93584961704));
#1537 = CARTESIAN_POINT('',(15.119367000556,21.,0.732361232048));
#1538 = CARTESIAN_POINT('',(14.767638767952,21.,0.380632999443));
#1539 = CARTESIAN_POINT('',(14.56415038296,21.,0.232393739314));
#1540 = CARTESIAN_POINT('',(14.338459064883,21.,0.117202110299));
#1541 = CARTESIAN_POINT('',(14.097418421405,21.,3.906703084475E-02));
#1542 = CARTESIAN_POINT('',(13.848709418408,21.,3.101260744808E-17));
#1543 = CARTESIAN_POINT('',(13.599999999999,21.,-1.26983314481E-31));
#1544 = AXIS1_PLACEMENT('',#1545,#1546);
#1545 = CARTESIAN_POINT('',(13.499999999999,21.,1.9));
#1546 = DIRECTION('',(0.,0.,1.));
#1547 = ADVANCED_FACE('',(#1548),#1559,.F.);
#1548 = FACE_BOUND('',#1549,.F.);
#1549 = EDGE_LOOP('',(#1550,#1556,#1557,#1558));
#1550 = ORIENTED_EDGE('',*,*,#1551,.F.);
#1551 = EDGE_CURVE('',#660,#1513,#1552,.T.);
#1552 = LINE('',#1553,#1554);
#1553 = CARTESIAN_POINT('',(13.999999999999,-21.,1.9));
#1554 = VECTOR('',#1555,1.);
#1555 = DIRECTION('',(0.,1.,0.));
#1556 = ORIENTED_EDGE('',*,*,#659,.T.);
#1557 = ORIENTED_EDGE('',*,*,#262,.T.);
#1558 = ORIENTED_EDGE('',*,*,#1512,.F.);
#1559 = CYLINDRICAL_SURFACE('',#1560,0.4);
#1560 = AXIS2_PLACEMENT_3D('',#1561,#1562,#1563);
#1561 = CARTESIAN_POINT('',(13.599999999999,-21.,1.9));
#1562 = DIRECTION('',(0.,1.,0.));
#1563 = DIRECTION('',(1.,0.,0.));
#1564 = ADVANCED_FACE('',(#1565),#1584,.T.);
#1565 = FACE_BOUND('',#1566,.F.);
#1566 = EDGE_LOOP('',(#1567,#1568,#1576,#1583));
#1567 = ORIENTED_EDGE('',*,*,#450,.T.);
#1568 = ORIENTED_EDGE('',*,*,#1569,.T.);
#1569 = EDGE_CURVE('',#451,#1570,#1572,.T.);
#1570 = VERTEX_POINT('',#1571);
#1571 = CARTESIAN_POINT('',(4.5,-16.5,3.));
#1572 = LINE('',#1573,#1574);
#1573 = CARTESIAN_POINT('',(4.5,-16.5,1.));
#1574 = VECTOR('',#1575,1.);
#1575 = DIRECTION('',(0.,0.,1.));
#1576 = ORIENTED_EDGE('',*,*,#1577,.T.);
#1577 = EDGE_CURVE('',#1570,#1570,#1578,.T.);
#1578 = CIRCLE('',#1579,4.5);
#1579 = AXIS2_PLACEMENT_3D('',#1580,#1581,#1582);
#1580 = CARTESIAN_POINT('',(0.,-16.5,3.));
#1581 = DIRECTION('',(0.,0.,1.));
#1582 = DIRECTION('',(1.,0.,0.));
#1583 = ORIENTED_EDGE('',*,*,#1569,.F.);
#1584 = CYLINDRICAL_SURFACE('',#1585,4.5);
#1585 = AXIS2_PLACEMENT_3D('',#1586,#1587,#1588);
#1586 = CARTESIAN_POINT('',(0.,-16.5,1.));
#1587 = DIRECTION('',(-0.,-0.,-1.));
#1588 = DIRECTION('',(1.,0.,0.));
#1589 = ADVANCED_FACE('',(#1590),#1615,.T.);
#1590 = FACE_BOUND('',#1591,.T.);
#1591 = EDGE_LOOP('',(#1592,#1600,#1608,#1614));
#1592 = ORIENTED_EDGE('',*,*,#1593,.T.);
#1593 = EDGE_CURVE('',#462,#1594,#1596,.T.);
#1594 = VERTEX_POINT('',#1595);
#1595 = CARTESIAN_POINT('',(-7.500000000001,-1.,6.5));
#1596 = LINE('',#1597,#1598);
#1597 = CARTESIAN_POINT('',(-7.500000000001,-1.,1.5));
#1598 = VECTOR('',#1599,1.);
#1599 = DIRECTION('',(0.,0.,1.));
#1600 = ORIENTED_EDGE('',*,*,#1601,.T.);
#1601 = EDGE_CURVE('',#1594,#1602,#1604,.T.);
#1602 = VERTEX_POINT('',#1603);
#1603 = CARTESIAN_POINT('',(-9.500000000001,-1.,6.5));
#1604 = LINE('',#1605,#1606);
#1605 = CARTESIAN_POINT('',(-7.500000000001,-1.,6.5));
#1606 = VECTOR('',#1607,1.);
#1607 = DIRECTION('',(-1.,0.,0.));
#1608 = ORIENTED_EDGE('',*,*,#1609,.F.);
#1609 = EDGE_CURVE('',#464,#1602,#1610,.T.);
#1610 = LINE('',#1611,#1612);
#1611 = CARTESIAN_POINT('',(-9.500000000001,-1.,1.5));
#1612 = VECTOR('',#1613,1.);
#1613 = DIRECTION('',(0.,0.,1.));
#1614 = ORIENTED_EDGE('',*,*,#461,.F.);
#1615 = PLANE('',#1616);
#1616 = AXIS2_PLACEMENT_3D('',#1617,#1618,#1619);
#1617 = CARTESIAN_POINT('',(-7.500000000001,-1.,1.5));
#1618 = DIRECTION('',(0.,-1.,0.));
#1619 = DIRECTION('',(-1.,0.,0.));
#1620 = ADVANCED_FACE('',(#1621),#1639,.T.);
#1621 = FACE_BOUND('',#1622,.T.);
#1622 = EDGE_LOOP('',(#1623,#1624,#1632,#1638));
#1623 = ORIENTED_EDGE('',*,*,#487,.F.);
#1624 = ORIENTED_EDGE('',*,*,#1625,.T.);
#1625 = EDGE_CURVE('',#480,#1626,#1628,.T.);
#1626 = VERTEX_POINT('',#1627);
#1627 = CARTESIAN_POINT('',(-7.500000000001,2.,6.5));
#1628 = LINE('',#1629,#1630);
#1629 = CARTESIAN_POINT('',(-7.500000000001,2.,1.5));
#1630 = VECTOR('',#1631,1.);
#1631 = DIRECTION('',(0.,0.,1.));
#1632 = ORIENTED_EDGE('',*,*,#1633,.T.);
#1633 = EDGE_CURVE('',#1626,#1594,#1634,.T.);
#1634 = LINE('',#1635,#1636);
#1635 = CARTESIAN_POINT('',(-7.500000000001,2.,6.5));
#1636 = VECTOR('',#1637,1.);
#1637 = DIRECTION('',(0.,-1.,0.));
#1638 = ORIENTED_EDGE('',*,*,#1593,.F.);
#1639 = PLANE('',#1640);
#1640 = AXIS2_PLACEMENT_3D('',#1641,#1642,#1643);
#1641 = CARTESIAN_POINT('',(-7.500000000001,0.5,4.));
#1642 = DIRECTION('',(1.,0.,0.));
#1643 = DIRECTION('',(0.,0.,1.));
#1644 = ADVANCED_FACE('',(#1645),#1663,.T.);
#1645 = FACE_BOUND('',#1646,.T.);
#1646 = EDGE_LOOP('',(#1647,#1648,#1656,#1662));
#1647 = ORIENTED_EDGE('',*,*,#1609,.T.);
#1648 = ORIENTED_EDGE('',*,*,#1649,.T.);
#1649 = EDGE_CURVE('',#1602,#1650,#1652,.T.);
#1650 = VERTEX_POINT('',#1651);
#1651 = CARTESIAN_POINT('',(-9.500000000001,2.,6.5));
#1652 = LINE('',#1653,#1654);
#1653 = CARTESIAN_POINT('',(-9.500000000001,-1.,6.5));
#1654 = VECTOR('',#1655,1.);
#1655 = DIRECTION('',(0.,1.,0.));
#1656 = ORIENTED_EDGE('',*,*,#1657,.F.);
#1657 = EDGE_CURVE('',#472,#1650,#1658,.T.);
#1658 = LINE('',#1659,#1660);
#1659 = CARTESIAN_POINT('',(-9.500000000001,2.,1.5));
#1660 = VECTOR('',#1661,1.);
#1661 = DIRECTION('',(0.,0.,1.));
#1662 = ORIENTED_EDGE('',*,*,#471,.F.);
#1663 = PLANE('',#1664);
#1664 = AXIS2_PLACEMENT_3D('',#1665,#1666,#1667);
#1665 = CARTESIAN_POINT('',(-9.500000000001,-1.,1.5));
#1666 = DIRECTION('',(-1.,0.,0.));
#1667 = DIRECTION('',(0.,1.,0.));
#1668 = ADVANCED_FACE('',(#1669),#1680,.T.);
#1669 = FACE_BOUND('',#1670,.T.);
#1670 = EDGE_LOOP('',(#1671,#1672,#1678,#1679));
#1671 = ORIENTED_EDGE('',*,*,#1657,.T.);
#1672 = ORIENTED_EDGE('',*,*,#1673,.T.);
#1673 = EDGE_CURVE('',#1650,#1626,#1674,.T.);
#1674 = LINE('',#1675,#1676);
#1675 = CARTESIAN_POINT('',(-9.500000000001,2.,6.5));
#1676 = VECTOR('',#1677,1.);
#1677 = DIRECTION('',(1.,0.,0.));
#1678 = ORIENTED_EDGE('',*,*,#1625,.F.);
#1679 = ORIENTED_EDGE('',*,*,#479,.F.);
#1680 = PLANE('',#1681);
#1681 = AXIS2_PLACEMENT_3D('',#1682,#1683,#1684);
#1682 = CARTESIAN_POINT('',(-9.500000000001,2.,1.5));
#1683 = DIRECTION('',(0.,1.,0.));
#1684 = DIRECTION('',(1.,0.,0.));
#1685 = ADVANCED_FACE('',(#1686),#1705,.F.);
#1686 = FACE_BOUND('',#1687,.T.);
#1687 = EDGE_LOOP('',(#1688,#1697,#1703,#1704));
#1688 = ORIENTED_EDGE('',*,*,#1689,.T.);
#1689 = EDGE_CURVE('',#1690,#1690,#1692,.T.);
#1690 = VERTEX_POINT('',#1691);
#1691 = CARTESIAN_POINT('',(-3.75,5.,0.));
#1692 = CIRCLE('',#1693,2.25);
#1693 = AXIS2_PLACEMENT_3D('',#1694,#1695,#1696);
#1694 = CARTESIAN_POINT('',(-6.,5.,0.));
#1695 = DIRECTION('',(0.,0.,-1.));
#1696 = DIRECTION('',(1.,0.,0.));
#1697 = ORIENTED_EDGE('',*,*,#1698,.T.);
#1698 = EDGE_CURVE('',#1690,#496,#1699,.T.);
#1699 = LINE('',#1700,#1701);
#1700 = CARTESIAN_POINT('',(-3.75,5.,-112.8174973131));
#1701 = VECTOR('',#1702,1.);
#1702 = DIRECTION('',(0.,0.,1.));
#1703 = ORIENTED_EDGE('',*,*,#495,.F.);
#1704 = ORIENTED_EDGE('',*,*,#1698,.F.);
#1705 = CYLINDRICAL_SURFACE('',#1706,2.25);
#1706 = AXIS2_PLACEMENT_3D('',#1707,#1708,#1709);
#1707 = CARTESIAN_POINT('',(-6.,5.,-112.8174973131));
#1708 = DIRECTION('',(-0.,-0.,-1.));
#1709 = DIRECTION('',(1.,0.,0.));
#1710 = ADVANCED_FACE('',(#1711),#1730,.F.);
#1711 = FACE_BOUND('',#1712,.T.);
#1712 = EDGE_LOOP('',(#1713,#1722,#1728,#1729));
#1713 = ORIENTED_EDGE('',*,*,#1714,.T.);
#1714 = EDGE_CURVE('',#1715,#1715,#1717,.T.);
#1715 = VERTEX_POINT('',#1716);
#1716 = CARTESIAN_POINT('',(-8.250000000001,14.,0.));
#1717 = CIRCLE('',#1718,2.25);
#1718 = AXIS2_PLACEMENT_3D('',#1719,#1720,#1721);
#1719 = CARTESIAN_POINT('',(-10.5,14.,0.));
#1720 = DIRECTION('',(0.,0.,-1.));
#1721 = DIRECTION('',(1.,0.,0.));
#1722 = ORIENTED_EDGE('',*,*,#1723,.T.);
#1723 = EDGE_CURVE('',#1715,#507,#1724,.T.);
#1724 = LINE('',#1725,#1726);
#1725 = CARTESIAN_POINT('',(-8.250000000001,14.,-112.8174973131));
#1726 = VECTOR('',#1727,1.);
#1727 = DIRECTION('',(0.,0.,1.));
#1728 = ORIENTED_EDGE('',*,*,#506,.F.);
#1729 = ORIENTED_EDGE('',*,*,#1723,.F.);
#1730 = CYLINDRICAL_SURFACE('',#1731,2.25);
#1731 = AXIS2_PLACEMENT_3D('',#1732,#1733,#1734);
#1732 = CARTESIAN_POINT('',(-10.5,14.,-112.8174973131));
#1733 = DIRECTION('',(-0.,-0.,-1.));
#1734 = DIRECTION('',(1.,0.,0.));
#1735 = ADVANCED_FACE('',(#1736),#1761,.F.);
#1736 = FACE_BOUND('',#1737,.F.);
#1737 = EDGE_LOOP('',(#1738,#1746,#1754,#1760));
#1738 = ORIENTED_EDGE('',*,*,#1739,.T.);
#1739 = EDGE_CURVE('',#518,#1740,#1742,.T.);
#1740 = VERTEX_POINT('',#1741);
#1741 = CARTESIAN_POINT('',(-9.500000000001,20.,6.5));
#1742 = LINE('',#1743,#1744);
#1743 = CARTESIAN_POINT('',(-9.500000000001,20.,1.5));
#1744 = VECTOR('',#1745,1.);
#1745 = DIRECTION('',(0.,0.,1.));
#1746 = ORIENTED_EDGE('',*,*,#1747,.T.);
#1747 = EDGE_CURVE('',#1740,#1748,#1750,.T.);
#1748 = VERTEX_POINT('',#1749);
#1749 = CARTESIAN_POINT('',(-9.500000000001,17.,6.5));
#1750 = LINE('',#1751,#1752);
#1751 = CARTESIAN_POINT('',(-9.500000000001,20.,6.5));
#1752 = VECTOR('',#1753,1.);
#1753 = DIRECTION('',(0.,-1.,0.));
#1754 = ORIENTED_EDGE('',*,*,#1755,.F.);
#1755 = EDGE_CURVE('',#520,#1748,#1756,.T.);
#1756 = LINE('',#1757,#1758);
#1757 = CARTESIAN_POINT('',(-9.500000000001,17.,1.5));
#1758 = VECTOR('',#1759,1.);
#1759 = DIRECTION('',(0.,0.,1.));
#1760 = ORIENTED_EDGE('',*,*,#517,.F.);
#1761 = PLANE('',#1762);
#1762 = AXIS2_PLACEMENT_3D('',#1763,#1764,#1765);
#1763 = CARTESIAN_POINT('',(-9.500000000001,20.,1.5));
#1764 = DIRECTION('',(1.,0.,0.));
#1765 = DIRECTION('',(0.,-1.,0.));
#1766 = ADVANCED_FACE('',(#1767),#1785,.F.);
#1767 = FACE_BOUND('',#1768,.F.);
#1768 = EDGE_LOOP('',(#1769,#1777,#1783,#1784));
#1769 = ORIENTED_EDGE('',*,*,#1770,.T.);
#1770 = EDGE_CURVE('',#528,#1771,#1773,.T.);
#1771 = VERTEX_POINT('',#1772);
#1772 = CARTESIAN_POINT('',(-7.500000000001,20.,6.5));
#1773 = LINE('',#1774,#1775);
#1774 = CARTESIAN_POINT('',(-7.500000000001,20.,1.5));
#1775 = VECTOR('',#1776,1.);
#1776 = DIRECTION('',(0.,0.,1.));
#1777 = ORIENTED_EDGE('',*,*,#1778,.T.);
#1778 = EDGE_CURVE('',#1771,#1740,#1779,.T.);
#1779 = LINE('',#1780,#1781);
#1780 = CARTESIAN_POINT('',(-7.500000000001,20.,6.5));
#1781 = VECTOR('',#1782,1.);
#1782 = DIRECTION('',(-1.,0.,0.));
#1783 = ORIENTED_EDGE('',*,*,#1739,.F.);
#1784 = ORIENTED_EDGE('',*,*,#527,.F.);
#1785 = PLANE('',#1786);
#1786 = AXIS2_PLACEMENT_3D('',#1787,#1788,#1789);
#1787 = CARTESIAN_POINT('',(-7.500000000001,20.,1.5));
#1788 = DIRECTION('',(0.,-1.,0.));
#1789 = DIRECTION('',(-1.,0.,0.));
#1790 = ADVANCED_FACE('',(#1791),#1809,.F.);
#1791 = FACE_BOUND('',#1792,.F.);
#1792 = EDGE_LOOP('',(#1793,#1794,#1802,#1808));
#1793 = ORIENTED_EDGE('',*,*,#1755,.T.);
#1794 = ORIENTED_EDGE('',*,*,#1795,.T.);
#1795 = EDGE_CURVE('',#1748,#1796,#1798,.T.);
#1796 = VERTEX_POINT('',#1797);
#1797 = CARTESIAN_POINT('',(-7.500000000001,17.,6.5));
#1798 = LINE('',#1799,#1800);
#1799 = CARTESIAN_POINT('',(-9.500000000001,17.,6.5));
#1800 = VECTOR('',#1801,1.);
#1801 = DIRECTION('',(1.,0.,0.));
#1802 = ORIENTED_EDGE('',*,*,#1803,.F.);
#1803 = EDGE_CURVE('',#536,#1796,#1804,.T.);
#1804 = LINE('',#1805,#1806);
#1805 = CARTESIAN_POINT('',(-7.500000000001,17.,1.5));
#1806 = VECTOR('',#1807,1.);
#1807 = DIRECTION('',(0.,0.,1.));
#1808 = ORIENTED_EDGE('',*,*,#543,.F.);
#1809 = PLANE('',#1810);
#1810 = AXIS2_PLACEMENT_3D('',#1811,#1812,#1813);
#1811 = CARTESIAN_POINT('',(-9.500000000001,17.,1.5));
#1812 = DIRECTION('',(0.,1.,0.));
#1813 = DIRECTION('',(1.,0.,0.));
#1814 = ADVANCED_FACE('',(#1815),#1826,.T.);
#1815 = FACE_BOUND('',#1816,.T.);
#1816 = EDGE_LOOP('',(#1817,#1818,#1819,#1825));
#1817 = ORIENTED_EDGE('',*,*,#535,.T.);
#1818 = ORIENTED_EDGE('',*,*,#1770,.T.);
#1819 = ORIENTED_EDGE('',*,*,#1820,.F.);
#1820 = EDGE_CURVE('',#1796,#1771,#1821,.T.);
#1821 = LINE('',#1822,#1823);
#1822 = CARTESIAN_POINT('',(-7.500000000001,17.,6.5));
#1823 = VECTOR('',#1824,1.);
#1824 = DIRECTION('',(0.,1.,0.));
#1825 = ORIENTED_EDGE('',*,*,#1803,.F.);
#1826 = PLANE('',#1827);
#1827 = AXIS2_PLACEMENT_3D('',#1828,#1829,#1830);
#1828 = CARTESIAN_POINT('',(-7.500000000001,18.5,4.));
#1829 = DIRECTION('',(1.,0.,0.));
#1830 = DIRECTION('',(0.,0.,1.));
#1831 = ADVANCED_FACE('',(#1832),#1920,.T.);
#1832 = FACE_BOUND('',#1833,.T.);
#1833 = EDGE_LOOP('',(#1834,#1844,#1861,#1862,#1870,#1879,#1887,#1896,
    #1902,#1903));
#1834 = ORIENTED_EDGE('',*,*,#1835,.F.);
#1835 = EDGE_CURVE('',#1836,#1838,#1840,.T.);
#1836 = VERTEX_POINT('',#1837);
#1837 = CARTESIAN_POINT('',(15.073091986265,5.,0.7));
#1838 = VERTEX_POINT('',#1839);
#1839 = CARTESIAN_POINT('',(15.073091986265,14.,0.7));
#1840 = LINE('',#1841,#1842);
#1841 = CARTESIAN_POINT('',(15.073091986265,-21.,0.7));
#1842 = VECTOR('',#1843,1.);
#1843 = DIRECTION('',(0.,1.,0.));
#1844 = ORIENTED_EDGE('',*,*,#1845,.F.);
#1845 = EDGE_CURVE('',#741,#1836,#1846,.T.);
#1846 = B_SPLINE_CURVE_WITH_KNOTS('',7,(#1847,#1848,#1849,#1850,#1851,
    #1852,#1853,#1854,#1855,#1856,#1857,#1858,#1859,#1860),
  .UNSPECIFIED.,.F.,.F.,(8,6,8),(0.,0.456131540056,1.),.UNSPECIFIED.);
#1847 = CARTESIAN_POINT('',(15.366352173265,4.5,1.2));
#1848 = CARTESIAN_POINT('',(15.345424316939,4.5,1.147191479282));
#1849 = CARTESIAN_POINT('',(15.322506371888,4.506507188596,
    1.094738195466));
#1850 = CARTESIAN_POINT('',(15.297967638714,4.519363101088,
    1.043714577486));
#1851 = CARTESIAN_POINT('',(15.272356845897,4.538154081992,
    0.995021470074));
#1852 = CARTESIAN_POINT('',(15.246346947355,4.562363941528,0.94937123108
    ));
#1853 = CARTESIAN_POINT('',(15.220687806548,4.591464563587,
    0.907319561376));
#1854 = CARTESIAN_POINT('',(15.166929104788,4.664864227188,0.82406398551
    ));
#1855 = CARTESIAN_POINT('',(15.139281950245,4.711046455348,
    0.784537068718));
#1856 = CARTESIAN_POINT('',(15.114588730684,4.762626354186,
    0.751612944598));
#1857 = CARTESIAN_POINT('',(15.094353339672,4.818622794695,
    0.726095068452));
#1858 = CARTESIAN_POINT('',(15.080180090521,4.877882935006,
    0.708702328706));
#1859 = CARTESIAN_POINT('',(15.073091986265,4.938929692722,0.7));
#1860 = CARTESIAN_POINT('',(15.073091986265,5.,0.7));
#1861 = ORIENTED_EDGE('',*,*,#748,.F.);
#1862 = ORIENTED_EDGE('',*,*,#1863,.F.);
#1863 = EDGE_CURVE('',#1864,#749,#1866,.T.);
#1864 = VERTEX_POINT('',#1865);
#1865 = CARTESIAN_POINT('',(15.499999999999,-21.,1.9));
#1866 = LINE('',#1867,#1868);
#1867 = CARTESIAN_POINT('',(15.499999999999,-21.,1.9));
#1868 = VECTOR('',#1869,1.);
#1869 = DIRECTION('',(0.,1.,0.));
#1870 = ORIENTED_EDGE('',*,*,#1871,.T.);
#1871 = EDGE_CURVE('',#1864,#1872,#1874,.T.);
#1872 = VERTEX_POINT('',#1873);
#1873 = CARTESIAN_POINT('',(13.599999999999,-21.,0.));
#1874 = CIRCLE('',#1875,1.9);
#1875 = AXIS2_PLACEMENT_3D('',#1876,#1877,#1878);
#1876 = CARTESIAN_POINT('',(13.599999999999,-21.,1.9));
#1877 = DIRECTION('',(5.39E-15,1.,0.));
#1878 = DIRECTION('',(1.,-5.39E-15,0.));
#1879 = ORIENTED_EDGE('',*,*,#1880,.T.);
#1880 = EDGE_CURVE('',#1872,#1881,#1883,.T.);
#1881 = VERTEX_POINT('',#1882);
#1882 = CARTESIAN_POINT('',(13.599999999999,21.,0.));
#1883 = LINE('',#1884,#1885);
#1884 = CARTESIAN_POINT('',(13.599999999999,-21.,-4.4E-16));
#1885 = VECTOR('',#1886,1.);
#1886 = DIRECTION('',(0.,1.,0.));
#1887 = ORIENTED_EDGE('',*,*,#1888,.F.);
#1888 = EDGE_CURVE('',#1889,#1881,#1891,.T.);
#1889 = VERTEX_POINT('',#1890);
#1890 = CARTESIAN_POINT('',(15.499999999999,21.,1.9));
#1891 = CIRCLE('',#1892,1.9);
#1892 = AXIS2_PLACEMENT_3D('',#1893,#1894,#1895);
#1893 = CARTESIAN_POINT('',(13.599999999999,21.,1.9));
#1894 = DIRECTION('',(-0.,1.,0.));
#1895 = DIRECTION('',(1.,0.,0.));
#1896 = ORIENTED_EDGE('',*,*,#1897,.F.);
#1897 = EDGE_CURVE('',#634,#1889,#1898,.T.);
#1898 = LINE('',#1899,#1900);
#1899 = CARTESIAN_POINT('',(15.499999999999,-21.,1.9));
#1900 = VECTOR('',#1901,1.);
#1901 = DIRECTION('',(0.,1.,0.));
#1902 = ORIENTED_EDGE('',*,*,#633,.T.);
#1903 = ORIENTED_EDGE('',*,*,#1904,.F.);
#1904 = EDGE_CURVE('',#1838,#636,#1905,.T.);
#1905 = B_SPLINE_CURVE_WITH_KNOTS('',7,(#1906,#1907,#1908,#1909,#1910,
    #1911,#1912,#1913,#1914,#1915,#1916,#1917,#1918,#1919),
  .UNSPECIFIED.,.F.,.F.,(8,6,8),(0.,0.54388206116,1.),.UNSPECIFIED.);
#1906 = CARTESIAN_POINT('',(15.073091986265,14.,0.7));
#1907 = CARTESIAN_POINT('',(15.073091986265,14.061075712683,0.7));
#1908 = CARTESIAN_POINT('',(15.080181250449,14.122122178104,
    0.708703870708));
#1909 = CARTESIAN_POINT('',(15.094354979771,14.181378096506,
    0.726096744484));
#1910 = CARTESIAN_POINT('',(15.114587711736,14.23737106244,0.75161232461
    ));
#1911 = CARTESIAN_POINT('',(15.13928022702,14.288950173693,
    0.784534529974));
#1912 = CARTESIAN_POINT('',(15.166927685588,14.335133835101,
    0.824061787609));
#1913 = CARTESIAN_POINT('',(15.220687652358,14.40853522589,
    0.907319322584));
#1914 = CARTESIAN_POINT('',(15.246346877621,14.437636049076,
    0.949371114452));
#1915 = CARTESIAN_POINT('',(15.272356868559,14.461845944115,
    0.995021495765));
#1916 = CARTESIAN_POINT('',(15.297967697158,14.480636935139,
    1.043714661593));
#1917 = CARTESIAN_POINT('',(15.322506456622,14.493492889048,
    1.094738365398));
#1918 = CARTESIAN_POINT('',(15.345424447243,14.5,1.147191808086));
#1919 = CARTESIAN_POINT('',(15.366352173265,14.5,1.2));
#1920 = CYLINDRICAL_SURFACE('',#1921,1.9);
#1921 = AXIS2_PLACEMENT_3D('',#1922,#1923,#1924);
#1922 = CARTESIAN_POINT('',(13.599999999999,-21.,1.9));
#1923 = DIRECTION('',(0.,1.,0.));
#1924 = DIRECTION('',(1.,0.,0.));
#1925 = ADVANCED_FACE('',(#1926),#1960,.F.);
#1926 = FACE_BOUND('',#1927,.F.);
#1927 = EDGE_LOOP('',(#1928,#1929,#1930,#1938,#1946,#1954));
#1928 = ORIENTED_EDGE('',*,*,#1897,.F.);
#1929 = ORIENTED_EDGE('',*,*,#684,.T.);
#1930 = ORIENTED_EDGE('',*,*,#1931,.T.);
#1931 = EDGE_CURVE('',#677,#1932,#1934,.T.);
#1932 = VERTEX_POINT('',#1933);
#1933 = CARTESIAN_POINT('',(15.499999999999,16.5,2.));
#1934 = LINE('',#1935,#1936);
#1935 = CARTESIAN_POINT('',(15.499999999999,2.5,2.));
#1936 = VECTOR('',#1937,1.);
#1937 = DIRECTION('',(0.,1.,0.));
#1938 = ORIENTED_EDGE('',*,*,#1939,.T.);
#1939 = EDGE_CURVE('',#1932,#1940,#1942,.T.);
#1940 = VERTEX_POINT('',#1941);
#1941 = CARTESIAN_POINT('',(15.499999999999,16.5,2.5));
#1942 = LINE('',#1943,#1944);
#1943 = CARTESIAN_POINT('',(15.499999999999,16.5,2.));
#1944 = VECTOR('',#1945,1.);
#1945 = DIRECTION('',(0.,0.,1.));
#1946 = ORIENTED_EDGE('',*,*,#1947,.T.);
#1947 = EDGE_CURVE('',#1940,#1948,#1950,.T.);
#1948 = VERTEX_POINT('',#1949);
#1949 = CARTESIAN_POINT('',(15.499999999999,21.,2.5));
#1950 = LINE('',#1951,#1952);
#1951 = CARTESIAN_POINT('',(15.499999999999,-21.,2.5));
#1952 = VECTOR('',#1953,1.);
#1953 = DIRECTION('',(0.,1.,0.));
#1954 = ORIENTED_EDGE('',*,*,#1955,.F.);
#1955 = EDGE_CURVE('',#1889,#1948,#1956,.T.);
#1956 = LINE('',#1957,#1958);
#1957 = CARTESIAN_POINT('',(15.499999999999,21.,0.));
#1958 = VECTOR('',#1959,1.);
#1959 = DIRECTION('',(0.,0.,1.));
#1960 = PLANE('',#1961);
#1961 = AXIS2_PLACEMENT_3D('',#1962,#1963,#1964);
#1962 = CARTESIAN_POINT('',(15.499999999999,-21.,0.));
#1963 = DIRECTION('',(-1.,0.,0.));
#1964 = DIRECTION('',(0.,1.,0.));
#1965 = ADVANCED_FACE('',(#1966),#1984,.F.);
#1966 = FACE_BOUND('',#1967,.F.);
#1967 = EDGE_LOOP('',(#1968,#1969,#1970,#1978));
#1968 = ORIENTED_EDGE('',*,*,#1931,.F.);
#1969 = ORIENTED_EDGE('',*,*,#676,.T.);
#1970 = ORIENTED_EDGE('',*,*,#1971,.F.);
#1971 = EDGE_CURVE('',#1972,#669,#1974,.T.);
#1972 = VERTEX_POINT('',#1973);
#1973 = CARTESIAN_POINT('',(13.999999999999,16.5,2.));
#1974 = LINE('',#1975,#1976);
#1975 = CARTESIAN_POINT('',(13.999999999999,-9.25,2.));
#1976 = VECTOR('',#1977,1.);
#1977 = DIRECTION('',(-0.,-1.,-0.));
#1978 = ORIENTED_EDGE('',*,*,#1979,.F.);
#1979 = EDGE_CURVE('',#1932,#1972,#1980,.T.);
#1980 = LINE('',#1981,#1982);
#1981 = CARTESIAN_POINT('',(15.499999999999,16.5,2.));
#1982 = VECTOR('',#1983,1.);
#1983 = DIRECTION('',(-1.,-0.,-0.));
#1984 = PLANE('',#1985);
#1985 = AXIS2_PLACEMENT_3D('',#1986,#1987,#1988);
#1986 = CARTESIAN_POINT('',(15.499999999999,2.5,2.));
#1987 = DIRECTION('',(0.,0.,-1.));
#1988 = DIRECTION('',(0.,1.,0.));
#1989 = ADVANCED_FACE('',(#1990),#2017,.T.);
#1990 = FACE_BOUND('',#1991,.T.);
#1991 = EDGE_LOOP('',(#1992,#1993,#1994,#1995,#2003,#2011));
#1992 = ORIENTED_EDGE('',*,*,#1551,.F.);
#1993 = ORIENTED_EDGE('',*,*,#668,.F.);
#1994 = ORIENTED_EDGE('',*,*,#1971,.F.);
#1995 = ORIENTED_EDGE('',*,*,#1996,.F.);
#1996 = EDGE_CURVE('',#1997,#1972,#1999,.T.);
#1997 = VERTEX_POINT('',#1998);
#1998 = CARTESIAN_POINT('',(13.999999999999,16.5,2.5));
#1999 = LINE('',#2000,#2001);
#2000 = CARTESIAN_POINT('',(13.999999999999,16.5,1.));
#2001 = VECTOR('',#2002,1.);
#2002 = DIRECTION('',(0.,0.,-1.));
#2003 = ORIENTED_EDGE('',*,*,#2004,.T.);
#2004 = EDGE_CURVE('',#1997,#2005,#2007,.T.);
#2005 = VERTEX_POINT('',#2006);
#2006 = CARTESIAN_POINT('',(13.999999999999,21.,2.5));
#2007 = LINE('',#2008,#2009);
#2008 = CARTESIAN_POINT('',(13.999999999999,-21.,2.5));
#2009 = VECTOR('',#2010,1.);
#2010 = DIRECTION('',(0.,1.,0.));
#2011 = ORIENTED_EDGE('',*,*,#2012,.F.);
#2012 = EDGE_CURVE('',#1513,#2005,#2013,.T.);
#2013 = LINE('',#2014,#2015);
#2014 = CARTESIAN_POINT('',(13.999999999999,21.,0.));
#2015 = VECTOR('',#2016,1.);
#2016 = DIRECTION('',(0.,0.,1.));
#2017 = PLANE('',#2018);
#2018 = AXIS2_PLACEMENT_3D('',#2019,#2020,#2021);
#2019 = CARTESIAN_POINT('',(13.999999999999,-21.,0.));
#2020 = DIRECTION('',(-1.,0.,0.));
#2021 = DIRECTION('',(0.,1.,0.));
#2022 = ADVANCED_FACE('',(#2023),#2034,.F.);
#2023 = FACE_BOUND('',#2024,.T.);
#2024 = EDGE_LOOP('',(#2025,#2026,#2027,#2028));
#2025 = ORIENTED_EDGE('',*,*,#1904,.T.);
#2026 = ORIENTED_EDGE('',*,*,#644,.T.);
#2027 = ORIENTED_EDGE('',*,*,#708,.F.);
#2028 = ORIENTED_EDGE('',*,*,#2029,.F.);
#2029 = EDGE_CURVE('',#1838,#701,#2030,.T.);
#2030 = LINE('',#2031,#2032);
#2031 = CARTESIAN_POINT('',(15.073091986265,14.,0.7));
#2032 = VECTOR('',#2033,1.);
#2033 = DIRECTION('',(-1.,-0.,-0.));
#2034 = CYLINDRICAL_SURFACE('',#2035,0.5);
#2035 = AXIS2_PLACEMENT_3D('',#2036,#2037,#2038);
#2036 = CARTESIAN_POINT('',(15.073091986265,14.,1.2));
#2037 = DIRECTION('',(-1.,-0.,-0.));
#2038 = DIRECTION('',(0.,0.,-1.));
#2039 = ADVANCED_FACE('',(#2040),#2051,.F.);
#2040 = FACE_BOUND('',#2041,.F.);
#2041 = EDGE_LOOP('',(#2042,#2043,#2049,#2050));
#2042 = ORIENTED_EDGE('',*,*,#1835,.F.);
#2043 = ORIENTED_EDGE('',*,*,#2044,.T.);
#2044 = EDGE_CURVE('',#1836,#699,#2045,.T.);
#2045 = LINE('',#2046,#2047);
#2046 = CARTESIAN_POINT('',(15.073091986265,5.,0.7));
#2047 = VECTOR('',#2048,1.);
#2048 = DIRECTION('',(-1.,-0.,-0.));
#2049 = ORIENTED_EDGE('',*,*,#698,.T.);
#2050 = ORIENTED_EDGE('',*,*,#2029,.F.);
#2051 = PLANE('',#2052);
#2052 = AXIS2_PLACEMENT_3D('',#2053,#2054,#2055);
#2053 = CARTESIAN_POINT('',(15.499999999999,4.5,0.7));
#2054 = DIRECTION('',(0.,0.,-1.));
#2055 = DIRECTION('',(0.,1.,0.));
#2056 = ADVANCED_FACE('',(#2057),#2063,.F.);
#2057 = FACE_BOUND('',#2058,.T.);
#2058 = EDGE_LOOP('',(#2059,#2060,#2061,#2062));
#2059 = ORIENTED_EDGE('',*,*,#1845,.T.);
#2060 = ORIENTED_EDGE('',*,*,#2044,.T.);
#2061 = ORIENTED_EDGE('',*,*,#725,.F.);
#2062 = ORIENTED_EDGE('',*,*,#740,.F.);
#2063 = CYLINDRICAL_SURFACE('',#2064,0.5);
#2064 = AXIS2_PLACEMENT_3D('',#2065,#2066,#2067);
#2065 = CARTESIAN_POINT('',(15.073091986265,5.,1.2));
#2066 = DIRECTION('',(-1.,-0.,-0.));
#2067 = DIRECTION('',(0.,-1.,0.));
#2068 = ADVANCED_FACE('',(#2069),#2103,.T.);
#2069 = FACE_BOUND('',#2070,.T.);
#2070 = EDGE_LOOP('',(#2071,#2072,#2080,#2088,#2096,#2102));
#2071 = ORIENTED_EDGE('',*,*,#798,.F.);
#2072 = ORIENTED_EDGE('',*,*,#2073,.T.);
#2073 = EDGE_CURVE('',#799,#2074,#2076,.T.);
#2074 = VERTEX_POINT('',#2075);
#2075 = CARTESIAN_POINT('',(13.999999999999,-21.,2.5));
#2076 = LINE('',#2077,#2078);
#2077 = CARTESIAN_POINT('',(13.999999999999,-21.,0.));
#2078 = VECTOR('',#2079,1.);
#2079 = DIRECTION('',(0.,0.,1.));
#2080 = ORIENTED_EDGE('',*,*,#2081,.T.);
#2081 = EDGE_CURVE('',#2074,#2082,#2084,.T.);
#2082 = VERTEX_POINT('',#2083);
#2083 = CARTESIAN_POINT('',(13.999999999999,2.5,2.5));
#2084 = LINE('',#2085,#2086);
#2085 = CARTESIAN_POINT('',(13.999999999999,-21.,2.5));
#2086 = VECTOR('',#2087,1.);
#2087 = DIRECTION('',(0.,1.,0.));
#2088 = ORIENTED_EDGE('',*,*,#2089,.F.);
#2089 = EDGE_CURVE('',#2090,#2082,#2092,.T.);
#2090 = VERTEX_POINT('',#2091);
#2091 = CARTESIAN_POINT('',(13.999999999999,2.5,2.));
#2092 = LINE('',#2093,#2094);
#2093 = CARTESIAN_POINT('',(13.999999999999,2.5,1.25));
#2094 = VECTOR('',#2095,1.);
#2095 = DIRECTION('',(0.,0.,1.));
#2096 = ORIENTED_EDGE('',*,*,#2097,.F.);
#2097 = EDGE_CURVE('',#766,#2090,#2098,.T.);
#2098 = LINE('',#2099,#2100);
#2099 = CARTESIAN_POINT('',(13.999999999999,-9.25,2.));
#2100 = VECTOR('',#2101,1.);
#2101 = DIRECTION('',(-0.,-1.,-0.));
#2102 = ORIENTED_EDGE('',*,*,#773,.F.);
#2103 = PLANE('',#2104);
#2104 = AXIS2_PLACEMENT_3D('',#2105,#2106,#2107);
#2105 = CARTESIAN_POINT('',(13.999999999999,-21.,0.));
#2106 = DIRECTION('',(-1.,0.,0.));
#2107 = DIRECTION('',(0.,1.,0.));
#2108 = ADVANCED_FACE('',(#2109),#2127,.F.);
#2109 = FACE_BOUND('',#2110,.F.);
#2110 = EDGE_LOOP('',(#2111,#2119,#2125,#2126));
#2111 = ORIENTED_EDGE('',*,*,#2112,.F.);
#2112 = EDGE_CURVE('',#2113,#758,#2115,.T.);
#2113 = VERTEX_POINT('',#2114);
#2114 = CARTESIAN_POINT('',(15.499999999999,2.5,2.));
#2115 = LINE('',#2116,#2117);
#2116 = CARTESIAN_POINT('',(15.499999999999,2.5,2.));
#2117 = VECTOR('',#2118,1.);
#2118 = DIRECTION('',(0.,1.,0.));
#2119 = ORIENTED_EDGE('',*,*,#2120,.T.);
#2120 = EDGE_CURVE('',#2113,#2090,#2121,.T.);
#2121 = LINE('',#2122,#2123);
#2122 = CARTESIAN_POINT('',(15.499999999999,2.5,2.));
#2123 = VECTOR('',#2124,1.);
#2124 = DIRECTION('',(-1.,-0.,-0.));
#2125 = ORIENTED_EDGE('',*,*,#2097,.F.);
#2126 = ORIENTED_EDGE('',*,*,#765,.T.);
#2127 = PLANE('',#2128);
#2128 = AXIS2_PLACEMENT_3D('',#2129,#2130,#2131);
#2129 = CARTESIAN_POINT('',(15.499999999999,2.5,2.));
#2130 = DIRECTION('',(0.,0.,-1.));
#2131 = DIRECTION('',(0.,1.,0.));
#2132 = ADVANCED_FACE('',(#2133),#2160,.F.);
#2133 = FACE_BOUND('',#2134,.F.);
#2134 = EDGE_LOOP('',(#2135,#2136,#2144,#2152,#2158,#2159));
#2135 = ORIENTED_EDGE('',*,*,#1863,.F.);
#2136 = ORIENTED_EDGE('',*,*,#2137,.T.);
#2137 = EDGE_CURVE('',#1864,#2138,#2140,.T.);
#2138 = VERTEX_POINT('',#2139);
#2139 = CARTESIAN_POINT('',(15.499999999999,-21.,2.5));
#2140 = LINE('',#2141,#2142);
#2141 = CARTESIAN_POINT('',(15.499999999999,-21.,0.));
#2142 = VECTOR('',#2143,1.);
#2143 = DIRECTION('',(0.,0.,1.));
#2144 = ORIENTED_EDGE('',*,*,#2145,.T.);
#2145 = EDGE_CURVE('',#2138,#2146,#2148,.T.);
#2146 = VERTEX_POINT('',#2147);
#2147 = CARTESIAN_POINT('',(15.499999999999,2.5,2.5));
#2148 = LINE('',#2149,#2150);
#2149 = CARTESIAN_POINT('',(15.499999999999,-21.,2.5));
#2150 = VECTOR('',#2151,1.);
#2151 = DIRECTION('',(0.,1.,0.));
#2152 = ORIENTED_EDGE('',*,*,#2153,.T.);
#2153 = EDGE_CURVE('',#2146,#2113,#2154,.T.);
#2154 = LINE('',#2155,#2156);
#2155 = CARTESIAN_POINT('',(15.499999999999,2.5,2.5));
#2156 = VECTOR('',#2157,1.);
#2157 = DIRECTION('',(0.,0.,-1.));
#2158 = ORIENTED_EDGE('',*,*,#2112,.T.);
#2159 = ORIENTED_EDGE('',*,*,#757,.T.);
#2160 = PLANE('',#2161);
#2161 = AXIS2_PLACEMENT_3D('',#2162,#2163,#2164);
#2162 = CARTESIAN_POINT('',(15.499999999999,-21.,0.));
#2163 = DIRECTION('',(-1.,0.,0.));
#2164 = DIRECTION('',(0.,1.,0.));
#2165 = ADVANCED_FACE('',(#2166),#2185,.F.);
#2166 = FACE_BOUND('',#2167,.T.);
#2167 = EDGE_LOOP('',(#2168,#2169,#2177,#2184));
#2168 = ORIENTED_EDGE('',*,*,#832,.F.);
#2169 = ORIENTED_EDGE('',*,*,#2170,.T.);
#2170 = EDGE_CURVE('',#824,#2171,#2173,.T.);
#2171 = VERTEX_POINT('',#2172);
#2172 = CARTESIAN_POINT('',(13.499999999999,-21.5,2.5));
#2173 = LINE('',#2174,#2175);
#2174 = CARTESIAN_POINT('',(13.499999999999,-21.5,0.));
#2175 = VECTOR('',#2176,1.);
#2176 = DIRECTION('',(0.,0.,1.));
#2177 = ORIENTED_EDGE('',*,*,#2178,.T.);
#2178 = EDGE_CURVE('',#2171,#2074,#2179,.T.);
#2179 = CIRCLE('',#2180,0.5);
#2180 = AXIS2_PLACEMENT_3D('',#2181,#2182,#2183);
#2181 = CARTESIAN_POINT('',(13.499999999999,-21.,2.5));
#2182 = DIRECTION('',(0.,0.,1.));
#2183 = DIRECTION('',(1.,0.,0.));
#2184 = ORIENTED_EDGE('',*,*,#2073,.F.);
#2185 = CYLINDRICAL_SURFACE('',#2186,0.5);
#2186 = AXIS2_PLACEMENT_3D('',#2187,#2188,#2189);
#2187 = CARTESIAN_POINT('',(13.499999999999,-21.,0.));
#2188 = DIRECTION('',(-0.,-0.,-1.));
#2189 = DIRECTION('',(1.,0.,0.));
#2190 = ADVANCED_FACE('',(#2191),#2209,.T.);
#2191 = FACE_BOUND('',#2192,.T.);
#2192 = EDGE_LOOP('',(#2193,#2194,#2202,#2208));
#2193 = ORIENTED_EDGE('',*,*,#873,.F.);
#2194 = ORIENTED_EDGE('',*,*,#2195,.T.);
#2195 = EDGE_CURVE('',#863,#2196,#2198,.T.);
#2196 = VERTEX_POINT('',#2197);
#2197 = CARTESIAN_POINT('',(-13.49999999999,-21.5,2.5));
#2198 = LINE('',#2199,#2200);
#2199 = CARTESIAN_POINT('',(-13.49999999999,-21.5,0.));
#2200 = VECTOR('',#2201,1.);
#2201 = DIRECTION('',(0.,0.,1.));
#2202 = ORIENTED_EDGE('',*,*,#2203,.T.);
#2203 = EDGE_CURVE('',#2196,#2171,#2204,.T.);
#2204 = LINE('',#2205,#2206);
#2205 = CARTESIAN_POINT('',(-13.49999999999,-21.5,2.5));
#2206 = VECTOR('',#2207,1.);
#2207 = DIRECTION('',(1.,0.,0.));
#2208 = ORIENTED_EDGE('',*,*,#2170,.F.);
#2209 = PLANE('',#2210);
#2210 = AXIS2_PLACEMENT_3D('',#2211,#2212,#2213);
#2211 = CARTESIAN_POINT('',(-13.49999999999,-21.5,0.));
#2212 = DIRECTION('',(0.,1.,0.));
#2213 = DIRECTION('',(1.,0.,0.));
#2214 = ADVANCED_FACE('',(#2215),#2234,.F.);
#2215 = FACE_BOUND('',#2216,.T.);
#2216 = EDGE_LOOP('',(#2217,#2218,#2226,#2233));
#2217 = ORIENTED_EDGE('',*,*,#896,.F.);
#2218 = ORIENTED_EDGE('',*,*,#2219,.T.);
#2219 = EDGE_CURVE('',#888,#2220,#2222,.T.);
#2220 = VERTEX_POINT('',#2221);
#2221 = CARTESIAN_POINT('',(-13.99999999999,-21.,2.5));
#2222 = LINE('',#2223,#2224);
#2223 = CARTESIAN_POINT('',(-13.99999999999,-21.,0.));
#2224 = VECTOR('',#2225,1.);
#2225 = DIRECTION('',(0.,0.,1.));
#2226 = ORIENTED_EDGE('',*,*,#2227,.T.);
#2227 = EDGE_CURVE('',#2220,#2196,#2228,.T.);
#2228 = CIRCLE('',#2229,0.5);
#2229 = AXIS2_PLACEMENT_3D('',#2230,#2231,#2232);
#2230 = CARTESIAN_POINT('',(-13.49999999999,-21.,2.5));
#2231 = DIRECTION('',(0.,0.,1.));
#2232 = DIRECTION('',(1.,0.,0.));
#2233 = ORIENTED_EDGE('',*,*,#2195,.F.);
#2234 = CYLINDRICAL_SURFACE('',#2235,0.5);
#2235 = AXIS2_PLACEMENT_3D('',#2236,#2237,#2238);
#2236 = CARTESIAN_POINT('',(-13.49999999999,-21.,0.));
#2237 = DIRECTION('',(-0.,-0.,-1.));
#2238 = DIRECTION('',(1.,0.,0.));
#2239 = ADVANCED_FACE('',(#2240),#2251,.T.);
#2240 = FACE_BOUND('',#2241,.T.);
#2241 = EDGE_LOOP('',(#2242,#2243,#2244,#2250));
#2242 = ORIENTED_EDGE('',*,*,#926,.F.);
#2243 = ORIENTED_EDGE('',*,*,#1076,.T.);
#2244 = ORIENTED_EDGE('',*,*,#2245,.T.);
#2245 = EDGE_CURVE('',#967,#2220,#2246,.T.);
#2246 = LINE('',#2247,#2248);
#2247 = CARTESIAN_POINT('',(-13.99999999999,21.,2.5));
#2248 = VECTOR('',#2249,1.);
#2249 = DIRECTION('',(0.,-1.,0.));
#2250 = ORIENTED_EDGE('',*,*,#2219,.F.);
#2251 = PLANE('',#2252);
#2252 = AXIS2_PLACEMENT_3D('',#2253,#2254,#2255);
#2253 = CARTESIAN_POINT('',(-13.99999999999,21.,0.));
#2254 = DIRECTION('',(1.,0.,0.));
#2255 = DIRECTION('',(0.,-1.,0.));
#2256 = ADVANCED_FACE('',(#2257),#2304,.T.);
#2257 = FACE_BOUND('',#2258,.T.);
#2258 = EDGE_LOOP('',(#2259,#2260,#2268,#2277,#2285,#2292,#2293,#2299,
    #2300,#2301,#2302,#2303));
#2259 = ORIENTED_EDGE('',*,*,#964,.F.);
#2260 = ORIENTED_EDGE('',*,*,#2261,.T.);
#2261 = EDGE_CURVE('',#965,#2262,#2264,.T.);
#2262 = VERTEX_POINT('',#2263);
#2263 = CARTESIAN_POINT('',(-15.49999999999,-21.,2.5));
#2264 = LINE('',#2265,#2266);
#2265 = CARTESIAN_POINT('',(-15.49999999999,21.,2.5));
#2266 = VECTOR('',#2267,1.);
#2267 = DIRECTION('',(0.,-1.,0.));
#2268 = ORIENTED_EDGE('',*,*,#2269,.T.);
#2269 = EDGE_CURVE('',#2262,#2270,#2272,.T.);
#2270 = VERTEX_POINT('',#2271);
#2271 = CARTESIAN_POINT('',(-13.49999999999,-23.,2.5));
#2272 = CIRCLE('',#2273,2.);
#2273 = AXIS2_PLACEMENT_3D('',#2274,#2275,#2276);
#2274 = CARTESIAN_POINT('',(-13.49999999999,-21.,2.5));
#2275 = DIRECTION('',(0.,0.,1.));
#2276 = DIRECTION('',(1.,0.,0.));
#2277 = ORIENTED_EDGE('',*,*,#2278,.T.);
#2278 = EDGE_CURVE('',#2270,#2279,#2281,.T.);
#2279 = VERTEX_POINT('',#2280);
#2280 = CARTESIAN_POINT('',(13.499999999999,-23.,2.5));
#2281 = LINE('',#2282,#2283);
#2282 = CARTESIAN_POINT('',(-13.49999999999,-23.,2.5));
#2283 = VECTOR('',#2284,1.);
#2284 = DIRECTION('',(1.,0.,0.));
#2285 = ORIENTED_EDGE('',*,*,#2286,.T.);
#2286 = EDGE_CURVE('',#2279,#2138,#2287,.T.);
#2287 = CIRCLE('',#2288,2.);
#2288 = AXIS2_PLACEMENT_3D('',#2289,#2290,#2291);
#2289 = CARTESIAN_POINT('',(13.499999999999,-21.,2.5));
#2290 = DIRECTION('',(0.,0.,1.));
#2291 = DIRECTION('',(1.,0.,0.));
#2292 = ORIENTED_EDGE('',*,*,#2145,.T.);
#2293 = ORIENTED_EDGE('',*,*,#2294,.T.);
#2294 = EDGE_CURVE('',#2146,#2082,#2295,.T.);
#2295 = LINE('',#2296,#2297);
#2296 = CARTESIAN_POINT('',(15.499999999999,2.5,2.5));
#2297 = VECTOR('',#2298,1.);
#2298 = DIRECTION('',(-1.,-0.,-0.));
#2299 = ORIENTED_EDGE('',*,*,#2081,.F.);
#2300 = ORIENTED_EDGE('',*,*,#2178,.F.);
#2301 = ORIENTED_EDGE('',*,*,#2203,.F.);
#2302 = ORIENTED_EDGE('',*,*,#2227,.F.);
#2303 = ORIENTED_EDGE('',*,*,#2245,.F.);
#2304 = PLANE('',#2305);
#2305 = AXIS2_PLACEMENT_3D('',#2306,#2307,#2308);
#2306 = CARTESIAN_POINT('',(-0.897044213609,-0.260259088865,2.5));
#2307 = DIRECTION('',(0.,0.,1.));
#2308 = DIRECTION('',(1.,0.,0.));
#2309 = ADVANCED_FACE('',(#2310),#2328,.T.);
#2310 = FACE_BOUND('',#2311,.T.);
#2311 = EDGE_LOOP('',(#2312,#2313,#2321,#2327));
#2312 = ORIENTED_EDGE('',*,*,#1101,.F.);
#2313 = ORIENTED_EDGE('',*,*,#2314,.T.);
#2314 = EDGE_CURVE('',#1102,#2315,#2317,.T.);
#2315 = VERTEX_POINT('',#2316);
#2316 = CARTESIAN_POINT('',(-13.99999999999,21.,2.5));
#2317 = LINE('',#2318,#2319);
#2318 = CARTESIAN_POINT('',(-13.99999999999,21.,0.));
#2319 = VECTOR('',#2320,1.);
#2320 = DIRECTION('',(0.,0.,1.));
#2321 = ORIENTED_EDGE('',*,*,#2322,.T.);
#2322 = EDGE_CURVE('',#2315,#1030,#2323,.T.);
#2323 = LINE('',#2324,#2325);
#2324 = CARTESIAN_POINT('',(-13.99999999999,21.,2.5));
#2325 = VECTOR('',#2326,1.);
#2326 = DIRECTION('',(0.,-1.,0.));
#2327 = ORIENTED_EDGE('',*,*,#1037,.T.);
#2328 = PLANE('',#2329);
#2329 = AXIS2_PLACEMENT_3D('',#2330,#2331,#2332);
#2330 = CARTESIAN_POINT('',(-13.99999999999,21.,0.));
#2331 = DIRECTION('',(1.,0.,0.));
#2332 = DIRECTION('',(0.,-1.,0.));
#2333 = ADVANCED_FACE('',(#2334),#2432,.T.);
#2334 = FACE_BOUND('',#2335,.T.);
#2335 = EDGE_LOOP('',(#2336,#2345,#2353,#2362,#2368,#2369,#2370,#2379,
    #2385,#2386,#2394,#2402,#2408,#2409,#2417,#2424,#2425,#2431));
#2336 = ORIENTED_EDGE('',*,*,#2337,.T.);
#2337 = EDGE_CURVE('',#1948,#2338,#2340,.T.);
#2338 = VERTEX_POINT('',#2339);
#2339 = CARTESIAN_POINT('',(13.499999999999,23.,2.5));
#2340 = CIRCLE('',#2341,2.);
#2341 = AXIS2_PLACEMENT_3D('',#2342,#2343,#2344);
#2342 = CARTESIAN_POINT('',(13.499999999999,21.,2.5));
#2343 = DIRECTION('',(0.,0.,1.));
#2344 = DIRECTION('',(1.,0.,0.));
#2345 = ORIENTED_EDGE('',*,*,#2346,.T.);
#2346 = EDGE_CURVE('',#2338,#2347,#2349,.T.);
#2347 = VERTEX_POINT('',#2348);
#2348 = CARTESIAN_POINT('',(-13.49999999999,23.,2.5));
#2349 = LINE('',#2350,#2351);
#2350 = CARTESIAN_POINT('',(13.499999999999,23.,2.5));
#2351 = VECTOR('',#2352,1.);
#2352 = DIRECTION('',(-1.,0.,0.));
#2353 = ORIENTED_EDGE('',*,*,#2354,.T.);
#2354 = EDGE_CURVE('',#2347,#2355,#2357,.T.);
#2355 = VERTEX_POINT('',#2356);
#2356 = CARTESIAN_POINT('',(-15.49999999999,21.,2.5));
#2357 = CIRCLE('',#2358,2.);
#2358 = AXIS2_PLACEMENT_3D('',#2359,#2360,#2361);
#2359 = CARTESIAN_POINT('',(-13.49999999999,21.,2.5));
#2360 = DIRECTION('',(0.,0.,1.));
#2361 = DIRECTION('',(1.,0.,0.));
#2362 = ORIENTED_EDGE('',*,*,#2363,.T.);
#2363 = EDGE_CURVE('',#2355,#1021,#2364,.T.);
#2364 = LINE('',#2365,#2366);
#2365 = CARTESIAN_POINT('',(-15.49999999999,21.,2.5));
#2366 = VECTOR('',#2367,1.);
#2367 = DIRECTION('',(0.,-1.,0.));
#2368 = ORIENTED_EDGE('',*,*,#1029,.F.);
#2369 = ORIENTED_EDGE('',*,*,#2322,.F.);
#2370 = ORIENTED_EDGE('',*,*,#2371,.F.);
#2371 = EDGE_CURVE('',#2372,#2315,#2374,.T.);
#2372 = VERTEX_POINT('',#2373);
#2373 = CARTESIAN_POINT('',(-13.49999999999,21.5,2.5));
#2374 = CIRCLE('',#2375,0.5);
#2375 = AXIS2_PLACEMENT_3D('',#2376,#2377,#2378);
#2376 = CARTESIAN_POINT('',(-13.49999999999,21.,2.5));
#2377 = DIRECTION('',(0.,0.,1.));
#2378 = DIRECTION('',(1.,0.,0.));
#2379 = ORIENTED_EDGE('',*,*,#2380,.F.);
#2380 = EDGE_CURVE('',#1193,#2372,#2381,.T.);
#2381 = LINE('',#2382,#2383);
#2382 = CARTESIAN_POINT('',(13.499999999999,21.5,2.5));
#2383 = VECTOR('',#2384,1.);
#2384 = DIRECTION('',(-1.,0.,0.));
#2385 = ORIENTED_EDGE('',*,*,#1190,.F.);
#2386 = ORIENTED_EDGE('',*,*,#2387,.F.);
#2387 = EDGE_CURVE('',#2388,#1191,#2390,.T.);
#2388 = VERTEX_POINT('',#2389);
#2389 = CARTESIAN_POINT('',(-2.5,18.99999999976,2.5));
#2390 = LINE('',#2391,#2392);
#2391 = CARTESIAN_POINT('',(-2.5,18.5,2.5));
#2392 = VECTOR('',#2393,1.);
#2393 = DIRECTION('',(0.,1.,0.));
#2394 = ORIENTED_EDGE('',*,*,#2395,.F.);
#2395 = EDGE_CURVE('',#2396,#2388,#2398,.T.);
#2396 = VERTEX_POINT('',#2397);
#2397 = CARTESIAN_POINT('',(2.5,18.99999999976,2.5));
#2398 = LINE('',#2399,#2400);
#2399 = CARTESIAN_POINT('',(2.5,18.99999999976,2.5));
#2400 = VECTOR('',#2401,1.);
#2401 = DIRECTION('',(-1.,-0.,-0.));
#2402 = ORIENTED_EDGE('',*,*,#2403,.T.);
#2403 = EDGE_CURVE('',#2396,#1416,#2404,.T.);
#2404 = LINE('',#2405,#2406);
#2405 = CARTESIAN_POINT('',(2.5,18.5,2.5));
#2406 = VECTOR('',#2407,1.);
#2407 = DIRECTION('',(0.,1.,0.));
#2408 = ORIENTED_EDGE('',*,*,#1454,.T.);
#2409 = ORIENTED_EDGE('',*,*,#2410,.F.);
#2410 = EDGE_CURVE('',#2411,#1455,#2413,.T.);
#2411 = VERTEX_POINT('',#2412);
#2412 = CARTESIAN_POINT('',(13.499999999999,21.5,2.5));
#2413 = LINE('',#2414,#2415);
#2414 = CARTESIAN_POINT('',(13.499999999999,21.5,2.5));
#2415 = VECTOR('',#2416,1.);
#2416 = DIRECTION('',(-1.,0.,0.));
#2417 = ORIENTED_EDGE('',*,*,#2418,.F.);
#2418 = EDGE_CURVE('',#2005,#2411,#2419,.T.);
#2419 = CIRCLE('',#2420,0.5);
#2420 = AXIS2_PLACEMENT_3D('',#2421,#2422,#2423);
#2421 = CARTESIAN_POINT('',(13.499999999999,21.,2.5));
#2422 = DIRECTION('',(0.,0.,1.));
#2423 = DIRECTION('',(1.,0.,0.));
#2424 = ORIENTED_EDGE('',*,*,#2004,.F.);
#2425 = ORIENTED_EDGE('',*,*,#2426,.F.);
#2426 = EDGE_CURVE('',#1940,#1997,#2427,.T.);
#2427 = LINE('',#2428,#2429);
#2428 = CARTESIAN_POINT('',(15.499999999999,16.5,2.5));
#2429 = VECTOR('',#2430,1.);
#2430 = DIRECTION('',(-1.,-0.,-0.));
#2431 = ORIENTED_EDGE('',*,*,#1947,.T.);
#2432 = PLANE('',#2433);
#2433 = AXIS2_PLACEMENT_3D('',#2434,#2435,#2436);
#2434 = CARTESIAN_POINT('',(-0.897044213609,-0.260259088865,2.5));
#2435 = DIRECTION('',(0.,0.,1.));
#2436 = DIRECTION('',(1.,0.,0.));
#2437 = ADVANCED_FACE('',(#2438),#2456,.F.);
#2438 = FACE_BOUND('',#2439,.F.);
#2439 = EDGE_LOOP('',(#2440,#2448,#2454,#2455));
#2440 = ORIENTED_EDGE('',*,*,#2441,.F.);
#2441 = EDGE_CURVE('',#2442,#984,#2444,.T.);
#2442 = VERTEX_POINT('',#2443);
#2443 = CARTESIAN_POINT('',(-15.49999999999,21.,1.9));
#2444 = LINE('',#2445,#2446);
#2445 = CARTESIAN_POINT('',(-15.49999999999,21.,1.9));
#2446 = VECTOR('',#2447,1.);
#2447 = DIRECTION('',(0.,-1.,0.));
#2448 = ORIENTED_EDGE('',*,*,#2449,.T.);
#2449 = EDGE_CURVE('',#2442,#2355,#2450,.T.);
#2450 = LINE('',#2451,#2452);
#2451 = CARTESIAN_POINT('',(-15.49999999999,21.,0.));
#2452 = VECTOR('',#2453,1.);
#2453 = DIRECTION('',(0.,0.,1.));
#2454 = ORIENTED_EDGE('',*,*,#2363,.T.);
#2455 = ORIENTED_EDGE('',*,*,#1020,.T.);
#2456 = PLANE('',#2457);
#2457 = AXIS2_PLACEMENT_3D('',#2458,#2459,#2460);
#2458 = CARTESIAN_POINT('',(-15.49999999999,21.,0.));
#2459 = DIRECTION('',(1.,0.,0.));
#2460 = DIRECTION('',(0.,-1.,0.));
#2461 = ADVANCED_FACE('',(#2462),#2498,.T.);
#2462 = FACE_BOUND('',#2463,.T.);
#2463 = EDGE_LOOP('',(#2464,#2465,#2474,#2482,#2491,#2497));
#2464 = ORIENTED_EDGE('',*,*,#2441,.F.);
#2465 = ORIENTED_EDGE('',*,*,#2466,.T.);
#2466 = EDGE_CURVE('',#2442,#2467,#2469,.T.);
#2467 = VERTEX_POINT('',#2468);
#2468 = CARTESIAN_POINT('',(-13.59999999999,21.,0.));
#2469 = CIRCLE('',#2470,1.9);
#2470 = AXIS2_PLACEMENT_3D('',#2471,#2472,#2473);
#2471 = CARTESIAN_POINT('',(-13.59999999999,21.,1.9));
#2472 = DIRECTION('',(-5.83E-15,-1.,-0.));
#2473 = DIRECTION('',(-1.,5.83E-15,0.));
#2474 = ORIENTED_EDGE('',*,*,#2475,.T.);
#2475 = EDGE_CURVE('',#2467,#2476,#2478,.T.);
#2476 = VERTEX_POINT('',#2477);
#2477 = CARTESIAN_POINT('',(-13.59999999999,-21.,0.));
#2478 = LINE('',#2479,#2480);
#2479 = CARTESIAN_POINT('',(-13.59999999999,21.,-4.4E-16));
#2480 = VECTOR('',#2481,1.);
#2481 = DIRECTION('',(0.,-1.,0.));
#2482 = ORIENTED_EDGE('',*,*,#2483,.F.);
#2483 = EDGE_CURVE('',#2484,#2476,#2486,.T.);
#2484 = VERTEX_POINT('',#2485);
#2485 = CARTESIAN_POINT('',(-15.49999999999,-21.,1.9));
#2486 = CIRCLE('',#2487,1.9);
#2487 = AXIS2_PLACEMENT_3D('',#2488,#2489,#2490);
#2488 = CARTESIAN_POINT('',(-13.59999999999,-21.,1.9));
#2489 = DIRECTION('',(0.,-1.,0.));
#2490 = DIRECTION('',(-1.,0.,0.));
#2491 = ORIENTED_EDGE('',*,*,#2492,.F.);
#2492 = EDGE_CURVE('',#975,#2484,#2493,.T.);
#2493 = LINE('',#2494,#2495);
#2494 = CARTESIAN_POINT('',(-15.49999999999,21.,1.9));
#2495 = VECTOR('',#2496,1.);
#2496 = DIRECTION('',(0.,-1.,0.));
#2497 = ORIENTED_EDGE('',*,*,#983,.F.);
#2498 = CYLINDRICAL_SURFACE('',#2499,1.9);
#2499 = AXIS2_PLACEMENT_3D('',#2500,#2501,#2502);
#2500 = CARTESIAN_POINT('',(-13.59999999999,21.,1.9));
#2501 = DIRECTION('',(0.,-1.,0.));
#2502 = DIRECTION('',(-1.,0.,0.));
#2503 = ADVANCED_FACE('',(#2504),#2515,.F.);
#2504 = FACE_BOUND('',#2505,.F.);
#2505 = EDGE_LOOP('',(#2506,#2507,#2508,#2509));
#2506 = ORIENTED_EDGE('',*,*,#2492,.F.);
#2507 = ORIENTED_EDGE('',*,*,#974,.T.);
#2508 = ORIENTED_EDGE('',*,*,#2261,.T.);
#2509 = ORIENTED_EDGE('',*,*,#2510,.F.);
#2510 = EDGE_CURVE('',#2484,#2262,#2511,.T.);
#2511 = LINE('',#2512,#2513);
#2512 = CARTESIAN_POINT('',(-15.49999999999,-21.,0.));
#2513 = VECTOR('',#2514,1.);
#2514 = DIRECTION('',(0.,0.,1.));
#2515 = PLANE('',#2516);
#2516 = AXIS2_PLACEMENT_3D('',#2517,#2518,#2519);
#2517 = CARTESIAN_POINT('',(-15.49999999999,21.,0.));
#2518 = DIRECTION('',(1.,0.,0.));
#2519 = DIRECTION('',(0.,-1.,0.));
#2520 = ADVANCED_FACE('',(#2521),#2532,.F.);
#2521 = FACE_BOUND('',#2522,.T.);
#2522 = EDGE_LOOP('',(#2523,#2524,#2530,#2531));
#2523 = ORIENTED_EDGE('',*,*,#1135,.F.);
#2524 = ORIENTED_EDGE('',*,*,#2525,.T.);
#2525 = EDGE_CURVE('',#1127,#2372,#2526,.T.);
#2526 = LINE('',#2527,#2528);
#2527 = CARTESIAN_POINT('',(-13.49999999999,21.5,0.));
#2528 = VECTOR('',#2529,1.);
#2529 = DIRECTION('',(0.,0.,1.));
#2530 = ORIENTED_EDGE('',*,*,#2371,.T.);
#2531 = ORIENTED_EDGE('',*,*,#2314,.F.);
#2532 = CYLINDRICAL_SURFACE('',#2533,0.5);
#2533 = AXIS2_PLACEMENT_3D('',#2534,#2535,#2536);
#2534 = CARTESIAN_POINT('',(-13.49999999999,21.,0.));
#2535 = DIRECTION('',(-0.,-0.,-1.));
#2536 = DIRECTION('',(1.,0.,0.));
#2537 = ADVANCED_FACE('',(#2538),#2544,.T.);
#2538 = FACE_BOUND('',#2539,.T.);
#2539 = EDGE_LOOP('',(#2540,#2541,#2542,#2543));
#2540 = ORIENTED_EDGE('',*,*,#1165,.F.);
#2541 = ORIENTED_EDGE('',*,*,#1200,.F.);
#2542 = ORIENTED_EDGE('',*,*,#2380,.T.);
#2543 = ORIENTED_EDGE('',*,*,#2525,.F.);
#2544 = PLANE('',#2545);
#2545 = AXIS2_PLACEMENT_3D('',#2546,#2547,#2548);
#2546 = CARTESIAN_POINT('',(13.499999999999,21.5,0.));
#2547 = DIRECTION('',(0.,-1.,0.));
#2548 = DIRECTION('',(-1.,0.,0.));
#2549 = ADVANCED_FACE('',(#2550),#2560,.T.);
#2550 = FACE_BOUND('',#2551,.T.);
#2551 = EDGE_LOOP('',(#2552,#2553,#2559));
#2552 = ORIENTED_EDGE('',*,*,#1247,.T.);
#2553 = ORIENTED_EDGE('',*,*,#2554,.T.);
#2554 = EDGE_CURVE('',#1240,#2388,#2555,.T.);
#2555 = LINE('',#2556,#2557);
#2556 = CARTESIAN_POINT('',(-2.5,21.5,5.));
#2557 = VECTOR('',#2558,1.);
#2558 = DIRECTION('',(0.,-0.70710678122,-0.707106781153));
#2559 = ORIENTED_EDGE('',*,*,#2387,.T.);
#2560 = PLANE('',#2561);
#2561 = AXIS2_PLACEMENT_3D('',#2562,#2563,#2564);
#2562 = CARTESIAN_POINT('',(-2.5,20.29289321887,3.207106781274));
#2563 = DIRECTION('',(1.,0.,0.));
#2564 = DIRECTION('',(0.,0.,1.));
#2565 = ADVANCED_FACE('',(#2566),#2591,.T.);
#2566 = FACE_BOUND('',#2567,.T.);
#2567 = EDGE_LOOP('',(#2568,#2576,#2584,#2590));
#2568 = ORIENTED_EDGE('',*,*,#2569,.F.);
#2569 = EDGE_CURVE('',#2570,#1232,#2572,.T.);
#2570 = VERTEX_POINT('',#2571);
#2571 = CARTESIAN_POINT('',(-2.5,21.5,6.5));
#2572 = LINE('',#2573,#2574);
#2573 = CARTESIAN_POINT('',(-2.5,21.5,6.5));
#2574 = VECTOR('',#2575,1.);
#2575 = DIRECTION('',(0.,-1.,0.));
#2576 = ORIENTED_EDGE('',*,*,#2577,.T.);
#2577 = EDGE_CURVE('',#2570,#2578,#2580,.T.);
#2578 = VERTEX_POINT('',#2579);
#2579 = CARTESIAN_POINT('',(-2.5,21.5,5.));
#2580 = LINE('',#2581,#2582);
#2581 = CARTESIAN_POINT('',(-2.5,21.5,6.5));
#2582 = VECTOR('',#2583,1.);
#2583 = DIRECTION('',(-0.,-0.,-1.));
#2584 = ORIENTED_EDGE('',*,*,#2585,.T.);
#2585 = EDGE_CURVE('',#2578,#1240,#2586,.T.);
#2586 = LINE('',#2587,#2588);
#2587 = CARTESIAN_POINT('',(-2.5,21.5,5.));
#2588 = VECTOR('',#2589,1.);
#2589 = DIRECTION('',(0.,-0.70710678122,-0.707106781153));
#2590 = ORIENTED_EDGE('',*,*,#1239,.T.);
#2591 = PLANE('',#2592);
#2592 = AXIS2_PLACEMENT_3D('',#2593,#2594,#2595);
#2593 = CARTESIAN_POINT('',(-2.5,21.5,6.5));
#2594 = DIRECTION('',(-1.,0.,0.));
#2595 = DIRECTION('',(0.,-1.,0.));
#2596 = ADVANCED_FACE('',(#2597),#2624,.T.);
#2597 = FACE_BOUND('',#2598,.T.);
#2598 = EDGE_LOOP('',(#2599,#2607,#2608,#2609,#2610,#2616,#2617,#2618));
#2599 = ORIENTED_EDGE('',*,*,#2600,.T.);
#2600 = EDGE_CURVE('',#2601,#2570,#2603,.T.);
#2601 = VERTEX_POINT('',#2602);
#2602 = CARTESIAN_POINT('',(2.5,21.5,6.5));
#2603 = LINE('',#2604,#2605);
#2604 = CARTESIAN_POINT('',(2.5,21.5,6.5));
#2605 = VECTOR('',#2606,1.);
#2606 = DIRECTION('',(-1.,0.,0.));
#2607 = ORIENTED_EDGE('',*,*,#2569,.T.);
#2608 = ORIENTED_EDGE('',*,*,#1231,.F.);
#2609 = ORIENTED_EDGE('',*,*,#1272,.F.);
#2610 = ORIENTED_EDGE('',*,*,#2611,.T.);
#2611 = EDGE_CURVE('',#1265,#1385,#2612,.T.);
#2612 = LINE('',#2613,#2614);
#2613 = CARTESIAN_POINT('',(-3.750000000001,17.75,6.5));
#2614 = VECTOR('',#2615,1.);
#2615 = DIRECTION('',(1.,0.,0.));
#2616 = ORIENTED_EDGE('',*,*,#1384,.F.);
#2617 = ORIENTED_EDGE('',*,*,#1439,.F.);
#2618 = ORIENTED_EDGE('',*,*,#2619,.T.);
#2619 = EDGE_CURVE('',#1432,#2601,#2620,.T.);
#2620 = LINE('',#2621,#2622);
#2621 = CARTESIAN_POINT('',(2.5,19.,6.5));
#2622 = VECTOR('',#2623,1.);
#2623 = DIRECTION('',(0.,1.,0.));
#2624 = PLANE('',#2625);
#2625 = AXIS2_PLACEMENT_3D('',#2626,#2627,#2628);
#2626 = CARTESIAN_POINT('',(2.071730220075,19.355338018129,6.5));
#2627 = DIRECTION('',(0.,0.,1.));
#2628 = DIRECTION('',(1.,0.,0.));
#2629 = ADVANCED_FACE('',(#2630),#2641,.F.);
#2630 = FACE_BOUND('',#2631,.F.);
#2631 = EDGE_LOOP('',(#2632,#2633,#2639,#2640));
#2632 = ORIENTED_EDGE('',*,*,#1392,.F.);
#2633 = ORIENTED_EDGE('',*,*,#2634,.F.);
#2634 = EDGE_CURVE('',#1263,#1393,#2635,.T.);
#2635 = LINE('',#2636,#2637);
#2636 = CARTESIAN_POINT('',(-3.750000000001,17.75,5.9));
#2637 = VECTOR('',#2638,1.);
#2638 = DIRECTION('',(1.,0.,0.));
#2639 = ORIENTED_EDGE('',*,*,#1262,.T.);
#2640 = ORIENTED_EDGE('',*,*,#2611,.T.);
#2641 = PLANE('',#2642);
#2642 = AXIS2_PLACEMENT_3D('',#2643,#2644,#2645);
#2643 = CARTESIAN_POINT('',(-3.750000000001,17.75,1.5));
#2644 = DIRECTION('',(0.,1.,0.));
#2645 = DIRECTION('',(1.,0.,0.));
#2646 = ADVANCED_FACE('',(#2647),#2658,.T.);
#2647 = FACE_BOUND('',#2648,.F.);
#2648 = EDGE_LOOP('',(#2649,#2650,#2651,#2652));
#2649 = ORIENTED_EDGE('',*,*,#1312,.F.);
#2650 = ORIENTED_EDGE('',*,*,#2634,.T.);
#2651 = ORIENTED_EDGE('',*,*,#1400,.T.);
#2652 = ORIENTED_EDGE('',*,*,#2653,.F.);
#2653 = EDGE_CURVE('',#1305,#1353,#2654,.T.);
#2654 = LINE('',#2655,#2656);
#2655 = CARTESIAN_POINT('',(-3.750000000001,18.25,5.4));
#2656 = VECTOR('',#2657,1.);
#2657 = DIRECTION('',(1.,0.,0.));
#2658 = PLANE('',#2659);
#2659 = AXIS2_PLACEMENT_3D('',#2660,#2661,#2662);
#2660 = CARTESIAN_POINT('',(-3.750000000001,18.,5.65));
#2661 = DIRECTION('',(0.,-0.707106781187,-0.707106781187));
#2662 = DIRECTION('',(-1.,-0.,-0.));
#2663 = ADVANCED_FACE('',(#2664),#2675,.F.);
#2664 = FACE_BOUND('',#2665,.F.);
#2665 = EDGE_LOOP('',(#2666,#2667,#2673,#2674));
#2666 = ORIENTED_EDGE('',*,*,#1350,.F.);
#2667 = ORIENTED_EDGE('',*,*,#2668,.T.);
#2668 = EDGE_CURVE('',#1351,#1297,#2669,.T.);
#2669 = LINE('',#2670,#2671);
#2670 = CARTESIAN_POINT('',(10.5,18.6,5.4));
#2671 = VECTOR('',#2672,1.);
#2672 = DIRECTION('',(-1.,0.,0.));
#2673 = ORIENTED_EDGE('',*,*,#1304,.F.);
#2674 = ORIENTED_EDGE('',*,*,#2653,.T.);
#2675 = PLANE('',#2676);
#2676 = AXIS2_PLACEMENT_3D('',#2677,#2678,#2679);
#2677 = CARTESIAN_POINT('',(1.5,9.5,5.4));
#2678 = DIRECTION('',(0.,0.,1.));
#2679 = DIRECTION('',(1.,0.,0.));
#2680 = ADVANCED_FACE('',(#2681),#2692,.T.);
#2681 = FACE_BOUND('',#2682,.T.);
#2682 = EDGE_LOOP('',(#2683,#2689,#2690,#2691));
#2683 = ORIENTED_EDGE('',*,*,#2684,.F.);
#2684 = EDGE_CURVE('',#1361,#1289,#2685,.T.);
#2685 = LINE('',#2686,#2687);
#2686 = CARTESIAN_POINT('',(10.5,18.6,4.1));
#2687 = VECTOR('',#2688,1.);
#2688 = DIRECTION('',(-1.,0.,0.));
#2689 = ORIENTED_EDGE('',*,*,#1360,.F.);
#2690 = ORIENTED_EDGE('',*,*,#2668,.T.);
#2691 = ORIENTED_EDGE('',*,*,#1296,.F.);
#2692 = PLANE('',#2693);
#2693 = AXIS2_PLACEMENT_3D('',#2694,#2695,#2696);
#2694 = CARTESIAN_POINT('',(10.5,18.6,4.1));
#2695 = DIRECTION('',(0.,-1.,0.));
#2696 = DIRECTION('',(-1.,0.,0.));
#2697 = ADVANCED_FACE('',(#2698),#2704,.T.);
#2698 = FACE_BOUND('',#2699,.T.);
#2699 = EDGE_LOOP('',(#2700,#2701,#2702,#2703));
#2700 = ORIENTED_EDGE('',*,*,#2684,.T.);
#2701 = ORIENTED_EDGE('',*,*,#1288,.F.);
#2702 = ORIENTED_EDGE('',*,*,#1328,.T.);
#2703 = ORIENTED_EDGE('',*,*,#1368,.F.);
#2704 = PLANE('',#2705);
#2705 = AXIS2_PLACEMENT_3D('',#2706,#2707,#2708);
#2706 = CARTESIAN_POINT('',(1.5,9.5,4.1));
#2707 = DIRECTION('',(0.,0.,1.));
#2708 = DIRECTION('',(1.,0.,0.));
#2709 = ADVANCED_FACE('',(#2710),#2728,.T.);
#2710 = FACE_BOUND('',#2711,.T.);
#2711 = EDGE_LOOP('',(#2712,#2713,#2714,#2722));
#2712 = ORIENTED_EDGE('',*,*,#2619,.F.);
#2713 = ORIENTED_EDGE('',*,*,#1431,.T.);
#2714 = ORIENTED_EDGE('',*,*,#2715,.F.);
#2715 = EDGE_CURVE('',#2716,#1424,#2718,.T.);
#2716 = VERTEX_POINT('',#2717);
#2717 = CARTESIAN_POINT('',(2.5,21.5,5.));
#2718 = LINE('',#2719,#2720);
#2719 = CARTESIAN_POINT('',(2.5,21.5,5.));
#2720 = VECTOR('',#2721,1.);
#2721 = DIRECTION('',(0.,-0.70710678122,-0.707106781153));
#2722 = ORIENTED_EDGE('',*,*,#2723,.F.);
#2723 = EDGE_CURVE('',#2601,#2716,#2724,.T.);
#2724 = LINE('',#2725,#2726);
#2725 = CARTESIAN_POINT('',(2.5,21.5,6.5));
#2726 = VECTOR('',#2727,1.);
#2727 = DIRECTION('',(-0.,-0.,-1.));
#2728 = PLANE('',#2729);
#2729 = AXIS2_PLACEMENT_3D('',#2730,#2731,#2732);
#2730 = CARTESIAN_POINT('',(2.5,19.,6.5));
#2731 = DIRECTION('',(1.,0.,0.));
#2732 = DIRECTION('',(0.,1.,0.));
#2733 = ADVANCED_FACE('',(#2734),#2744,.F.);
#2734 = FACE_BOUND('',#2735,.F.);
#2735 = EDGE_LOOP('',(#2736,#2737,#2743));
#2736 = ORIENTED_EDGE('',*,*,#1423,.F.);
#2737 = ORIENTED_EDGE('',*,*,#2738,.T.);
#2738 = EDGE_CURVE('',#1424,#2396,#2739,.T.);
#2739 = LINE('',#2740,#2741);
#2740 = CARTESIAN_POINT('',(2.5,21.5,5.));
#2741 = VECTOR('',#2742,1.);
#2742 = DIRECTION('',(0.,-0.70710678122,-0.707106781153));
#2743 = ORIENTED_EDGE('',*,*,#2403,.T.);
#2744 = PLANE('',#2745);
#2745 = AXIS2_PLACEMENT_3D('',#2746,#2747,#2748);
#2746 = CARTESIAN_POINT('',(2.5,20.29289321887,3.207106781274));
#2747 = DIRECTION('',(1.,0.,0.));
#2748 = DIRECTION('',(0.,0.,1.));
#2749 = ADVANCED_FACE('',(#2750),#2761,.T.);
#2750 = FACE_BOUND('',#2751,.T.);
#2751 = EDGE_LOOP('',(#2752,#2753,#2759,#2760));
#2752 = ORIENTED_EDGE('',*,*,#1487,.F.);
#2753 = ORIENTED_EDGE('',*,*,#2754,.T.);
#2754 = EDGE_CURVE('',#1488,#2411,#2755,.T.);
#2755 = LINE('',#2756,#2757);
#2756 = CARTESIAN_POINT('',(13.499999999999,21.5,0.));
#2757 = VECTOR('',#2758,1.);
#2758 = DIRECTION('',(0.,0.,1.));
#2759 = ORIENTED_EDGE('',*,*,#2410,.T.);
#2760 = ORIENTED_EDGE('',*,*,#1473,.T.);
#2761 = PLANE('',#2762);
#2762 = AXIS2_PLACEMENT_3D('',#2763,#2764,#2765);
#2763 = CARTESIAN_POINT('',(13.499999999999,21.5,0.));
#2764 = DIRECTION('',(0.,-1.,0.));
#2765 = DIRECTION('',(-1.,0.,0.));
#2766 = ADVANCED_FACE('',(#2767),#2773,.F.);
#2767 = FACE_BOUND('',#2768,.T.);
#2768 = EDGE_LOOP('',(#2769,#2770,#2771,#2772));
#2769 = ORIENTED_EDGE('',*,*,#1521,.F.);
#2770 = ORIENTED_EDGE('',*,*,#2012,.T.);
#2771 = ORIENTED_EDGE('',*,*,#2418,.T.);
#2772 = ORIENTED_EDGE('',*,*,#2754,.F.);
#2773 = CYLINDRICAL_SURFACE('',#2774,0.5);
#2774 = AXIS2_PLACEMENT_3D('',#2775,#2776,#2777);
#2775 = CARTESIAN_POINT('',(13.499999999999,21.,0.));
#2776 = DIRECTION('',(-0.,-0.,-1.));
#2777 = DIRECTION('',(1.,0.,0.));
#2778 = ADVANCED_FACE('',(#2779,#2782),#2793,.T.);
#2779 = FACE_BOUND('',#2780,.T.);
#2780 = EDGE_LOOP('',(#2781));
#2781 = ORIENTED_EDGE('',*,*,#1577,.T.);
#2782 = FACE_BOUND('',#2783,.F.);
#2783 = EDGE_LOOP('',(#2784));
#2784 = ORIENTED_EDGE('',*,*,#2785,.T.);
#2785 = EDGE_CURVE('',#2786,#2786,#2788,.T.);
#2786 = VERTEX_POINT('',#2787);
#2787 = CARTESIAN_POINT('',(1.75,-16.5,3.));
#2788 = CIRCLE('',#2789,1.75);
#2789 = AXIS2_PLACEMENT_3D('',#2790,#2791,#2792);
#2790 = CARTESIAN_POINT('',(0.,-16.5,3.));
#2791 = DIRECTION('',(0.,0.,1.));
#2792 = DIRECTION('',(1.,0.,0.));
#2793 = PLANE('',#2794);
#2794 = AXIS2_PLACEMENT_3D('',#2795,#2796,#2797);
#2795 = CARTESIAN_POINT('',(-2.3E-16,-16.5,3.));
#2796 = DIRECTION('',(0.,0.,1.));
#2797 = DIRECTION('',(1.,0.,0.));
#2798 = ADVANCED_FACE('',(#2799),#2805,.T.);
#2799 = FACE_BOUND('',#2800,.F.);
#2800 = EDGE_LOOP('',(#2801,#2802,#2803,#2804));
#2801 = ORIENTED_EDGE('',*,*,#1649,.T.);
#2802 = ORIENTED_EDGE('',*,*,#1673,.T.);
#2803 = ORIENTED_EDGE('',*,*,#1633,.T.);
#2804 = ORIENTED_EDGE('',*,*,#1601,.T.);
#2805 = PLANE('',#2806);
#2806 = AXIS2_PLACEMENT_3D('',#2807,#2808,#2809);
#2807 = CARTESIAN_POINT('',(-0.146132609123,9.5,6.5));
#2808 = DIRECTION('',(0.,0.,1.));
#2809 = DIRECTION('',(1.,0.,0.));
#2810 = ADVANCED_FACE('',(#2811,#2863,#2874,#2877),#2880,.F.);
#2811 = FACE_BOUND('',#2812,.F.);
#2812 = EDGE_LOOP('',(#2813,#2823,#2830,#2831,#2840,#2848,#2855,#2856));
#2813 = ORIENTED_EDGE('',*,*,#2814,.T.);
#2814 = EDGE_CURVE('',#2815,#2817,#2819,.T.);
#2815 = VERTEX_POINT('',#2816);
#2816 = CARTESIAN_POINT('',(13.499999999999,21.1,0.));
#2817 = VERTEX_POINT('',#2818);
#2818 = CARTESIAN_POINT('',(-13.49999999999,21.1,0.));
#2819 = LINE('',#2820,#2821);
#2820 = CARTESIAN_POINT('',(13.499999999999,21.1,-4.4E-16));
#2821 = VECTOR('',#2822,1.);
#2822 = DIRECTION('',(-1.,0.,0.));
#2823 = ORIENTED_EDGE('',*,*,#2824,.T.);
#2824 = EDGE_CURVE('',#2817,#2467,#2825,.T.);
#2825 = CIRCLE('',#2826,0.1);
#2826 = AXIS2_PLACEMENT_3D('',#2827,#2828,#2829);
#2827 = CARTESIAN_POINT('',(-13.49999999999,21.,0.));
#2828 = DIRECTION('',(0.,-0.,1.));
#2829 = DIRECTION('',(3.642E-14,1.,0.));
#2830 = ORIENTED_EDGE('',*,*,#2475,.T.);
#2831 = ORIENTED_EDGE('',*,*,#2832,.T.);
#2832 = EDGE_CURVE('',#2476,#2833,#2835,.T.);
#2833 = VERTEX_POINT('',#2834);
#2834 = CARTESIAN_POINT('',(-13.49999999999,-21.1,0.));
#2835 = CIRCLE('',#2836,0.1);
#2836 = AXIS2_PLACEMENT_3D('',#2837,#2838,#2839);
#2837 = CARTESIAN_POINT('',(-13.49999999999,-21.,0.));
#2838 = DIRECTION('',(0.,0.,1.));
#2839 = DIRECTION('',(-1.,-5.33E-15,0.));
#2840 = ORIENTED_EDGE('',*,*,#2841,.T.);
#2841 = EDGE_CURVE('',#2833,#2842,#2844,.T.);
#2842 = VERTEX_POINT('',#2843);
#2843 = CARTESIAN_POINT('',(13.499999999999,-21.1,0.));
#2844 = LINE('',#2845,#2846);
#2845 = CARTESIAN_POINT('',(-13.49999999999,-21.1,-4.4E-16));
#2846 = VECTOR('',#2847,1.);
#2847 = DIRECTION('',(1.,0.,0.));
#2848 = ORIENTED_EDGE('',*,*,#2849,.T.);
#2849 = EDGE_CURVE('',#2842,#1872,#2850,.T.);
#2850 = CIRCLE('',#2851,0.1);
#2851 = AXIS2_PLACEMENT_3D('',#2852,#2853,#2854);
#2852 = CARTESIAN_POINT('',(13.499999999999,-21.,0.));
#2853 = DIRECTION('',(0.,0.,1.));
#2854 = DIRECTION('',(-3.73E-14,-1.,0.));
#2855 = ORIENTED_EDGE('',*,*,#1880,.T.);
#2856 = ORIENTED_EDGE('',*,*,#2857,.T.);
#2857 = EDGE_CURVE('',#1881,#2815,#2858,.T.);
#2858 = CIRCLE('',#2859,0.1);
#2859 = AXIS2_PLACEMENT_3D('',#2860,#2861,#2862);
#2860 = CARTESIAN_POINT('',(13.499999999999,21.,0.));
#2861 = DIRECTION('',(0.,-0.,1.));
#2862 = DIRECTION('',(1.,7.11E-15,0.));
#2863 = FACE_BOUND('',#2864,.F.);
#2864 = EDGE_LOOP('',(#2865));
#2865 = ORIENTED_EDGE('',*,*,#2866,.T.);
#2866 = EDGE_CURVE('',#2867,#2867,#2869,.T.);
#2867 = VERTEX_POINT('',#2868);
#2868 = CARTESIAN_POINT('',(3.,-16.5,0.));
#2869 = CIRCLE('',#2870,3.);
#2870 = AXIS2_PLACEMENT_3D('',#2871,#2872,#2873);
#2871 = CARTESIAN_POINT('',(0.,-16.5,0.));
#2872 = DIRECTION('',(0.,0.,-1.));
#2873 = DIRECTION('',(1.,0.,0.));
#2874 = FACE_BOUND('',#2875,.F.);
#2875 = EDGE_LOOP('',(#2876));
#2876 = ORIENTED_EDGE('',*,*,#1689,.T.);
#2877 = FACE_BOUND('',#2878,.F.);
#2878 = EDGE_LOOP('',(#2879));
#2879 = ORIENTED_EDGE('',*,*,#1714,.T.);
#2880 = PLANE('',#2881);
#2881 = AXIS2_PLACEMENT_3D('',#2882,#2883,#2884);
#2882 = CARTESIAN_POINT('',(1.7E-16,1.52E-15,0.));
#2883 = DIRECTION('',(0.,0.,1.));
#2884 = DIRECTION('',(1.,0.,0.));
#2885 = ADVANCED_FACE('',(#2886),#2892,.T.);
#2886 = FACE_BOUND('',#2887,.T.);
#2887 = EDGE_LOOP('',(#2888,#2889,#2890,#2891));
#2888 = ORIENTED_EDGE('',*,*,#1747,.T.);
#2889 = ORIENTED_EDGE('',*,*,#1795,.T.);
#2890 = ORIENTED_EDGE('',*,*,#1820,.T.);
#2891 = ORIENTED_EDGE('',*,*,#1778,.T.);
#2892 = PLANE('',#2893);
#2893 = AXIS2_PLACEMENT_3D('',#2894,#2895,#2896);
#2894 = CARTESIAN_POINT('',(-0.146132609123,9.5,6.5));
#2895 = DIRECTION('',(0.,0.,1.));
#2896 = DIRECTION('',(1.,0.,0.));
#2897 = ADVANCED_FACE('',(#2898),#2918,.T.);
#2898 = FACE_BOUND('',#2899,.F.);
#2899 = EDGE_LOOP('',(#2900,#2901,#2910,#2917));
#2900 = ORIENTED_EDGE('',*,*,#1888,.F.);
#2901 = ORIENTED_EDGE('',*,*,#2902,.T.);
#2902 = EDGE_CURVE('',#1889,#2903,#2905,.T.);
#2903 = VERTEX_POINT('',#2904);
#2904 = CARTESIAN_POINT('',(13.499999999999,23.,1.9));
#2905 = CIRCLE('',#2906,2.);
#2906 = AXIS2_PLACEMENT_3D('',#2907,#2908,#2909);
#2907 = CARTESIAN_POINT('',(13.499999999999,21.,1.9));
#2908 = DIRECTION('',(0.,-0.,1.));
#2909 = DIRECTION('',(1.,7.11E-15,0.));
#2910 = ORIENTED_EDGE('',*,*,#2911,.T.);
#2911 = EDGE_CURVE('',#2903,#2815,#2912,.T.);
#2912 = CIRCLE('',#2913,1.9);
#2913 = AXIS2_PLACEMENT_3D('',#2914,#2915,#2916);
#2914 = CARTESIAN_POINT('',(13.499999999999,21.1,1.9));
#2915 = DIRECTION('',(-1.,0.,0.));
#2916 = DIRECTION('',(0.,1.,0.));
#2917 = ORIENTED_EDGE('',*,*,#2857,.F.);
#2918 = SURFACE_OF_REVOLUTION('',#2919,#2932);
#2919 = B_SPLINE_CURVE_WITH_KNOTS('',6,(#2920,#2921,#2922,#2923,#2924,
    #2925,#2926,#2927,#2928,#2929,#2930,#2931),.UNSPECIFIED.,.F.,.F.,(7,
    5,7),(0.,0.785398163397,1.570796326795),.UNSPECIFIED.);
#2920 = CARTESIAN_POINT('',(15.499999999999,21.,1.9));
#2921 = CARTESIAN_POINT('',(15.499999999999,21.,1.651290581591));
#2922 = CARTESIAN_POINT('',(15.460932969154,21.,1.402581578595));
#2923 = CARTESIAN_POINT('',(15.3827978897,21.,1.161540935116));
#2924 = CARTESIAN_POINT('',(15.267606260685,21.,0.93584961704));
#2925 = CARTESIAN_POINT('',(15.119367000556,21.,0.732361232048));
#2926 = CARTESIAN_POINT('',(14.767638767952,21.,0.380632999443));
#2927 = CARTESIAN_POINT('',(14.56415038296,21.,0.232393739314));
#2928 = CARTESIAN_POINT('',(14.338459064883,21.,0.117202110299));
#2929 = CARTESIAN_POINT('',(14.097418421405,21.,3.906703084475E-02));
#2930 = CARTESIAN_POINT('',(13.848709418408,21.,3.101260744808E-17));
#2931 = CARTESIAN_POINT('',(13.599999999999,21.,-1.26983314481E-31));
#2932 = AXIS1_PLACEMENT('',#2933,#2934);
#2933 = CARTESIAN_POINT('',(13.499999999999,21.,1.9));
#2934 = DIRECTION('',(-0.,-0.,-1.));
#2935 = ADVANCED_FACE('',(#2936),#2956,.T.);
#2936 = FACE_BOUND('',#2937,.F.);
#2937 = EDGE_LOOP('',(#2938,#2947,#2954,#2955));
#2938 = ORIENTED_EDGE('',*,*,#2939,.F.);
#2939 = EDGE_CURVE('',#2940,#2842,#2942,.T.);
#2940 = VERTEX_POINT('',#2941);
#2941 = CARTESIAN_POINT('',(13.499999999999,-23.,1.9));
#2942 = CIRCLE('',#2943,1.9);
#2943 = AXIS2_PLACEMENT_3D('',#2944,#2945,#2946);
#2944 = CARTESIAN_POINT('',(13.499999999999,-21.1,1.9));
#2945 = DIRECTION('',(1.,0.,0.));
#2946 = DIRECTION('',(0.,-1.,0.));
#2947 = ORIENTED_EDGE('',*,*,#2948,.T.);
#2948 = EDGE_CURVE('',#2940,#1864,#2949,.T.);
#2949 = CIRCLE('',#2950,2.);
#2950 = AXIS2_PLACEMENT_3D('',#2951,#2952,#2953);
#2951 = CARTESIAN_POINT('',(13.499999999999,-21.,1.9));
#2952 = DIRECTION('',(0.,0.,1.));
#2953 = DIRECTION('',(-3.73E-14,-1.,0.));
#2954 = ORIENTED_EDGE('',*,*,#1871,.T.);
#2955 = ORIENTED_EDGE('',*,*,#2849,.F.);
#2956 = SURFACE_OF_REVOLUTION('',#2957,#2970);
#2957 = B_SPLINE_CURVE_WITH_KNOTS('',6,(#2958,#2959,#2960,#2961,#2962,
    #2963,#2964,#2965,#2966,#2967,#2968,#2969),.UNSPECIFIED.,.F.,.F.,(7,
    5,7),(0.,0.785398163397,1.570796326795),.UNSPECIFIED.);
#2958 = CARTESIAN_POINT('',(13.499999999999,-23.,1.9));
#2959 = CARTESIAN_POINT('',(13.499999999999,-23.,1.651290581591));
#2960 = CARTESIAN_POINT('',(13.499999999999,-22.96093296915,
    1.402581578595));
#2961 = CARTESIAN_POINT('',(13.499999999999,-22.8827978897,
    1.161540935116));
#2962 = CARTESIAN_POINT('',(13.499999999999,-22.76760626068,
    0.93584961704));
#2963 = CARTESIAN_POINT('',(13.499999999999,-22.61936700055,
    0.732361232048));
#2964 = CARTESIAN_POINT('',(13.499999999999,-22.26763876795,
    0.380632999443));
#2965 = CARTESIAN_POINT('',(13.499999999999,-22.06415038296,
    0.232393739314));
#2966 = CARTESIAN_POINT('',(13.499999999999,-21.83845906488,
    0.117202110299));
#2967 = CARTESIAN_POINT('',(13.499999999999,-21.5974184214,
    3.906703084475E-02));
#2968 = CARTESIAN_POINT('',(13.499999999999,-21.3487094184,
    3.101260744808E-17));
#2969 = CARTESIAN_POINT('',(13.499999999999,-21.1,-1.26983314481E-31));
#2970 = AXIS1_PLACEMENT('',#2971,#2972);
#2971 = CARTESIAN_POINT('',(13.499999999999,-21.,1.9));
#2972 = DIRECTION('',(-0.,-0.,-1.));
#2973 = ADVANCED_FACE('',(#2974),#2985,.T.);
#2974 = FACE_BOUND('',#2975,.F.);
#2975 = EDGE_LOOP('',(#2976,#2977,#2978,#2984));
#2976 = ORIENTED_EDGE('',*,*,#1955,.T.);
#2977 = ORIENTED_EDGE('',*,*,#2337,.T.);
#2978 = ORIENTED_EDGE('',*,*,#2979,.F.);
#2979 = EDGE_CURVE('',#2903,#2338,#2980,.T.);
#2980 = LINE('',#2981,#2982);
#2981 = CARTESIAN_POINT('',(13.499999999999,23.,0.));
#2982 = VECTOR('',#2983,1.);
#2983 = DIRECTION('',(0.,0.,1.));
#2984 = ORIENTED_EDGE('',*,*,#2902,.F.);
#2985 = CYLINDRICAL_SURFACE('',#2986,2.);
#2986 = AXIS2_PLACEMENT_3D('',#2987,#2988,#2989);
#2987 = CARTESIAN_POINT('',(13.499999999999,21.,0.));
#2988 = DIRECTION('',(-0.,-0.,-1.));
#2989 = DIRECTION('',(1.,0.,0.));
#2990 = ADVANCED_FACE('',(#2991),#2997,.F.);
#2991 = FACE_BOUND('',#2992,.F.);
#2992 = EDGE_LOOP('',(#2993,#2994,#2995,#2996));
#2993 = ORIENTED_EDGE('',*,*,#1939,.F.);
#2994 = ORIENTED_EDGE('',*,*,#1979,.T.);
#2995 = ORIENTED_EDGE('',*,*,#1996,.F.);
#2996 = ORIENTED_EDGE('',*,*,#2426,.F.);
#2997 = PLANE('',#2998);
#2998 = AXIS2_PLACEMENT_3D('',#2999,#3000,#3001);
#2999 = CARTESIAN_POINT('',(15.499999999999,16.5,2.));
#3000 = DIRECTION('',(0.,1.,0.));
#3001 = DIRECTION('',(0.,0.,1.));
#3002 = ADVANCED_FACE('',(#3003),#3009,.F.);
#3003 = FACE_BOUND('',#3004,.F.);
#3004 = EDGE_LOOP('',(#3005,#3006,#3007,#3008));
#3005 = ORIENTED_EDGE('',*,*,#2153,.F.);
#3006 = ORIENTED_EDGE('',*,*,#2294,.T.);
#3007 = ORIENTED_EDGE('',*,*,#2089,.F.);
#3008 = ORIENTED_EDGE('',*,*,#2120,.F.);
#3009 = PLANE('',#3010);
#3010 = AXIS2_PLACEMENT_3D('',#3011,#3012,#3013);
#3011 = CARTESIAN_POINT('',(15.499999999999,2.5,2.5));
#3012 = DIRECTION('',(0.,-1.,0.));
#3013 = DIRECTION('',(0.,0.,-1.));
#3014 = ADVANCED_FACE('',(#3015),#3026,.T.);
#3015 = FACE_BOUND('',#3016,.F.);
#3016 = EDGE_LOOP('',(#3017,#3023,#3024,#3025));
#3017 = ORIENTED_EDGE('',*,*,#3018,.T.);
#3018 = EDGE_CURVE('',#2940,#2279,#3019,.T.);
#3019 = LINE('',#3020,#3021);
#3020 = CARTESIAN_POINT('',(13.499999999999,-23.,0.));
#3021 = VECTOR('',#3022,1.);
#3022 = DIRECTION('',(0.,0.,1.));
#3023 = ORIENTED_EDGE('',*,*,#2286,.T.);
#3024 = ORIENTED_EDGE('',*,*,#2137,.F.);
#3025 = ORIENTED_EDGE('',*,*,#2948,.F.);
#3026 = CYLINDRICAL_SURFACE('',#3027,2.);
#3027 = AXIS2_PLACEMENT_3D('',#3028,#3029,#3030);
#3028 = CARTESIAN_POINT('',(13.499999999999,-21.,0.));
#3029 = DIRECTION('',(-0.,-0.,-1.));
#3030 = DIRECTION('',(1.,0.,0.));
#3031 = ADVANCED_FACE('',(#3032),#3050,.F.);
#3032 = FACE_BOUND('',#3033,.F.);
#3033 = EDGE_LOOP('',(#3034,#3042,#3043,#3044));
#3034 = ORIENTED_EDGE('',*,*,#3035,.T.);
#3035 = EDGE_CURVE('',#3036,#2270,#3038,.T.);
#3036 = VERTEX_POINT('',#3037);
#3037 = CARTESIAN_POINT('',(-13.49999999999,-23.,1.9));
#3038 = LINE('',#3039,#3040);
#3039 = CARTESIAN_POINT('',(-13.49999999999,-23.,0.));
#3040 = VECTOR('',#3041,1.);
#3041 = DIRECTION('',(0.,0.,1.));
#3042 = ORIENTED_EDGE('',*,*,#2278,.T.);
#3043 = ORIENTED_EDGE('',*,*,#3018,.F.);
#3044 = ORIENTED_EDGE('',*,*,#3045,.F.);
#3045 = EDGE_CURVE('',#3036,#2940,#3046,.T.);
#3046 = LINE('',#3047,#3048);
#3047 = CARTESIAN_POINT('',(-13.49999999999,-23.,1.9));
#3048 = VECTOR('',#3049,1.);
#3049 = DIRECTION('',(1.,0.,0.));
#3050 = PLANE('',#3051);
#3051 = AXIS2_PLACEMENT_3D('',#3052,#3053,#3054);
#3052 = CARTESIAN_POINT('',(-13.49999999999,-23.,0.));
#3053 = DIRECTION('',(0.,1.,0.));
#3054 = DIRECTION('',(1.,0.,0.));
#3055 = ADVANCED_FACE('',(#3056),#3068,.T.);
#3056 = FACE_BOUND('',#3057,.F.);
#3057 = EDGE_LOOP('',(#3058,#3059,#3060,#3061));
#3058 = ORIENTED_EDGE('',*,*,#2510,.T.);
#3059 = ORIENTED_EDGE('',*,*,#2269,.T.);
#3060 = ORIENTED_EDGE('',*,*,#3035,.F.);
#3061 = ORIENTED_EDGE('',*,*,#3062,.F.);
#3062 = EDGE_CURVE('',#2484,#3036,#3063,.T.);
#3063 = CIRCLE('',#3064,2.);
#3064 = AXIS2_PLACEMENT_3D('',#3065,#3066,#3067);
#3065 = CARTESIAN_POINT('',(-13.49999999999,-21.,1.9));
#3066 = DIRECTION('',(0.,0.,1.));
#3067 = DIRECTION('',(-1.,-5.33E-15,0.));
#3068 = CYLINDRICAL_SURFACE('',#3069,2.);
#3069 = AXIS2_PLACEMENT_3D('',#3070,#3071,#3072);
#3070 = CARTESIAN_POINT('',(-13.49999999999,-21.,0.));
#3071 = DIRECTION('',(-0.,-0.,-1.));
#3072 = DIRECTION('',(1.,0.,0.));
#3073 = ADVANCED_FACE('',(#3074),#3087,.F.);
#3074 = FACE_BOUND('',#3075,.F.);
#3075 = EDGE_LOOP('',(#3076,#3082,#3083,#3084,#3085,#3086));
#3076 = ORIENTED_EDGE('',*,*,#3077,.T.);
#3077 = EDGE_CURVE('',#2716,#2578,#3078,.T.);
#3078 = LINE('',#3079,#3080);
#3079 = CARTESIAN_POINT('',(2.5,21.5,5.));
#3080 = VECTOR('',#3081,1.);
#3081 = DIRECTION('',(-1.,-0.,-0.));
#3082 = ORIENTED_EDGE('',*,*,#2585,.T.);
#3083 = ORIENTED_EDGE('',*,*,#2554,.T.);
#3084 = ORIENTED_EDGE('',*,*,#2395,.F.);
#3085 = ORIENTED_EDGE('',*,*,#2738,.F.);
#3086 = ORIENTED_EDGE('',*,*,#2715,.F.);
#3087 = PLANE('',#3088);
#3088 = AXIS2_PLACEMENT_3D('',#3089,#3090,#3091);
#3089 = CARTESIAN_POINT('',(2.5,21.5,5.));
#3090 = DIRECTION('',(0.,-0.707106781153,0.70710678122));
#3091 = DIRECTION('',(0.,-0.70710678122,-0.707106781153));
#3092 = ADVANCED_FACE('',(#3093),#3112,.T.);
#3093 = FACE_BOUND('',#3094,.F.);
#3094 = EDGE_LOOP('',(#3095,#3103,#3104,#3105));
#3095 = ORIENTED_EDGE('',*,*,#3096,.T.);
#3096 = EDGE_CURVE('',#3097,#2347,#3099,.T.);
#3097 = VERTEX_POINT('',#3098);
#3098 = CARTESIAN_POINT('',(-13.49999999999,23.,1.9));
#3099 = LINE('',#3100,#3101);
#3100 = CARTESIAN_POINT('',(-13.49999999999,23.,0.));
#3101 = VECTOR('',#3102,1.);
#3102 = DIRECTION('',(0.,0.,1.));
#3103 = ORIENTED_EDGE('',*,*,#2354,.T.);
#3104 = ORIENTED_EDGE('',*,*,#2449,.F.);
#3105 = ORIENTED_EDGE('',*,*,#3106,.F.);
#3106 = EDGE_CURVE('',#3097,#2442,#3107,.T.);
#3107 = CIRCLE('',#3108,2.);
#3108 = AXIS2_PLACEMENT_3D('',#3109,#3110,#3111);
#3109 = CARTESIAN_POINT('',(-13.49999999999,21.,1.9));
#3110 = DIRECTION('',(0.,-0.,1.));
#3111 = DIRECTION('',(3.642E-14,1.,0.));
#3112 = CYLINDRICAL_SURFACE('',#3113,2.);
#3113 = AXIS2_PLACEMENT_3D('',#3114,#3115,#3116);
#3114 = CARTESIAN_POINT('',(-13.49999999999,21.,0.));
#3115 = DIRECTION('',(-0.,-0.,-1.));
#3116 = DIRECTION('',(1.,0.,0.));
#3117 = ADVANCED_FACE('',(#3118),#3129,.F.);
#3118 = FACE_BOUND('',#3119,.F.);
#3119 = EDGE_LOOP('',(#3120,#3121,#3122,#3123));
#3120 = ORIENTED_EDGE('',*,*,#2979,.T.);
#3121 = ORIENTED_EDGE('',*,*,#2346,.T.);
#3122 = ORIENTED_EDGE('',*,*,#3096,.F.);
#3123 = ORIENTED_EDGE('',*,*,#3124,.F.);
#3124 = EDGE_CURVE('',#2903,#3097,#3125,.T.);
#3125 = LINE('',#3126,#3127);
#3126 = CARTESIAN_POINT('',(13.499999999999,23.,1.9));
#3127 = VECTOR('',#3128,1.);
#3128 = DIRECTION('',(-1.,0.,0.));
#3129 = PLANE('',#3130);
#3130 = AXIS2_PLACEMENT_3D('',#3131,#3132,#3133);
#3131 = CARTESIAN_POINT('',(13.499999999999,23.,0.));
#3132 = DIRECTION('',(0.,-1.,0.));
#3133 = DIRECTION('',(-1.,0.,0.));
#3134 = ADVANCED_FACE('',(#3135),#3147,.T.);
#3135 = FACE_BOUND('',#3136,.F.);
#3136 = EDGE_LOOP('',(#3137,#3138,#3139,#3146));
#3137 = ORIENTED_EDGE('',*,*,#2483,.F.);
#3138 = ORIENTED_EDGE('',*,*,#3062,.T.);
#3139 = ORIENTED_EDGE('',*,*,#3140,.T.);
#3140 = EDGE_CURVE('',#3036,#2833,#3141,.T.);
#3141 = CIRCLE('',#3142,1.9);
#3142 = AXIS2_PLACEMENT_3D('',#3143,#3144,#3145);
#3143 = CARTESIAN_POINT('',(-13.49999999999,-21.1,1.9));
#3144 = DIRECTION('',(1.,3.635E-14,0.));
#3145 = DIRECTION('',(3.635E-14,-1.,0.));
#3146 = ORIENTED_EDGE('',*,*,#2832,.F.);
#3147 = SURFACE_OF_REVOLUTION('',#3148,#3161);
#3148 = B_SPLINE_CURVE_WITH_KNOTS('',6,(#3149,#3150,#3151,#3152,#3153,
    #3154,#3155,#3156,#3157,#3158,#3159,#3160),.UNSPECIFIED.,.F.,.F.,(7,
    5,7),(0.,0.785398163397,1.570796326795),.UNSPECIFIED.);
#3149 = CARTESIAN_POINT('',(-15.49999999999,-21.,1.9));
#3150 = CARTESIAN_POINT('',(-15.49999999999,-21.,1.651290581591));
#3151 = CARTESIAN_POINT('',(-15.46093296915,-21.,1.402581578595));
#3152 = CARTESIAN_POINT('',(-15.3827978897,-21.,1.161540935116));
#3153 = CARTESIAN_POINT('',(-15.26760626068,-21.,0.93584961704));
#3154 = CARTESIAN_POINT('',(-15.11936700055,-21.,0.732361232048));
#3155 = CARTESIAN_POINT('',(-14.76763876795,-21.,0.380632999443));
#3156 = CARTESIAN_POINT('',(-14.56415038296,-21.,0.232393739314));
#3157 = CARTESIAN_POINT('',(-14.33845906488,-21.,0.117202110299));
#3158 = CARTESIAN_POINT('',(-14.0974184214,-21.,3.906703084475E-02));
#3159 = CARTESIAN_POINT('',(-13.8487094184,-21.,3.101260744808E-17));
#3160 = CARTESIAN_POINT('',(-13.59999999999,-21.,-1.26983314481E-31));
#3161 = AXIS1_PLACEMENT('',#3162,#3163);
#3162 = CARTESIAN_POINT('',(-13.49999999999,-21.,1.9));
#3163 = DIRECTION('',(-0.,-0.,-1.));
#3164 = ADVANCED_FACE('',(#3165),#3177,.T.);
#3165 = FACE_BOUND('',#3166,.F.);
#3166 = EDGE_LOOP('',(#3167,#3174,#3175,#3176));
#3167 = ORIENTED_EDGE('',*,*,#3168,.F.);
#3168 = EDGE_CURVE('',#3097,#2817,#3169,.T.);
#3169 = CIRCLE('',#3170,1.9);
#3170 = AXIS2_PLACEMENT_3D('',#3171,#3172,#3173);
#3171 = CARTESIAN_POINT('',(-13.49999999999,21.1,1.9));
#3172 = DIRECTION('',(-1.,0.,0.));
#3173 = DIRECTION('',(0.,1.,0.));
#3174 = ORIENTED_EDGE('',*,*,#3106,.T.);
#3175 = ORIENTED_EDGE('',*,*,#2466,.T.);
#3176 = ORIENTED_EDGE('',*,*,#2824,.F.);
#3177 = SURFACE_OF_REVOLUTION('',#3178,#3191);
#3178 = B_SPLINE_CURVE_WITH_KNOTS('',6,(#3179,#3180,#3181,#3182,#3183,
    #3184,#3185,#3186,#3187,#3188,#3189,#3190),.UNSPECIFIED.,.F.,.F.,(7,
    5,7),(0.,0.785398163397,1.570796326795),.UNSPECIFIED.);
#3179 = CARTESIAN_POINT('',(-13.49999999999,23.,1.9));
#3180 = CARTESIAN_POINT('',(-13.49999999999,23.,1.651290581591));
#3181 = CARTESIAN_POINT('',(-13.49999999999,22.960932969155,
    1.402581578595));
#3182 = CARTESIAN_POINT('',(-13.49999999999,22.882797889701,
    1.161540935116));
#3183 = CARTESIAN_POINT('',(-13.49999999999,22.767606260686,
    0.93584961704));
#3184 = CARTESIAN_POINT('',(-13.49999999999,22.619367000557,
    0.732361232048));
#3185 = CARTESIAN_POINT('',(-13.49999999999,22.267638767952,
    0.380632999443));
#3186 = CARTESIAN_POINT('',(-13.49999999999,22.06415038296,
    0.232393739314));
#3187 = CARTESIAN_POINT('',(-13.49999999999,21.838459064884,
    0.117202110299));
#3188 = CARTESIAN_POINT('',(-13.49999999999,21.597418421405,
    3.906703084475E-02));
#3189 = CARTESIAN_POINT('',(-13.49999999999,21.348709418409,
    3.101260744808E-17));
#3190 = CARTESIAN_POINT('',(-13.49999999999,21.1,-1.26983314481E-31));
#3191 = AXIS1_PLACEMENT('',#3192,#3193);
#3192 = CARTESIAN_POINT('',(-13.49999999999,21.,1.9));
#3193 = DIRECTION('',(-0.,-0.,-1.));
#3194 = ADVANCED_FACE('',(#3195),#3201,.T.);
#3195 = FACE_BOUND('',#3196,.T.);
#3196 = EDGE_LOOP('',(#3197,#3198,#3199,#3200));
#3197 = ORIENTED_EDGE('',*,*,#2600,.F.);
#3198 = ORIENTED_EDGE('',*,*,#2723,.T.);
#3199 = ORIENTED_EDGE('',*,*,#3077,.T.);
#3200 = ORIENTED_EDGE('',*,*,#2577,.F.);
#3201 = PLANE('',#3202);
#3202 = AXIS2_PLACEMENT_3D('',#3203,#3204,#3205);
#3203 = CARTESIAN_POINT('',(2.5,21.5,6.5));
#3204 = DIRECTION('',(0.,1.,0.));
#3205 = DIRECTION('',(-1.,0.,0.));
#3206 = ADVANCED_FACE('',(#3207),#3225,.F.);
#3207 = FACE_BOUND('',#3208,.T.);
#3208 = EDGE_LOOP('',(#3209,#3216,#3217,#3218));
#3209 = ORIENTED_EDGE('',*,*,#3210,.F.);
#3210 = EDGE_CURVE('',#2786,#3211,#3213,.T.);
#3211 = VERTEX_POINT('',#3212);
#3212 = CARTESIAN_POINT('',(1.75,-16.5,2.5));
#3213 = B_SPLINE_CURVE_WITH_KNOTS('',1,(#3214,#3215),.UNSPECIFIED.,.F.,
  .F.,(2,2),(-115.8174973131,-112.8174973131),.PIECEWISE_BEZIER_KNOTS.);
#3214 = CARTESIAN_POINT('',(1.75,-16.5,3.));
#3215 = CARTESIAN_POINT('',(1.75,-16.5,0.));
#3216 = ORIENTED_EDGE('',*,*,#2785,.T.);
#3217 = ORIENTED_EDGE('',*,*,#3210,.T.);
#3218 = ORIENTED_EDGE('',*,*,#3219,.T.);
#3219 = EDGE_CURVE('',#3211,#3211,#3220,.T.);
#3220 = CIRCLE('',#3221,1.75);
#3221 = AXIS2_PLACEMENT_3D('',#3222,#3223,#3224);
#3222 = CARTESIAN_POINT('',(0.,-16.5,2.5));
#3223 = DIRECTION('',(0.,0.,-1.));
#3224 = DIRECTION('',(1.,0.,0.));
#3225 = CYLINDRICAL_SURFACE('',#3226,1.75);
#3226 = AXIS2_PLACEMENT_3D('',#3227,#3228,#3229);
#3227 = CARTESIAN_POINT('',(0.,-16.5,-112.8174973131));
#3228 = DIRECTION('',(-0.,-0.,-1.));
#3229 = DIRECTION('',(1.,0.,0.));
#3230 = ADVANCED_FACE('',(#3231),#3237,.T.);
#3231 = FACE_BOUND('',#3232,.T.);
#3232 = EDGE_LOOP('',(#3233,#3234,#3235,#3236));
#3233 = ORIENTED_EDGE('',*,*,#2911,.T.);
#3234 = ORIENTED_EDGE('',*,*,#2814,.T.);
#3235 = ORIENTED_EDGE('',*,*,#3168,.F.);
#3236 = ORIENTED_EDGE('',*,*,#3124,.F.);
#3237 = CYLINDRICAL_SURFACE('',#3238,1.9);
#3238 = AXIS2_PLACEMENT_3D('',#3239,#3240,#3241);
#3239 = CARTESIAN_POINT('',(13.499999999999,21.1,1.9));
#3240 = DIRECTION('',(-1.,0.,0.));
#3241 = DIRECTION('',(0.,1.,0.));
#3242 = ADVANCED_FACE('',(#3243),#3249,.T.);
#3243 = FACE_BOUND('',#3244,.T.);
#3244 = EDGE_LOOP('',(#3245,#3246,#3247,#3248));
#3245 = ORIENTED_EDGE('',*,*,#3140,.T.);
#3246 = ORIENTED_EDGE('',*,*,#2841,.T.);
#3247 = ORIENTED_EDGE('',*,*,#2939,.F.);
#3248 = ORIENTED_EDGE('',*,*,#3045,.F.);
#3249 = CYLINDRICAL_SURFACE('',#3250,1.9);
#3250 = AXIS2_PLACEMENT_3D('',#3251,#3252,#3253);
#3251 = CARTESIAN_POINT('',(-13.49999999999,-21.1,1.9));
#3252 = DIRECTION('',(1.,0.,0.));
#3253 = DIRECTION('',(0.,-1.,0.));
#3254 = ADVANCED_FACE('',(#3255),#3274,.F.);
#3255 = FACE_BOUND('',#3256,.F.);
#3256 = EDGE_LOOP('',(#3257,#3265,#3272,#3273));
#3257 = ORIENTED_EDGE('',*,*,#3258,.T.);
#3258 = EDGE_CURVE('',#2867,#3259,#3261,.T.);
#3259 = VERTEX_POINT('',#3260);
#3260 = CARTESIAN_POINT('',(3.,-16.5,1.5));
#3261 = LINE('',#3262,#3263);
#3262 = CARTESIAN_POINT('',(3.,-16.5,0.));
#3263 = VECTOR('',#3264,1.);
#3264 = DIRECTION('',(0.,0.,1.));
#3265 = ORIENTED_EDGE('',*,*,#3266,.T.);
#3266 = EDGE_CURVE('',#3259,#3259,#3267,.T.);
#3267 = CIRCLE('',#3268,3.);
#3268 = AXIS2_PLACEMENT_3D('',#3269,#3270,#3271);
#3269 = CARTESIAN_POINT('',(0.,-16.5,1.5));
#3270 = DIRECTION('',(0.,0.,-1.));
#3271 = DIRECTION('',(1.,0.,0.));
#3272 = ORIENTED_EDGE('',*,*,#3258,.F.);
#3273 = ORIENTED_EDGE('',*,*,#2866,.F.);
#3274 = CYLINDRICAL_SURFACE('',#3275,3.);
#3275 = AXIS2_PLACEMENT_3D('',#3276,#3277,#3278);
#3276 = CARTESIAN_POINT('',(0.,-16.5,0.));
#3277 = DIRECTION('',(0.,0.,-1.));
#3278 = DIRECTION('',(1.,0.,0.));
#3279 = ADVANCED_FACE('',(#3280,#3291),#3294,.F.);
#3280 = FACE_BOUND('',#3281,.F.);
#3281 = EDGE_LOOP('',(#3282));
#3282 = ORIENTED_EDGE('',*,*,#3283,.F.);
#3283 = EDGE_CURVE('',#3284,#3284,#3286,.T.);
#3284 = VERTEX_POINT('',#3285);
#3285 = CARTESIAN_POINT('',(2.,-16.5,2.5));
#3286 = CIRCLE('',#3287,2.);
#3287 = AXIS2_PLACEMENT_3D('',#3288,#3289,#3290);
#3288 = CARTESIAN_POINT('',(0.,-16.5,2.5));
#3289 = DIRECTION('',(0.,0.,-1.));
#3290 = DIRECTION('',(1.,0.,0.));
#3291 = FACE_BOUND('',#3292,.F.);
#3292 = EDGE_LOOP('',(#3293));
#3293 = ORIENTED_EDGE('',*,*,#3219,.T.);
#3294 = PLANE('',#3295);
#3295 = AXIS2_PLACEMENT_3D('',#3296,#3297,#3298);
#3296 = CARTESIAN_POINT('',(-2.279066887566E-16,-16.5,2.5));
#3297 = DIRECTION('',(0.,0.,1.));
#3298 = DIRECTION('',(1.,0.,0.));
#3299 = ADVANCED_FACE('',(#3300),#3312,.F.);
#3300 = FACE_BOUND('',#3301,.T.);
#3301 = EDGE_LOOP('',(#3302,#3309,#3310,#3311));
#3302 = ORIENTED_EDGE('',*,*,#3303,.F.);
#3303 = EDGE_CURVE('',#3259,#3284,#3304,.T.);
#3304 = CIRCLE('',#3305,1.);
#3305 = AXIS2_PLACEMENT_3D('',#3306,#3307,#3308);
#3306 = CARTESIAN_POINT('',(2.,-16.5,1.5));
#3307 = DIRECTION('',(0.,-1.,0.));
#3308 = DIRECTION('',(1.,0.,0.));
#3309 = ORIENTED_EDGE('',*,*,#3266,.F.);
#3310 = ORIENTED_EDGE('',*,*,#3303,.T.);
#3311 = ORIENTED_EDGE('',*,*,#3283,.T.);
#3312 = TOROIDAL_SURFACE('',#3313,2.,1.);
#3313 = AXIS2_PLACEMENT_3D('',#3314,#3315,#3316);
#3314 = CARTESIAN_POINT('',(0.,-16.5,1.5));
#3315 = DIRECTION('',(0.,0.,1.));
#3316 = DIRECTION('',(1.,0.,0.));
#3317 = ( GEOMETRIC_REPRESENTATION_CONTEXT(3) 
GLOBAL_UNCERTAINTY_ASSIGNED_CONTEXT((#3321)) 
GLOBAL_UNIT_ASSIGNED_CONTEXT((#3318,#3319,#3320)) REPRESENTATION_CONTEXT
('Context #1','3D Context with UNIT and UNCERTAINTY') );
#3318 = ( LENGTH_UNIT() NAMED_UNIT(*) SI_UNIT(.MILLI.,.METRE.) );
#3319 = ( NAMED_UNIT(*) PLANE_ANGLE_UNIT() SI_UNIT($,.RADIAN.) );
#3320 = ( NAMED_UNIT(*) SI_UNIT($,.STERADIAN.) SOLID_ANGLE_UNIT() );
#3321 = UNCERTAINTY_MEASURE_WITH_UNIT(LENGTH_MEASURE(5.E-06),#3318,
  'distance_accuracy_value','confusion accuracy');
#3322 = PRODUCT_RELATED_PRODUCT_CATEGORY('part',$,(#7));
#3323 = MECHANICAL_DESIGN_GEOMETRIC_PRESENTATION_REPRESENTATION('',(
    #3324),#3317);
#3324 = STYLED_ITEM('color',(#3325),#15);
#3325 = PRESENTATION_STYLE_ASSIGNMENT((#3326,#3332));
#3326 = SURFACE_STYLE_USAGE(.BOTH.,#3327);
#3327 = SURFACE_SIDE_STYLE('',(#3328));
#3328 = SURFACE_STYLE_FILL_AREA(#3329);
#3329 = FILL_AREA_STYLE('',(#3330));
#3330 = FILL_AREA_STYLE_COLOUR('',#3331);
#3331 = COLOUR_RGB('',0.678431390124,0.709803936702,0.741176476869);
#3332 = CURVE_STYLE('',#3333,POSITIVE_LENGTH_MEASURE(0.1),#3334);
#3333 = DRAUGHTING_PRE_DEFINED_CURVE_FONT('continuous');
#3334 = COLOUR_RGB('',9.803921802644E-02,9.803921802644E-02,
  9.803921802644E-02);
ENDSEC;
END-ISO-10303-21;
