ISO-10303-21;
HEADER;
FILE_DESCRIPTION(('FreeCAD Model'),'2;1');
FILE_NAME('Open CASCADE Shape Model','2026-07-03T15:20:05',(''),(''),
  'Open CASCADE STEP processor 7.8','FreeCAD','Unknown');
FILE_SCHEMA(('AUTOMOTIVE_DESIGN { 1 0 10303 214 1 1 1 1 }'));
ENDSEC;
DATA;
#1 = APPLICATION_PROTOCOL_DEFINITION('international standard',
  'automotive_design',2000,#2);
#2 = APPLICATION_CONTEXT(
  'core data for automotive mechanical design processes');
#3 = SHAPE_DEFINITION_REPRESENTATION(#4,#10);
#4 = PRODUCT_DEFINITION_SHAPE('','',#5);
#5 = PRODUCT_DEFINITION('design','',#6,#9);
#6 = PRODUCT_DEFINITION_FORMATION('','',#7);
#7 = PRODUCT('Body','Body','',(#8));
#8 = PRODUCT_CONTEXT('',#2,'mechanical');
#9 = PRODUCT_DEFINITION_CONTEXT('part definition',#2,'design');
#10 = ADVANCED_BREP_SHAPE_REPRESENTATION('',(#11,#15),#4333);
#11 = AXIS2_PLACEMENT_3D('',#12,#13,#14);
#12 = CARTESIAN_POINT('',(0.,0.,0.));
#13 = DIRECTION('',(0.,0.,1.));
#14 = DIRECTION('',(1.,0.,-0.));
#15 = MANIFOLD_SOLID_BREP('',#16);
#16 = CLOSED_SHELL('',(#17,#57,#256,#280,#304,#385,#677,#701,#725,#804,
    #828,#852,#1140,#1164,#1181,#1260,#1332,#1445,#1516,#1580,#1613,
    #1692,#1764,#1877,#1948,#2012,#2045,#2070,#2181,#2198,#2312,#2329,
    #2341,#2353,#2378,#2403,#2427,#2451,#2475,#2500,#2524,#2548,#2572,
    #2597,#2628,#2645,#2678,#2703,#2734,#2751,#2784,#2809,#2840,#2857,
    #2881,#2898,#2915,#2932,#2949,#2966,#2983,#3000,#3017,#3029,#3067,
    #3084,#3198,#3215,#3227,#3244,#3261,#3278,#3295,#3312,#3329,#3346,
    #3363,#3380,#3404,#3421,#3454,#3479,#3510,#3527,#3560,#3585,#3616,
    #3633,#3657,#3674,#3691,#3708,#3725,#3742,#3759,#3776,#3793,#3805,
    #3829,#3846,#3871,#3888,#3905,#3922,#3936,#3955,#3972,#3989,#4006,
    #4031,#4043,#4060,#4077,#4088,#4105,#4122,#4139,#4153,#4164,#4183,
    #4200,#4217,#4229,#4246,#4263,#4274,#4285,#4297,#4309,#4321));
#17 = ADVANCED_FACE('',(#18),#52,.T.);
#18 = FACE_BOUND('',#19,.T.);
#19 = EDGE_LOOP('',(#20,#30,#38,#46));
#20 = ORIENTED_EDGE('',*,*,#21,.F.);
#21 = EDGE_CURVE('',#22,#24,#26,.T.);
#22 = VERTEX_POINT('',#23);
#23 = CARTESIAN_POINT('',(0.,0.,0.));
#24 = VERTEX_POINT('',#25);
#25 = CARTESIAN_POINT('',(5.,0.,0.));
#26 = LINE('',#27,#28);
#27 = CARTESIAN_POINT('',(0.,0.,0.));
#28 = VECTOR('',#29,1.);
#29 = DIRECTION('',(1.,0.,0.));
#30 = ORIENTED_EDGE('',*,*,#31,.T.);
#31 = EDGE_CURVE('',#22,#32,#34,.T.);
#32 = VERTEX_POINT('',#33);
#33 = CARTESIAN_POINT('',(-1.21796292858E-13,5.551115123126E-16,5.));
#34 = LINE('',#35,#36);
#35 = CARTESIAN_POINT('',(0.,0.,0.));
#36 = VECTOR('',#37,1.);
#37 = DIRECTION('',(-2.456006412736E-14,2.22044604925E-16,1.));
#38 = ORIENTED_EDGE('',*,*,#39,.F.);
#39 = EDGE_CURVE('',#40,#32,#42,.T.);
#40 = VERTEX_POINT('',#41);
#41 = CARTESIAN_POINT('',(5.,3.944304526105E-31,5.));
#42 = LINE('',#43,#44);
#43 = CARTESIAN_POINT('',(49.999999999996,6.902532920684E-31,5.));
#44 = VECTOR('',#45,1.);
#45 = DIRECTION('',(-1.,3.284293275761E-47,2.22044604925E-16));
#46 = ORIENTED_EDGE('',*,*,#47,.F.);
#47 = EDGE_CURVE('',#24,#40,#48,.T.);
#48 = LINE('',#49,#50);
#49 = CARTESIAN_POINT('',(5.,0.,0.));
#50 = VECTOR('',#51,1.);
#51 = DIRECTION('',(0.,9.860761315263E-32,1.));
#52 = PLANE('',#53);
#53 = AXIS2_PLACEMENT_3D('',#54,#55,#56);
#54 = CARTESIAN_POINT('',(24.999999999997,1.988497322904E-15,
    8.95539580246));
#55 = DIRECTION('',(0.,1.,-1.972152263053E-31));
#56 = DIRECTION('',(0.,1.972152263053E-31,1.));
#57 = ADVANCED_FACE('',(#58,#147,#173,#199,#225),#251,.F.);
#58 = FACE_BOUND('',#59,.F.);
#59 = EDGE_LOOP('',(#60,#61,#69,#77,#85,#93,#101,#109,#117,#125,#133,
    #141));
#60 = ORIENTED_EDGE('',*,*,#21,.F.);
#61 = ORIENTED_EDGE('',*,*,#62,.T.);
#62 = EDGE_CURVE('',#22,#63,#65,.T.);
#63 = VERTEX_POINT('',#64);
#64 = CARTESIAN_POINT('',(0.,-31.,6.883382752676E-15));
#65 = LINE('',#66,#67);
#66 = CARTESIAN_POINT('',(0.,0.,0.));
#67 = VECTOR('',#68,1.);
#68 = DIRECTION('',(0.,-1.,2.22044604925E-16));
#69 = ORIENTED_EDGE('',*,*,#70,.T.);
#70 = EDGE_CURVE('',#63,#71,#73,.T.);
#71 = VERTEX_POINT('',#72);
#72 = CARTESIAN_POINT('',(5.,-31.,3.155443620884E-30));
#73 = LINE('',#74,#75);
#74 = CARTESIAN_POINT('',(0.,-31.,7.105427357601E-15));
#75 = VECTOR('',#76,1.);
#76 = DIRECTION('',(1.,0.,0.));
#77 = ORIENTED_EDGE('',*,*,#78,.T.);
#78 = EDGE_CURVE('',#71,#79,#81,.T.);
#79 = VERTEX_POINT('',#80);
#80 = CARTESIAN_POINT('',(5.,-26.,2.366582715663E-30));
#81 = LINE('',#82,#83);
#82 = CARTESIAN_POINT('',(5.,-31.,3.155443620884E-30));
#83 = VECTOR('',#84,1.);
#84 = DIRECTION('',(-7.105427357601E-16,1.,-9.860761315263E-32));
#85 = ORIENTED_EDGE('',*,*,#86,.T.);
#86 = EDGE_CURVE('',#79,#87,#89,.T.);
#87 = VERTEX_POINT('',#88);
#88 = CARTESIAN_POINT('',(44.999999999996,-26.,2.366582715663E-30));
#89 = LINE('',#90,#91);
#90 = CARTESIAN_POINT('',(5.,-26.,3.155443620884E-30));
#91 = VECTOR('',#92,1.);
#92 = DIRECTION('',(1.,-8.881784197002E-17,1.094764425254E-47));
#93 = ORIENTED_EDGE('',*,*,#94,.T.);
#94 = EDGE_CURVE('',#87,#95,#97,.T.);
#95 = VERTEX_POINT('',#96);
#96 = CARTESIAN_POINT('',(44.999999999996,-31.,3.155443620884E-30));
#97 = LINE('',#98,#99);
#98 = CARTESIAN_POINT('',(44.999999999996,-26.,3.155443620884E-30));
#99 = VECTOR('',#100,1.);
#100 = DIRECTION('',(1.42108547152E-15,-1.,9.860761315263E-32));
#101 = ORIENTED_EDGE('',*,*,#102,.T.);
#102 = EDGE_CURVE('',#95,#103,#105,.T.);
#103 = VERTEX_POINT('',#104);
#104 = CARTESIAN_POINT('',(49.999999999996,-31.,6.883382752676E-15));
#105 = LINE('',#106,#107);
#106 = CARTESIAN_POINT('',(0.,-31.,7.105427357601E-15));
#107 = VECTOR('',#108,1.);
#108 = DIRECTION('',(1.,0.,0.));
#109 = ORIENTED_EDGE('',*,*,#110,.F.);
#110 = EDGE_CURVE('',#111,#103,#113,.T.);
#111 = VERTEX_POINT('',#112);
#112 = CARTESIAN_POINT('',(49.999999999996,0.,0.));
#113 = LINE('',#114,#115);
#114 = CARTESIAN_POINT('',(49.999999999996,0.,0.));
#115 = VECTOR('',#116,1.);
#116 = DIRECTION('',(0.,-1.,2.22044604925E-16));
#117 = ORIENTED_EDGE('',*,*,#118,.F.);
#118 = EDGE_CURVE('',#119,#111,#121,.T.);
#119 = VERTEX_POINT('',#120);
#120 = CARTESIAN_POINT('',(44.999999999996,0.,0.));
#121 = LINE('',#122,#123);
#122 = CARTESIAN_POINT('',(0.,0.,0.));
#123 = VECTOR('',#124,1.);
#124 = DIRECTION('',(1.,0.,0.));
#125 = ORIENTED_EDGE('',*,*,#126,.T.);
#126 = EDGE_CURVE('',#119,#127,#129,.T.);
#127 = VERTEX_POINT('',#128);
#128 = CARTESIAN_POINT('',(44.999999999996,-5.,3.944304526105E-31));
#129 = LINE('',#130,#131);
#130 = CARTESIAN_POINT('',(44.999999999996,0.,0.));
#131 = VECTOR('',#132,1.);
#132 = DIRECTION('',(0.,-1.,9.860761315263E-32));
#133 = ORIENTED_EDGE('',*,*,#134,.T.);
#134 = EDGE_CURVE('',#127,#135,#137,.T.);
#135 = VERTEX_POINT('',#136);
#136 = CARTESIAN_POINT('',(5.,-5.,3.944304526105E-31));
#137 = LINE('',#138,#139);
#138 = CARTESIAN_POINT('',(44.999999999996,-5.,3.944304526105E-31));
#139 = VECTOR('',#140,1.);
#140 = DIRECTION('',(-1.,-0.,0.));
#141 = ORIENTED_EDGE('',*,*,#142,.T.);
#142 = EDGE_CURVE('',#135,#24,#143,.T.);
#143 = LINE('',#144,#145);
#144 = CARTESIAN_POINT('',(5.,-5.,3.944304526105E-31));
#145 = VECTOR('',#146,1.);
#146 = DIRECTION('',(0.,1.,-9.860761315263E-32));
#147 = FACE_BOUND('',#148,.F.);
#148 = EDGE_LOOP('',(#149,#159,#167));
#149 = ORIENTED_EDGE('',*,*,#150,.F.);
#150 = EDGE_CURVE('',#151,#153,#155,.T.);
#151 = VERTEX_POINT('',#152);
#152 = CARTESIAN_POINT('',(38.095238095235,-22.,2.366582715663E-30));
#153 = VERTEX_POINT('',#154);
#154 = CARTESIAN_POINT('',(24.999999999998,-16.5,1.577721810442E-30));
#155 = LINE('',#156,#157);
#156 = CARTESIAN_POINT('',(38.095238095235,-22.,1.577721810442E-30));
#157 = VECTOR('',#158,1.);
#158 = DIRECTION('',(-0.921982105607,0.387232484355,-4.930380657631E-32)
  );
#159 = ORIENTED_EDGE('',*,*,#160,.T.);
#160 = EDGE_CURVE('',#151,#161,#163,.T.);
#161 = VERTEX_POINT('',#162);
#162 = CARTESIAN_POINT('',(11.904761904761,-22.,2.366582715663E-30));
#163 = LINE('',#164,#165);
#164 = CARTESIAN_POINT('',(38.095238095235,-22.,1.577721810442E-30));
#165 = VECTOR('',#166,1.);
#166 = DIRECTION('',(-1.,-1.35649067736E-16,1.094764425254E-47));
#167 = ORIENTED_EDGE('',*,*,#168,.F.);
#168 = EDGE_CURVE('',#153,#161,#169,.T.);
#169 = LINE('',#170,#171);
#170 = CARTESIAN_POINT('',(24.999999999998,-16.5,1.577721810442E-30));
#171 = VECTOR('',#172,1.);
#172 = DIRECTION('',(-0.921982105607,-0.387232484355,4.930380657631E-32)
  );
#173 = FACE_BOUND('',#174,.F.);
#174 = EDGE_LOOP('',(#175,#185,#193));
#175 = ORIENTED_EDGE('',*,*,#176,.F.);
#176 = EDGE_CURVE('',#177,#179,#181,.T.);
#177 = VERTEX_POINT('',#178);
#178 = CARTESIAN_POINT('',(5.,-23.27,2.366582715663E-30));
#179 = VERTEX_POINT('',#180);
#180 = CARTESIAN_POINT('',(23.499999999998,-15.5,1.577721810442E-30));
#181 = LINE('',#182,#183);
#182 = CARTESIAN_POINT('',(5.,-23.27,1.577721810442E-30));
#183 = VECTOR('',#184,1.);
#184 = DIRECTION('',(0.921982105607,0.387232484355,-4.930380657631E-32)
  );
#185 = ORIENTED_EDGE('',*,*,#186,.T.);
#186 = EDGE_CURVE('',#177,#187,#189,.T.);
#187 = VERTEX_POINT('',#188);
#188 = CARTESIAN_POINT('',(5.,-7.73,7.88860905221E-31));
#189 = LINE('',#190,#191);
#190 = CARTESIAN_POINT('',(5.,-23.27,1.577721810442E-30));
#191 = VECTOR('',#192,1.);
#192 = DIRECTION('',(0.,1.,-9.860761315263E-32));
#193 = ORIENTED_EDGE('',*,*,#194,.T.);
#194 = EDGE_CURVE('',#187,#179,#195,.T.);
#195 = LINE('',#196,#197);
#196 = CARTESIAN_POINT('',(5.,-7.73,7.88860905221E-31));
#197 = VECTOR('',#198,1.);
#198 = DIRECTION('',(0.921982105607,-0.387232484355,4.930380657631E-32)
  );
#199 = FACE_BOUND('',#200,.F.);
#200 = EDGE_LOOP('',(#201,#211,#219));
#201 = ORIENTED_EDGE('',*,*,#202,.F.);
#202 = EDGE_CURVE('',#203,#205,#207,.T.);
#203 = VERTEX_POINT('',#204);
#204 = CARTESIAN_POINT('',(11.904761904761,-9.,7.88860905221E-31));
#205 = VERTEX_POINT('',#206);
#206 = CARTESIAN_POINT('',(24.999999999998,-14.5,1.577721810442E-30));
#207 = LINE('',#208,#209);
#208 = CARTESIAN_POINT('',(11.904761904761,-9.,7.88860905221E-31));
#209 = VECTOR('',#210,1.);
#210 = DIRECTION('',(0.921982105607,-0.387232484355,4.930380657631E-32)
  );
#211 = ORIENTED_EDGE('',*,*,#212,.T.);
#212 = EDGE_CURVE('',#203,#213,#215,.T.);
#213 = VERTEX_POINT('',#214);
#214 = CARTESIAN_POINT('',(38.095238095235,-9.,7.88860905221E-31));
#215 = LINE('',#216,#217);
#216 = CARTESIAN_POINT('',(11.904761904761,-9.,7.88860905221E-31));
#217 = VECTOR('',#218,1.);
#218 = DIRECTION('',(1.,0.,0.));
#219 = ORIENTED_EDGE('',*,*,#220,.F.);
#220 = EDGE_CURVE('',#205,#213,#221,.T.);
#221 = LINE('',#222,#223);
#222 = CARTESIAN_POINT('',(24.999999999998,-14.5,1.577721810442E-30));
#223 = VECTOR('',#224,1.);
#224 = DIRECTION('',(0.921982105607,0.387232484355,-4.930380657631E-32)
  );
#225 = FACE_BOUND('',#226,.F.);
#226 = EDGE_LOOP('',(#227,#237,#245));
#227 = ORIENTED_EDGE('',*,*,#228,.F.);
#228 = EDGE_CURVE('',#229,#231,#233,.T.);
#229 = VERTEX_POINT('',#230);
#230 = CARTESIAN_POINT('',(44.999999999996,-7.73,7.88860905221E-31));
#231 = VERTEX_POINT('',#232);
#232 = CARTESIAN_POINT('',(26.499999999998,-15.5,1.577721810442E-30));
#233 = LINE('',#234,#235);
#234 = CARTESIAN_POINT('',(44.999999999996,-7.73,7.88860905221E-31));
#235 = VECTOR('',#236,1.);
#236 = DIRECTION('',(-0.921982105607,-0.387232484355,4.930380657631E-32)
  );
#237 = ORIENTED_EDGE('',*,*,#238,.T.);
#238 = EDGE_CURVE('',#229,#239,#241,.T.);
#239 = VERTEX_POINT('',#240);
#240 = CARTESIAN_POINT('',(44.999999999996,-23.27,2.366582715663E-30));
#241 = LINE('',#242,#243);
#242 = CARTESIAN_POINT('',(44.999999999996,-7.73,7.88860905221E-31));
#243 = VECTOR('',#244,1.);
#244 = DIRECTION('',(4.572347076963E-16,-1.,9.860761315263E-32));
#245 = ORIENTED_EDGE('',*,*,#246,.T.);
#246 = EDGE_CURVE('',#239,#231,#247,.T.);
#247 = LINE('',#248,#249);
#248 = CARTESIAN_POINT('',(44.999999999996,-23.27,1.577721810442E-30));
#249 = VECTOR('',#250,1.);
#250 = DIRECTION('',(-0.921982105607,0.387232484355,-4.930380657631E-32)
  );
#251 = PLANE('',#252);
#252 = AXIS2_PLACEMENT_3D('',#253,#254,#255);
#253 = CARTESIAN_POINT('',(0.,0.,0.));
#254 = DIRECTION('',(0.,2.22044604925E-16,1.));
#255 = DIRECTION('',(1.,0.,0.));
#256 = ADVANCED_FACE('',(#257),#275,.F.);
#257 = FACE_BOUND('',#258,.F.);
#258 = EDGE_LOOP('',(#259,#267,#273,#274));
#259 = ORIENTED_EDGE('',*,*,#260,.T.);
#260 = EDGE_CURVE('',#135,#261,#263,.T.);
#261 = VERTEX_POINT('',#262);
#262 = CARTESIAN_POINT('',(5.,-5.,5.));
#263 = LINE('',#264,#265);
#264 = CARTESIAN_POINT('',(5.,-5.,4.437342591868E-31));
#265 = VECTOR('',#266,1.);
#266 = DIRECTION('',(0.,9.860761315263E-32,1.));
#267 = ORIENTED_EDGE('',*,*,#268,.T.);
#268 = EDGE_CURVE('',#261,#40,#269,.T.);
#269 = LINE('',#270,#271);
#270 = CARTESIAN_POINT('',(5.,-5.,5.));
#271 = VECTOR('',#272,1.);
#272 = DIRECTION('',(0.,1.,-9.860761315263E-32));
#273 = ORIENTED_EDGE('',*,*,#47,.F.);
#274 = ORIENTED_EDGE('',*,*,#142,.F.);
#275 = PLANE('',#276);
#276 = AXIS2_PLACEMENT_3D('',#277,#278,#279);
#277 = CARTESIAN_POINT('',(5.,-5.,4.437342591868E-31));
#278 = DIRECTION('',(-1.,0.,0.));
#279 = DIRECTION('',(0.,1.,-9.860761315263E-32));
#280 = ADVANCED_FACE('',(#281),#299,.F.);
#281 = FACE_BOUND('',#282,.F.);
#282 = EDGE_LOOP('',(#283,#284,#292,#298));
#283 = ORIENTED_EDGE('',*,*,#268,.F.);
#284 = ORIENTED_EDGE('',*,*,#285,.T.);
#285 = EDGE_CURVE('',#261,#286,#288,.T.);
#286 = VERTEX_POINT('',#287);
#287 = CARTESIAN_POINT('',(-1.207922650792E-13,-5.,5.));
#288 = LINE('',#289,#290);
#289 = CARTESIAN_POINT('',(49.999999999996,-5.,5.));
#290 = VECTOR('',#291,1.);
#291 = DIRECTION('',(-1.,3.284293275761E-47,2.22044604925E-16));
#292 = ORIENTED_EDGE('',*,*,#293,.F.);
#293 = EDGE_CURVE('',#32,#286,#294,.T.);
#294 = LINE('',#295,#296);
#295 = CARTESIAN_POINT('',(-1.21796292858E-13,-2.5,5.));
#296 = VECTOR('',#297,1.);
#297 = DIRECTION('',(5.453429736093E-30,-1.,1.479114197289E-31));
#298 = ORIENTED_EDGE('',*,*,#39,.F.);
#299 = PLANE('',#300);
#300 = AXIS2_PLACEMENT_3D('',#301,#302,#303);
#301 = CARTESIAN_POINT('',(49.999999999996,-5.,5.));
#302 = DIRECTION('',(-2.22044604925E-16,-1.479114197289E-31,-1.));
#303 = DIRECTION('',(0.,1.,-1.479114197289E-31));
#304 = ADVANCED_FACE('',(#305),#380,.T.);
#305 = FACE_BOUND('',#306,.T.);
#306 = EDGE_LOOP('',(#307,#308,#309,#317,#325,#333,#341,#349,#357,#365,
    #373,#379));
#307 = ORIENTED_EDGE('',*,*,#31,.F.);
#308 = ORIENTED_EDGE('',*,*,#62,.T.);
#309 = ORIENTED_EDGE('',*,*,#310,.T.);
#310 = EDGE_CURVE('',#63,#311,#313,.T.);
#311 = VERTEX_POINT('',#312);
#312 = CARTESIAN_POINT('',(-1.21796292858E-13,-31.,5.));
#313 = LINE('',#314,#315);
#314 = CARTESIAN_POINT('',(0.,-31.,7.105427357601E-15));
#315 = VECTOR('',#316,1.);
#316 = DIRECTION('',(-2.456006412736E-14,2.22044604925E-16,1.));
#317 = ORIENTED_EDGE('',*,*,#318,.F.);
#318 = EDGE_CURVE('',#319,#311,#321,.T.);
#319 = VERTEX_POINT('',#320);
#320 = CARTESIAN_POINT('',(-1.207922650792E-13,-26.,5.));
#321 = LINE('',#322,#323);
#322 = CARTESIAN_POINT('',(-1.21796292858E-13,-15.5,5.));
#323 = VECTOR('',#324,1.);
#324 = DIRECTION('',(5.453429736093E-30,-1.,1.479114197289E-31));
#325 = ORIENTED_EDGE('',*,*,#326,.F.);
#326 = EDGE_CURVE('',#327,#319,#329,.T.);
#327 = VERTEX_POINT('',#328);
#328 = CARTESIAN_POINT('',(-4.137700606225E-13,-26.,16.847271182878));
#329 = LINE('',#330,#331);
#330 = CARTESIAN_POINT('',(-6.039613253961E-14,-26.,2.499999999999));
#331 = VECTOR('',#332,1.);
#332 = DIRECTION('',(2.456006412736E-14,-1.479114197289E-31,-1.));
#333 = ORIENTED_EDGE('',*,*,#334,.F.);
#334 = EDGE_CURVE('',#335,#327,#337,.T.);
#335 = VERTEX_POINT('',#336);
#336 = CARTESIAN_POINT('',(-4.137700606225E-13,-23.,16.847271182878));
#337 = LINE('',#338,#339);
#338 = CARTESIAN_POINT('',(-4.137700606225E-13,3.740845673867E-15,
    16.847271182878));
#339 = VECTOR('',#340,1.);
#340 = DIRECTION('',(0.,-1.,2.22044604925E-16));
#341 = ORIENTED_EDGE('',*,*,#342,.F.);
#342 = EDGE_CURVE('',#343,#335,#345,.T.);
#343 = VERTEX_POINT('',#344);
#344 = CARTESIAN_POINT('',(-1.207922650792E-13,-23.,5.));
#345 = LINE('',#346,#347);
#346 = CARTESIAN_POINT('',(-2.700062395888E-13,-23.,10.999999999999));
#347 = VECTOR('',#348,1.);
#348 = DIRECTION('',(-2.456006412736E-14,1.479114197289E-31,1.));
#349 = ORIENTED_EDGE('',*,*,#350,.F.);
#350 = EDGE_CURVE('',#351,#343,#353,.T.);
#351 = VERTEX_POINT('',#352);
#352 = CARTESIAN_POINT('',(-1.207922650792E-13,-8.,5.));
#353 = LINE('',#354,#355);
#354 = CARTESIAN_POINT('',(-1.21796292858E-13,-11.5,5.));
#355 = VECTOR('',#356,1.);
#356 = DIRECTION('',(5.453429736093E-30,-1.,1.479114197289E-31));
#357 = ORIENTED_EDGE('',*,*,#358,.F.);
#358 = EDGE_CURVE('',#359,#351,#361,.T.);
#359 = VERTEX_POINT('',#360);
#360 = CARTESIAN_POINT('',(-4.137700606225E-13,-8.,16.847271182878));
#361 = LINE('',#362,#363);
#362 = CARTESIAN_POINT('',(-6.039613253961E-14,-8.,2.499999999999));
#363 = VECTOR('',#364,1.);
#364 = DIRECTION('',(2.456006412736E-14,-1.479114197289E-31,-1.));
#365 = ORIENTED_EDGE('',*,*,#366,.F.);
#366 = EDGE_CURVE('',#367,#359,#369,.T.);
#367 = VERTEX_POINT('',#368);
#368 = CARTESIAN_POINT('',(-4.137700606225E-13,-5.,16.847271182878));
#369 = LINE('',#370,#371);
#370 = CARTESIAN_POINT('',(-4.137700606225E-13,3.740845673867E-15,
    16.847271182878));
#371 = VECTOR('',#372,1.);
#372 = DIRECTION('',(0.,-1.,2.22044604925E-16));
#373 = ORIENTED_EDGE('',*,*,#374,.F.);
#374 = EDGE_CURVE('',#286,#367,#375,.T.);
#375 = LINE('',#376,#377);
#376 = CARTESIAN_POINT('',(-2.700062395888E-13,-5.,10.999999999999));
#377 = VECTOR('',#378,1.);
#378 = DIRECTION('',(-2.456006412736E-14,1.479114197289E-31,1.));
#379 = ORIENTED_EDGE('',*,*,#293,.F.);
#380 = PLANE('',#381);
#381 = AXIS2_PLACEMENT_3D('',#382,#383,#384);
#382 = CARTESIAN_POINT('',(0.,0.,0.));
#383 = DIRECTION('',(-1.,-5.453429736093E-30,-2.456006412736E-14));
#384 = DIRECTION('',(-2.456006412736E-14,2.22044604925E-16,1.));
#385 = ADVANCED_FACE('',(#386),#672,.T.);
#386 = FACE_BOUND('',#387,.T.);
#387 = EDGE_LOOP('',(#388,#396,#397,#398,#399,#400,#409,#418,#426,#434,
    #442,#451,#459,#467,#475,#484,#492,#500,#508,#517,#525,#533,#541,
    #550,#558,#566,#574,#583,#591,#599,#607,#616,#624,#632,#640,#649,
    #658,#666));
#388 = ORIENTED_EDGE('',*,*,#389,.F.);
#389 = EDGE_CURVE('',#127,#390,#392,.T.);
#390 = VERTEX_POINT('',#391);
#391 = CARTESIAN_POINT('',(44.999999999996,-5.,5.));
#392 = LINE('',#393,#394);
#393 = CARTESIAN_POINT('',(44.999999999996,-5.,4.437342591868E-31));
#394 = VECTOR('',#395,1.);
#395 = DIRECTION('',(0.,9.860761315263E-32,1.));
#396 = ORIENTED_EDGE('',*,*,#134,.T.);
#397 = ORIENTED_EDGE('',*,*,#260,.T.);
#398 = ORIENTED_EDGE('',*,*,#285,.T.);
#399 = ORIENTED_EDGE('',*,*,#374,.T.);
#400 = ORIENTED_EDGE('',*,*,#401,.F.);
#401 = EDGE_CURVE('',#402,#367,#404,.T.);
#402 = VERTEX_POINT('',#403);
#403 = CARTESIAN_POINT('',(3.490239894456,-5.,18.181132141513));
#404 = CIRCLE('',#405,2.);
#405 = AXIS2_PLACEMENT_3D('',#406,#407,#408);
#406 = CARTESIAN_POINT('',(2.,-5.,16.847271182878));
#407 = DIRECTION('',(0.,-1.,2.22044604925E-16));
#408 = DIRECTION('',(-1.,-5.453429736093E-30,-2.456006412736E-14));
#409 = ORIENTED_EDGE('',*,*,#410,.F.);
#410 = EDGE_CURVE('',#411,#402,#413,.T.);
#411 = VERTEX_POINT('',#412);
#412 = CARTESIAN_POINT('',(5.708019550632,-5.,15.959287616988));
#413 = CIRCLE('',#414,28.867513459481);
#414 = AXIS2_PLACEMENT_3D('',#415,#416,#417);
#415 = CARTESIAN_POINT('',(24.999999999999,-5.,37.433756729743));
#416 = DIRECTION('',(0.,1.,-2.22044604925E-16));
#417 = DIRECTION('',(1.,0.,0.));
#418 = ORIENTED_EDGE('',*,*,#419,.F.);
#419 = EDGE_CURVE('',#420,#411,#422,.T.);
#420 = VERTEX_POINT('',#421);
#421 = CARTESIAN_POINT('',(2.494079933212,-5.,12.1290667179));
#422 = LINE('',#423,#424);
#423 = CARTESIAN_POINT('',(7.693431800092,-5.,18.325407829693));
#424 = VECTOR('',#425,1.);
#425 = DIRECTION('',(0.642787923481,-1.70095977262E-16,0.766044179814));
#426 = ORIENTED_EDGE('',*,*,#427,.F.);
#427 = EDGE_CURVE('',#428,#420,#430,.T.);
#428 = VERTEX_POINT('',#429);
#429 = CARTESIAN_POINT('',(3.869948,-5.,10.968469));
#430 = LINE('',#431,#432);
#431 = CARTESIAN_POINT('',(10.126799935909,-5.,5.690573354811));
#432 = VECTOR('',#433,1.);
#433 = DIRECTION('',(-0.764371148215,-1.431691454155E-16,0.644776509944)
  );
#434 = ORIENTED_EDGE('',*,*,#435,.F.);
#435 = EDGE_CURVE('',#436,#428,#438,.T.);
#436 = VERTEX_POINT('',#437);
#437 = CARTESIAN_POINT('',(7.083887617419,-5.,14.798689899088));
#438 = LINE('',#439,#440);
#439 = CARTESIAN_POINT('',(7.46383345854,-5.,15.251491343551));
#440 = VECTOR('',#441,1.);
#441 = DIRECTION('',(-0.642787923481,1.70095977262E-16,-0.766044179814)
  );
#442 = ORIENTED_EDGE('',*,*,#443,.F.);
#443 = EDGE_CURVE('',#444,#436,#446,.T.);
#444 = VERTEX_POINT('',#445);
#445 = CARTESIAN_POINT('',(11.180397784478,-5.,12.089094018667));
#446 = CIRCLE('',#447,28.867513459481);
#447 = AXIS2_PLACEMENT_3D('',#448,#449,#450);
#448 = CARTESIAN_POINT('',(24.999999999999,-5.,37.433756729743));
#449 = DIRECTION('',(0.,1.,-2.22044604925E-16));
#450 = DIRECTION('',(1.,0.,0.));
#451 = ORIENTED_EDGE('',*,*,#452,.F.);
#452 = EDGE_CURVE('',#453,#444,#455,.T.);
#453 = VERTEX_POINT('',#454);
#454 = CARTESIAN_POINT('',(8.936393157101,-5.,7.620935199585));
#455 = LINE('',#456,#457);
#456 = CARTESIAN_POINT('',(11.71921475948,-5.,13.161961600735));
#457 = VECTOR('',#458,1.);
#458 = DIRECTION('',(0.448800925473,-1.984261119442E-16,0.893631763812)
  );
#459 = ORIENTED_EDGE('',*,*,#460,.F.);
#460 = EDGE_CURVE('',#461,#453,#463,.T.);
#461 = VERTEX_POINT('',#462);
#462 = CARTESIAN_POINT('',(10.542827,-5.,6.808919));
#463 = LINE('',#464,#465);
#464 = CARTESIAN_POINT('',(15.290448422374,-5.,4.409103083829));
#465 = VECTOR('',#466,1.);
#466 = DIRECTION('',(-0.892463246055,-1.001687867942E-16,0.451120110881)
  );
#467 = ORIENTED_EDGE('',*,*,#468,.F.);
#468 = EDGE_CURVE('',#469,#461,#471,.T.);
#469 = VERTEX_POINT('',#470);
#470 = CARTESIAN_POINT('',(12.786831627377,-5.,11.277077819082));
#471 = LINE('',#472,#473);
#472 = CARTESIAN_POINT('',(12.204695242657,-5.,10.117954620509));
#473 = VECTOR('',#474,1.);
#474 = DIRECTION('',(-0.448800925473,1.984261119442E-16,-0.893631763812)
  );
#475 = ORIENTED_EDGE('',*,*,#476,.F.);
#476 = EDGE_CURVE('',#477,#469,#479,.T.);
#477 = VERTEX_POINT('',#478);
#478 = CARTESIAN_POINT('',(17.397786304493,-5.,9.585243658822));
#479 = CIRCLE('',#480,28.867513459481);
#480 = AXIS2_PLACEMENT_3D('',#481,#482,#483);
#481 = CARTESIAN_POINT('',(24.999999999999,-5.,37.433756729743));
#482 = DIRECTION('',(0.,1.,-2.22044604925E-16));
#483 = DIRECTION('',(1.,0.,0.));
#484 = ORIENTED_EDGE('',*,*,#485,.F.);
#485 = EDGE_CURVE('',#486,#477,#488,.T.);
#486 = VERTEX_POINT('',#487);
#487 = CARTESIAN_POINT('',(16.244698998053,-5.,4.720021190737));
#488 = LINE('',#489,#490);
#489 = CARTESIAN_POINT('',(17.40362838953,-5.,9.609893174282));
#490 = VECTOR('',#491,1.);
#491 = DIRECTION('',(0.230617461287,-2.160592801587E-16,0.973044493613)
  );
#492 = ORIENTED_EDGE('',*,*,#493,.F.);
#493 = EDGE_CURVE('',#494,#486,#496,.T.);
#494 = VERTEX_POINT('',#495);
#495 = CARTESIAN_POINT('',(17.995095,-5.,4.300362));
#496 = LINE('',#497,#498);
#497 = CARTESIAN_POINT('',(20.031223519665,-5.,3.812198152592));
#498 = VECTOR('',#499,1.);
#499 = DIRECTION('',(-0.972442223304,-5.176836622791E-17,0.233143994854)
  );
#500 = ORIENTED_EDGE('',*,*,#501,.F.);
#501 = EDGE_CURVE('',#502,#494,#504,.T.);
#502 = VERTEX_POINT('',#503);
#503 = CARTESIAN_POINT('',(19.148182306439,-5.,9.165584468085));
#504 = LINE('',#505,#506);
#505 = CARTESIAN_POINT('',(18.57801982762,-5.,6.75989732981));
#506 = VECTOR('',#507,1.);
#507 = DIRECTION('',(-0.230617461287,2.160592801587E-16,-0.973044493613)
  );
#508 = ORIENTED_EDGE('',*,*,#509,.F.);
#509 = EDGE_CURVE('',#510,#502,#512,.T.);
#510 = VERTEX_POINT('',#511);
#511 = CARTESIAN_POINT('',(24.1,-5.,8.580276292657));
#512 = CIRCLE('',#513,28.867513459481);
#513 = AXIS2_PLACEMENT_3D('',#514,#515,#516);
#514 = CARTESIAN_POINT('',(24.999999999999,-5.,37.433756729743));
#515 = DIRECTION('',(0.,1.,-2.22044604925E-16));
#516 = DIRECTION('',(1.,0.,0.));
#517 = ORIENTED_EDGE('',*,*,#518,.F.);
#518 = EDGE_CURVE('',#519,#510,#521,.T.);
#519 = VERTEX_POINT('',#520);
#520 = CARTESIAN_POINT('',(24.099999999999,-5.,3.580276292657));
#521 = LINE('',#522,#523);
#522 = CARTESIAN_POINT('',(24.099999999999,-5.,8.207908666486));
#523 = VECTOR('',#524,1.);
#524 = DIRECTION('',(0.,-2.22044604925E-16,1.));
#525 = ORIENTED_EDGE('',*,*,#526,.F.);
#526 = EDGE_CURVE('',#527,#519,#529,.T.);
#527 = VERTEX_POINT('',#528);
#528 = CARTESIAN_POINT('',(25.899999999999,-5.,3.580276292657));
#529 = LINE('',#530,#531);
#530 = CARTESIAN_POINT('',(24.549999999998,-5.,3.580276292657));
#531 = VECTOR('',#532,1.);
#532 = DIRECTION('',(-1.,-0.,0.));
#533 = ORIENTED_EDGE('',*,*,#534,.F.);
#534 = EDGE_CURVE('',#535,#527,#537,.T.);
#535 = VERTEX_POINT('',#536);
#536 = CARTESIAN_POINT('',(25.899999999998,-5.,8.580276292657));
#537 = LINE('',#538,#539);
#538 = CARTESIAN_POINT('',(25.899999999999,-5.,5.707908666486));
#539 = VECTOR('',#540,1.);
#540 = DIRECTION('',(0.,2.22044604925E-16,-1.));
#541 = ORIENTED_EDGE('',*,*,#542,.F.);
#542 = EDGE_CURVE('',#543,#535,#545,.T.);
#543 = VERTEX_POINT('',#544);
#544 = CARTESIAN_POINT('',(31.109553517874,-5.,9.220166225421));
#545 = CIRCLE('',#546,28.867513459481);
#546 = AXIS2_PLACEMENT_3D('',#547,#548,#549);
#547 = CARTESIAN_POINT('',(24.999999999999,-5.,37.433756729743));
#548 = DIRECTION('',(0.,1.,-2.22044604925E-16));
#549 = DIRECTION('',(1.,0.,0.));
#550 = ORIENTED_EDGE('',*,*,#551,.F.);
#551 = EDGE_CURVE('',#552,#543,#554,.T.);
#552 = VERTEX_POINT('',#553);
#553 = CARTESIAN_POINT('',(32.262376,-5.,4.354881));
#554 = LINE('',#555,#556);
#555 = CARTESIAN_POINT('',(31.102483621991,-5.,9.250003481823));
#556 = VECTOR('',#557,1.);
#557 = DIRECTION('',(-0.230564496425,-2.160620671453E-16,0.973057045084)
  );
#558 = ORIENTED_EDGE('',*,*,#559,.F.);
#559 = EDGE_CURVE('',#560,#552,#562,.T.);
#560 = VERTEX_POINT('',#561);
#561 = CARTESIAN_POINT('',(34.008869236382,-5.,4.79049708702));
#562 = LINE('',#563,#564);
#563 = CARTESIAN_POINT('',(29.252516168097,-5.,3.604151861667));
#564 = VECTOR('',#565,1.);
#565 = DIRECTION('',(-0.970274020212,5.373677885633E-17,-0.242008937233)
  );
#566 = ORIENTED_EDGE('',*,*,#567,.F.);
#567 = EDGE_CURVE('',#568,#560,#570,.T.);
#568 = VERTEX_POINT('',#569);
#569 = CARTESIAN_POINT('',(32.856046754257,-5.,9.655782312442));
#570 = LINE('',#571,#572);
#571 = CARTESIAN_POINT('',(33.42783207951,-5.,7.2426625666));
#572 = VECTOR('',#573,1.);
#573 = DIRECTION('',(0.230564496425,2.160620671453E-16,-0.973057045084)
  );
#574 = ORIENTED_EDGE('',*,*,#575,.F.);
#575 = EDGE_CURVE('',#576,#568,#578,.T.);
#576 = VERTEX_POINT('',#577);
#577 = CARTESIAN_POINT('',(37.212913699598,-5.,11.27695890777));
#578 = CIRCLE('',#579,28.867513459481);
#579 = AXIS2_PLACEMENT_3D('',#580,#581,#582);
#580 = CARTESIAN_POINT('',(24.999999999999,-5.,37.433756729743));
#581 = DIRECTION('',(0.,1.,-2.22044604925E-16));
#582 = DIRECTION('',(1.,0.,0.));
#583 = ORIENTED_EDGE('',*,*,#584,.F.);
#584 = EDGE_CURVE('',#585,#576,#587,.T.);
#585 = VERTEX_POINT('',#586);
#586 = CARTESIAN_POINT('',(39.457173,-5.,6.808928));
#587 = LINE('',#588,#589);
#588 = CARTESIAN_POINT('',(36.672828939513,-5.,12.352198030291));
#589 = VECTOR('',#590,1.);
#590 = DIRECTION('',(-0.448851860078,-1.984204315408E-16,0.89360618155)
  );
#591 = ORIENTED_EDGE('',*,*,#592,.F.);
#592 = EDGE_CURVE('',#593,#585,#595,.T.);
#593 = VERTEX_POINT('',#594);
#594 = CARTESIAN_POINT('',(41.063614748955,-5.,7.62092855863));
#595 = LINE('',#596,#597);
#596 = CARTESIAN_POINT('',(33.906273209649,-5.,4.003140778897));
#597 = VECTOR('',#598,1.);
#598 = DIRECTION('',(-0.892467638308,1.001668573555E-16,-0.451111421461)
  );
#599 = ORIENTED_EDGE('',*,*,#600,.F.);
#600 = EDGE_CURVE('',#601,#593,#603,.T.);
#601 = VERTEX_POINT('',#602);
#602 = CARTESIAN_POINT('',(38.819355448553,-5.,12.0889594664));
#603 = LINE('',#604,#605);
#604 = CARTESIAN_POINT('',(39.402422453237,-5.,10.928148236716));
#605 = VECTOR('',#606,1.);
#606 = DIRECTION('',(0.448851860078,1.984204315408E-16,-0.89360618155));
#607 = ORIENTED_EDGE('',*,*,#608,.F.);
#608 = EDGE_CURVE('',#609,#601,#611,.T.);
#609 = VERTEX_POINT('',#610);
#610 = CARTESIAN_POINT('',(42.916115764364,-5.,14.79869257584));
#611 = CIRCLE('',#612,28.867513459481);
#612 = AXIS2_PLACEMENT_3D('',#613,#614,#615);
#613 = CARTESIAN_POINT('',(24.999999999999,-5.,37.433756729743));
#614 = DIRECTION('',(0.,1.,-2.22044604925E-16));
#615 = DIRECTION('',(1.,0.,0.));
#616 = ORIENTED_EDGE('',*,*,#617,.F.);
#617 = EDGE_CURVE('',#618,#609,#620,.T.);
#618 = VERTEX_POINT('',#619);
#619 = CARTESIAN_POINT('',(46.130051,-5.,10.968468));
#620 = LINE('',#621,#622);
#621 = CARTESIAN_POINT('',(40.929209475638,-5.,17.166598815081));
#622 = VECTOR('',#623,1.);
#623 = DIRECTION('',(-0.642787047124,-1.700961405425E-16,0.766044915165)
  );
#624 = ORIENTED_EDGE('',*,*,#625,.F.);
#625 = EDGE_CURVE('',#626,#618,#628,.T.);
#626 = VERTEX_POINT('',#627);
#627 = CARTESIAN_POINT('',(47.505918893389,-5.,12.129065923461));
#628 = LINE('',#629,#630);
#629 = CARTESIAN_POINT('',(39.185267085698,-5.,5.110273453449));
#630 = VECTOR('',#631,1.);
#631 = DIRECTION('',(-0.764371051883,1.431691707732E-16,-0.644776624145)
  );
#632 = ORIENTED_EDGE('',*,*,#633,.F.);
#633 = EDGE_CURVE('',#634,#626,#636,.T.);
#634 = VERTEX_POINT('',#635);
#635 = CARTESIAN_POINT('',(44.291983657754,-5.,15.959290499302));
#636 = LINE('',#637,#638);
#637 = CARTESIAN_POINT('',(43.913549133408,-5.,16.410291875877));
#638 = VECTOR('',#639,1.);
#639 = DIRECTION('',(0.642787047124,1.700961405425E-16,-0.766044915165)
  );
#640 = ORIENTED_EDGE('',*,*,#641,.F.);
#641 = EDGE_CURVE('',#642,#634,#644,.T.);
#642 = VERTEX_POINT('',#643);
#643 = CARTESIAN_POINT('',(46.509760105539,-5.,18.18113214151));
#644 = CIRCLE('',#645,28.867513459481);
#645 = AXIS2_PLACEMENT_3D('',#646,#647,#648);
#646 = CARTESIAN_POINT('',(24.999999999999,-5.,37.433756729743));
#647 = DIRECTION('',(0.,1.,-2.22044604925E-16));
#648 = DIRECTION('',(1.,0.,0.));
#649 = ORIENTED_EDGE('',*,*,#650,.F.);
#650 = EDGE_CURVE('',#651,#642,#653,.T.);
#651 = VERTEX_POINT('',#652);
#652 = CARTESIAN_POINT('',(49.999999999996,-5.,16.847271182875));
#653 = CIRCLE('',#654,2.);
#654 = AXIS2_PLACEMENT_3D('',#655,#656,#657);
#655 = CARTESIAN_POINT('',(47.999999999996,-5.,16.847271182875));
#656 = DIRECTION('',(-1.232595164408E-32,-1.,2.22044604925E-16));
#657 = DIRECTION('',(-0.745119947228,1.480883147925E-16,0.666930479317)
  );
#658 = ORIENTED_EDGE('',*,*,#659,.T.);
#659 = EDGE_CURVE('',#651,#660,#662,.T.);
#660 = VERTEX_POINT('',#661);
#661 = CARTESIAN_POINT('',(49.999999999996,-5.,5.));
#662 = LINE('',#663,#664);
#663 = CARTESIAN_POINT('',(49.999999999996,-5.,22.));
#664 = VECTOR('',#665,1.);
#665 = DIRECTION('',(-2.22044604925E-16,-1.479114197289E-31,-1.));
#666 = ORIENTED_EDGE('',*,*,#667,.T.);
#667 = EDGE_CURVE('',#660,#390,#668,.T.);
#668 = LINE('',#669,#670);
#669 = CARTESIAN_POINT('',(49.999999999996,-5.,5.));
#670 = VECTOR('',#671,1.);
#671 = DIRECTION('',(-1.,3.284293275761E-47,2.22044604925E-16));
#672 = PLANE('',#673);
#673 = AXIS2_PLACEMENT_3D('',#674,#675,#676);
#674 = CARTESIAN_POINT('',(24.999999999997,-5.,7.835541040315));
#675 = DIRECTION('',(0.,1.,2.22044604925E-16));
#676 = DIRECTION('',(-1.,0.,0.));
#677 = ADVANCED_FACE('',(#678),#696,.F.);
#678 = FACE_BOUND('',#679,.F.);
#679 = EDGE_LOOP('',(#680,#688,#694,#695));
#680 = ORIENTED_EDGE('',*,*,#681,.T.);
#681 = EDGE_CURVE('',#119,#682,#684,.T.);
#682 = VERTEX_POINT('',#683);
#683 = CARTESIAN_POINT('',(44.999999999996,3.944304526105E-31,5.));
#684 = LINE('',#685,#686);
#685 = CARTESIAN_POINT('',(44.999999999996,0.,0.));
#686 = VECTOR('',#687,1.);
#687 = DIRECTION('',(0.,9.860761315263E-32,1.));
#688 = ORIENTED_EDGE('',*,*,#689,.T.);
#689 = EDGE_CURVE('',#682,#390,#690,.T.);
#690 = LINE('',#691,#692);
#691 = CARTESIAN_POINT('',(44.999999999996,8.881784197001E-16,5.));
#692 = VECTOR('',#693,1.);
#693 = DIRECTION('',(0.,-1.,9.860761315263E-32));
#694 = ORIENTED_EDGE('',*,*,#389,.F.);
#695 = ORIENTED_EDGE('',*,*,#126,.F.);
#696 = PLANE('',#697);
#697 = AXIS2_PLACEMENT_3D('',#698,#699,#700);
#698 = CARTESIAN_POINT('',(44.999999999996,0.,0.));
#699 = DIRECTION('',(1.,0.,0.));
#700 = DIRECTION('',(0.,-1.,9.860761315263E-32));
#701 = ADVANCED_FACE('',(#702),#720,.T.);
#702 = FACE_BOUND('',#703,.T.);
#703 = EDGE_LOOP('',(#704,#705,#706,#714));
#704 = ORIENTED_EDGE('',*,*,#118,.F.);
#705 = ORIENTED_EDGE('',*,*,#681,.T.);
#706 = ORIENTED_EDGE('',*,*,#707,.F.);
#707 = EDGE_CURVE('',#708,#682,#710,.T.);
#708 = VERTEX_POINT('',#709);
#709 = CARTESIAN_POINT('',(49.999999999996,7.88860905221E-31,5.));
#710 = LINE('',#711,#712);
#711 = CARTESIAN_POINT('',(49.999999999996,6.902532920684E-31,5.));
#712 = VECTOR('',#713,1.);
#713 = DIRECTION('',(-1.,3.284293275761E-47,2.22044604925E-16));
#714 = ORIENTED_EDGE('',*,*,#715,.F.);
#715 = EDGE_CURVE('',#111,#708,#716,.T.);
#716 = LINE('',#717,#718);
#717 = CARTESIAN_POINT('',(49.999999999996,0.,0.));
#718 = VECTOR('',#719,1.);
#719 = DIRECTION('',(0.,2.22044604925E-16,1.));
#720 = PLANE('',#721);
#721 = AXIS2_PLACEMENT_3D('',#722,#723,#724);
#722 = CARTESIAN_POINT('',(24.999999999997,1.988497322904E-15,
    8.95539580246));
#723 = DIRECTION('',(0.,1.,-1.972152263053E-31));
#724 = DIRECTION('',(0.,1.972152263053E-31,1.));
#725 = ADVANCED_FACE('',(#726),#799,.F.);
#726 = FACE_BOUND('',#727,.F.);
#727 = EDGE_LOOP('',(#728,#729,#730,#738,#746,#754,#762,#770,#778,#786,
    #792,#793));
#728 = ORIENTED_EDGE('',*,*,#715,.F.);
#729 = ORIENTED_EDGE('',*,*,#110,.T.);
#730 = ORIENTED_EDGE('',*,*,#731,.T.);
#731 = EDGE_CURVE('',#103,#732,#734,.T.);
#732 = VERTEX_POINT('',#733);
#733 = CARTESIAN_POINT('',(49.999999999996,-31.,5.));
#734 = LINE('',#735,#736);
#735 = CARTESIAN_POINT('',(49.999999999996,-31.,7.105427357601E-15));
#736 = VECTOR('',#737,1.);
#737 = DIRECTION('',(0.,2.22044604925E-16,1.));
#738 = ORIENTED_EDGE('',*,*,#739,.T.);
#739 = EDGE_CURVE('',#732,#740,#742,.T.);
#740 = VERTEX_POINT('',#741);
#741 = CARTESIAN_POINT('',(49.999999999996,-26.,5.));
#742 = LINE('',#743,#744);
#743 = CARTESIAN_POINT('',(49.999999999996,-31.,5.));
#744 = VECTOR('',#745,1.);
#745 = DIRECTION('',(0.,1.,-1.479114197289E-31));
#746 = ORIENTED_EDGE('',*,*,#747,.T.);
#747 = EDGE_CURVE('',#740,#748,#750,.T.);
#748 = VERTEX_POINT('',#749);
#749 = CARTESIAN_POINT('',(49.999999999996,-26.,16.847271182875));
#750 = LINE('',#751,#752);
#751 = CARTESIAN_POINT('',(49.999999999996,-26.,5.));
#752 = VECTOR('',#753,1.);
#753 = DIRECTION('',(2.22044604925E-16,1.479114197289E-31,1.));
#754 = ORIENTED_EDGE('',*,*,#755,.F.);
#755 = EDGE_CURVE('',#756,#748,#758,.T.);
#756 = VERTEX_POINT('',#757);
#757 = CARTESIAN_POINT('',(49.999999999996,-23.,16.847271182875));
#758 = LINE('',#759,#760);
#759 = CARTESIAN_POINT('',(49.999999999996,3.740845673866E-15,
    16.847271182875));
#760 = VECTOR('',#761,1.);
#761 = DIRECTION('',(0.,-1.,2.22044604925E-16));
#762 = ORIENTED_EDGE('',*,*,#763,.T.);
#763 = EDGE_CURVE('',#756,#764,#766,.T.);
#764 = VERTEX_POINT('',#765);
#765 = CARTESIAN_POINT('',(49.999999999996,-23.,5.));
#766 = LINE('',#767,#768);
#767 = CARTESIAN_POINT('',(49.999999999996,-23.,22.));
#768 = VECTOR('',#769,1.);
#769 = DIRECTION('',(-2.22044604925E-16,-1.479114197289E-31,-1.));
#770 = ORIENTED_EDGE('',*,*,#771,.T.);
#771 = EDGE_CURVE('',#764,#772,#774,.T.);
#772 = VERTEX_POINT('',#773);
#773 = CARTESIAN_POINT('',(49.999999999996,-8.,5.));
#774 = LINE('',#775,#776);
#775 = CARTESIAN_POINT('',(49.999999999996,-23.,5.));
#776 = VECTOR('',#777,1.);
#777 = DIRECTION('',(0.,1.,-1.479114197289E-31));
#778 = ORIENTED_EDGE('',*,*,#779,.T.);
#779 = EDGE_CURVE('',#772,#780,#782,.T.);
#780 = VERTEX_POINT('',#781);
#781 = CARTESIAN_POINT('',(49.999999999996,-8.,16.847271182875));
#782 = LINE('',#783,#784);
#783 = CARTESIAN_POINT('',(49.999999999996,-8.,5.));
#784 = VECTOR('',#785,1.);
#785 = DIRECTION('',(2.22044604925E-16,1.479114197289E-31,1.));
#786 = ORIENTED_EDGE('',*,*,#787,.F.);
#787 = EDGE_CURVE('',#651,#780,#788,.T.);
#788 = LINE('',#789,#790);
#789 = CARTESIAN_POINT('',(49.999999999996,3.740845673866E-15,
    16.847271182875));
#790 = VECTOR('',#791,1.);
#791 = DIRECTION('',(0.,-1.,2.22044604925E-16));
#792 = ORIENTED_EDGE('',*,*,#659,.T.);
#793 = ORIENTED_EDGE('',*,*,#794,.T.);
#794 = EDGE_CURVE('',#660,#708,#795,.T.);
#795 = LINE('',#796,#797);
#796 = CARTESIAN_POINT('',(49.999999999996,-5.,5.));
#797 = VECTOR('',#798,1.);
#798 = DIRECTION('',(0.,1.,-1.479114197289E-31));
#799 = PLANE('',#800);
#800 = AXIS2_PLACEMENT_3D('',#801,#802,#803);
#801 = CARTESIAN_POINT('',(49.999999999996,0.,0.));
#802 = DIRECTION('',(-1.,0.,0.));
#803 = DIRECTION('',(0.,2.22044604925E-16,1.));
#804 = ADVANCED_FACE('',(#805),#823,.F.);
#805 = FACE_BOUND('',#806,.F.);
#806 = EDGE_LOOP('',(#807,#808,#816,#822));
#807 = ORIENTED_EDGE('',*,*,#102,.F.);
#808 = ORIENTED_EDGE('',*,*,#809,.T.);
#809 = EDGE_CURVE('',#95,#810,#812,.T.);
#810 = VERTEX_POINT('',#811);
#811 = CARTESIAN_POINT('',(44.999999999996,-31.,5.));
#812 = LINE('',#813,#814);
#813 = CARTESIAN_POINT('',(44.999999999996,-31.,3.106139814308E-30));
#814 = VECTOR('',#815,1.);
#815 = DIRECTION('',(0.,9.860761315263E-32,1.));
#816 = ORIENTED_EDGE('',*,*,#817,.F.);
#817 = EDGE_CURVE('',#732,#810,#818,.T.);
#818 = LINE('',#819,#820);
#819 = CARTESIAN_POINT('',(49.999999999996,-31.,5.));
#820 = VECTOR('',#821,1.);
#821 = DIRECTION('',(-1.,3.284293275761E-47,2.22044604925E-16));
#822 = ORIENTED_EDGE('',*,*,#731,.F.);
#823 = PLANE('',#824);
#824 = AXIS2_PLACEMENT_3D('',#825,#826,#827);
#825 = CARTESIAN_POINT('',(24.999999999997,-31.,8.95539580246));
#826 = DIRECTION('',(0.,1.,-1.972152263053E-31));
#827 = DIRECTION('',(0.,1.972152263053E-31,1.));
#828 = ADVANCED_FACE('',(#829),#847,.F.);
#829 = FACE_BOUND('',#830,.F.);
#830 = EDGE_LOOP('',(#831,#839,#845,#846));
#831 = ORIENTED_EDGE('',*,*,#832,.T.);
#832 = EDGE_CURVE('',#87,#833,#835,.T.);
#833 = VERTEX_POINT('',#834);
#834 = CARTESIAN_POINT('',(44.999999999996,-26.,5.));
#835 = LINE('',#836,#837);
#836 = CARTESIAN_POINT('',(44.999999999996,-26.,2.859620781426E-30));
#837 = VECTOR('',#838,1.);
#838 = DIRECTION('',(0.,9.860761315263E-32,1.));
#839 = ORIENTED_EDGE('',*,*,#840,.T.);
#840 = EDGE_CURVE('',#833,#810,#841,.T.);
#841 = LINE('',#842,#843);
#842 = CARTESIAN_POINT('',(44.999999999996,-26.,5.));
#843 = VECTOR('',#844,1.);
#844 = DIRECTION('',(1.42108547152E-15,-1.,9.860761315263E-32));
#845 = ORIENTED_EDGE('',*,*,#809,.F.);
#846 = ORIENTED_EDGE('',*,*,#94,.F.);
#847 = PLANE('',#848);
#848 = AXIS2_PLACEMENT_3D('',#849,#850,#851);
#849 = CARTESIAN_POINT('',(44.999999999996,-26.,2.859620781426E-30));
#850 = DIRECTION('',(1.,1.42108547152E-15,-1.576460772365E-46));
#851 = DIRECTION('',(1.42108547152E-15,-1.,9.860761315263E-32));
#852 = ADVANCED_FACE('',(#853),#1135,.T.);
#853 = FACE_BOUND('',#854,.T.);
#854 = EDGE_LOOP('',(#855,#863,#864,#865,#871,#872,#881,#890,#898,#906,
    #914,#923,#931,#939,#947,#956,#964,#972,#980,#989,#997,#1005,#1013,
    #1022,#1030,#1038,#1046,#1055,#1063,#1071,#1079,#1088,#1096,#1104,
    #1112,#1121,#1128,#1129));
#855 = ORIENTED_EDGE('',*,*,#856,.F.);
#856 = EDGE_CURVE('',#79,#857,#859,.T.);
#857 = VERTEX_POINT('',#858);
#858 = CARTESIAN_POINT('',(5.,-26.,5.));
#859 = LINE('',#860,#861);
#860 = CARTESIAN_POINT('',(5.,-26.,2.859620781426E-30));
#861 = VECTOR('',#862,1.);
#862 = DIRECTION('',(0.,9.860761315263E-32,1.));
#863 = ORIENTED_EDGE('',*,*,#86,.T.);
#864 = ORIENTED_EDGE('',*,*,#832,.T.);
#865 = ORIENTED_EDGE('',*,*,#866,.F.);
#866 = EDGE_CURVE('',#740,#833,#867,.T.);
#867 = LINE('',#868,#869);
#868 = CARTESIAN_POINT('',(49.999999999996,-26.,5.));
#869 = VECTOR('',#870,1.);
#870 = DIRECTION('',(-1.,3.284293275761E-47,2.22044604925E-16));
#871 = ORIENTED_EDGE('',*,*,#747,.T.);
#872 = ORIENTED_EDGE('',*,*,#873,.T.);
#873 = EDGE_CURVE('',#748,#874,#876,.T.);
#874 = VERTEX_POINT('',#875);
#875 = CARTESIAN_POINT('',(46.509760105539,-26.,18.18113214151));
#876 = CIRCLE('',#877,2.);
#877 = AXIS2_PLACEMENT_3D('',#878,#879,#880);
#878 = CARTESIAN_POINT('',(47.999999999996,-26.,16.847271182875));
#879 = DIRECTION('',(-1.232595164408E-32,-1.,2.22044604925E-16));
#880 = DIRECTION('',(-0.745119947228,1.480883147925E-16,0.666930479317)
  );
#881 = ORIENTED_EDGE('',*,*,#882,.T.);
#882 = EDGE_CURVE('',#874,#883,#885,.T.);
#883 = VERTEX_POINT('',#884);
#884 = CARTESIAN_POINT('',(44.291983657754,-26.,15.959290499302));
#885 = CIRCLE('',#886,28.867513459481);
#886 = AXIS2_PLACEMENT_3D('',#887,#888,#889);
#887 = CARTESIAN_POINT('',(24.999999999999,-26.,37.433756729743));
#888 = DIRECTION('',(0.,1.,-2.22044604925E-16));
#889 = DIRECTION('',(1.,0.,0.));
#890 = ORIENTED_EDGE('',*,*,#891,.F.);
#891 = EDGE_CURVE('',#892,#883,#894,.T.);
#892 = VERTEX_POINT('',#893);
#893 = CARTESIAN_POINT('',(47.505918893389,-26.,12.129065923461));
#894 = LINE('',#895,#896);
#895 = CARTESIAN_POINT('',(43.913549133408,-26.,16.410291875877));
#896 = VECTOR('',#897,1.);
#897 = DIRECTION('',(-0.642787047124,-1.700961405425E-16,0.766044915165)
  );
#898 = ORIENTED_EDGE('',*,*,#899,.F.);
#899 = EDGE_CURVE('',#900,#892,#902,.T.);
#900 = VERTEX_POINT('',#901);
#901 = CARTESIAN_POINT('',(46.130051,-26.,10.968468));
#902 = LINE('',#903,#904);
#903 = CARTESIAN_POINT('',(39.185267085698,-26.,5.110273453449));
#904 = VECTOR('',#905,1.);
#905 = DIRECTION('',(0.764371051883,-1.431691707732E-16,0.644776624145)
  );
#906 = ORIENTED_EDGE('',*,*,#907,.F.);
#907 = EDGE_CURVE('',#908,#900,#910,.T.);
#908 = VERTEX_POINT('',#909);
#909 = CARTESIAN_POINT('',(42.916115764364,-26.,14.79869257584));
#910 = LINE('',#911,#912);
#911 = CARTESIAN_POINT('',(40.929209475638,-26.,17.166598815081));
#912 = VECTOR('',#913,1.);
#913 = DIRECTION('',(0.642787047124,1.700961405425E-16,-0.766044915165)
  );
#914 = ORIENTED_EDGE('',*,*,#915,.T.);
#915 = EDGE_CURVE('',#908,#916,#918,.T.);
#916 = VERTEX_POINT('',#917);
#917 = CARTESIAN_POINT('',(38.819355448553,-26.,12.0889594664));
#918 = CIRCLE('',#919,28.867513459481);
#919 = AXIS2_PLACEMENT_3D('',#920,#921,#922);
#920 = CARTESIAN_POINT('',(24.999999999999,-26.,37.433756729743));
#921 = DIRECTION('',(0.,1.,-2.22044604925E-16));
#922 = DIRECTION('',(1.,0.,0.));
#923 = ORIENTED_EDGE('',*,*,#924,.F.);
#924 = EDGE_CURVE('',#925,#916,#927,.T.);
#925 = VERTEX_POINT('',#926);
#926 = CARTESIAN_POINT('',(41.063614748955,-26.,7.62092855863));
#927 = LINE('',#928,#929);
#928 = CARTESIAN_POINT('',(39.402422453237,-26.,10.928148236716));
#929 = VECTOR('',#930,1.);
#930 = DIRECTION('',(-0.448851860078,-1.984204315408E-16,0.89360618155)
  );
#931 = ORIENTED_EDGE('',*,*,#932,.F.);
#932 = EDGE_CURVE('',#933,#925,#935,.T.);
#933 = VERTEX_POINT('',#934);
#934 = CARTESIAN_POINT('',(39.457173,-26.,6.808928));
#935 = LINE('',#936,#937);
#936 = CARTESIAN_POINT('',(33.906273209649,-26.,4.003140778897));
#937 = VECTOR('',#938,1.);
#938 = DIRECTION('',(0.892467638308,-1.001668573555E-16,0.451111421461)
  );
#939 = ORIENTED_EDGE('',*,*,#940,.F.);
#940 = EDGE_CURVE('',#941,#933,#943,.T.);
#941 = VERTEX_POINT('',#942);
#942 = CARTESIAN_POINT('',(37.212913699598,-26.,11.27695890777));
#943 = LINE('',#944,#945);
#944 = CARTESIAN_POINT('',(36.672828939513,-26.,12.352198030291));
#945 = VECTOR('',#946,1.);
#946 = DIRECTION('',(0.448851860078,1.984204315408E-16,-0.89360618155));
#947 = ORIENTED_EDGE('',*,*,#948,.T.);
#948 = EDGE_CURVE('',#941,#949,#951,.T.);
#949 = VERTEX_POINT('',#950);
#950 = CARTESIAN_POINT('',(32.856046754257,-26.,9.655782312442));
#951 = CIRCLE('',#952,28.867513459481);
#952 = AXIS2_PLACEMENT_3D('',#953,#954,#955);
#953 = CARTESIAN_POINT('',(24.999999999999,-26.,37.433756729743));
#954 = DIRECTION('',(0.,1.,-2.22044604925E-16));
#955 = DIRECTION('',(1.,0.,0.));
#956 = ORIENTED_EDGE('',*,*,#957,.F.);
#957 = EDGE_CURVE('',#958,#949,#960,.T.);
#958 = VERTEX_POINT('',#959);
#959 = CARTESIAN_POINT('',(34.008869236382,-26.,4.79049708702));
#960 = LINE('',#961,#962);
#961 = CARTESIAN_POINT('',(33.42783207951,-26.,7.2426625666));
#962 = VECTOR('',#963,1.);
#963 = DIRECTION('',(-0.230564496425,-2.160620671453E-16,0.973057045084)
  );
#964 = ORIENTED_EDGE('',*,*,#965,.F.);
#965 = EDGE_CURVE('',#966,#958,#968,.T.);
#966 = VERTEX_POINT('',#967);
#967 = CARTESIAN_POINT('',(32.262376,-26.,4.354881));
#968 = LINE('',#969,#970);
#969 = CARTESIAN_POINT('',(29.252516168097,-26.,3.604151861667));
#970 = VECTOR('',#971,1.);
#971 = DIRECTION('',(0.970274020212,-5.373677885633E-17,0.242008937233)
  );
#972 = ORIENTED_EDGE('',*,*,#973,.F.);
#973 = EDGE_CURVE('',#974,#966,#976,.T.);
#974 = VERTEX_POINT('',#975);
#975 = CARTESIAN_POINT('',(31.109553517874,-26.,9.220166225421));
#976 = LINE('',#977,#978);
#977 = CARTESIAN_POINT('',(31.102483621991,-26.,9.250003481823));
#978 = VECTOR('',#979,1.);
#979 = DIRECTION('',(0.230564496425,2.160620671453E-16,-0.973057045084)
  );
#980 = ORIENTED_EDGE('',*,*,#981,.T.);
#981 = EDGE_CURVE('',#974,#982,#984,.T.);
#982 = VERTEX_POINT('',#983);
#983 = CARTESIAN_POINT('',(25.899999999998,-26.,8.580276292657));
#984 = CIRCLE('',#985,28.867513459481);
#985 = AXIS2_PLACEMENT_3D('',#986,#987,#988);
#986 = CARTESIAN_POINT('',(24.999999999999,-26.,37.433756729743));
#987 = DIRECTION('',(0.,1.,-2.22044604925E-16));
#988 = DIRECTION('',(1.,0.,0.));
#989 = ORIENTED_EDGE('',*,*,#990,.F.);
#990 = EDGE_CURVE('',#991,#982,#993,.T.);
#991 = VERTEX_POINT('',#992);
#992 = CARTESIAN_POINT('',(25.899999999999,-26.,3.580276292657));
#993 = LINE('',#994,#995);
#994 = CARTESIAN_POINT('',(25.899999999999,-26.,5.707908666486));
#995 = VECTOR('',#996,1.);
#996 = DIRECTION('',(0.,-2.22044604925E-16,1.));
#997 = ORIENTED_EDGE('',*,*,#998,.F.);
#998 = EDGE_CURVE('',#999,#991,#1001,.T.);
#999 = VERTEX_POINT('',#1000);
#1000 = CARTESIAN_POINT('',(24.099999999999,-26.,3.580276292657));
#1001 = LINE('',#1002,#1003);
#1002 = CARTESIAN_POINT('',(24.549999999998,-26.,3.580276292657));
#1003 = VECTOR('',#1004,1.);
#1004 = DIRECTION('',(1.,0.,0.));
#1005 = ORIENTED_EDGE('',*,*,#1006,.F.);
#1006 = EDGE_CURVE('',#1007,#999,#1009,.T.);
#1007 = VERTEX_POINT('',#1008);
#1008 = CARTESIAN_POINT('',(24.1,-26.,8.580276292657));
#1009 = LINE('',#1010,#1011);
#1010 = CARTESIAN_POINT('',(24.099999999999,-26.,8.207908666486));
#1011 = VECTOR('',#1012,1.);
#1012 = DIRECTION('',(0.,2.22044604925E-16,-1.));
#1013 = ORIENTED_EDGE('',*,*,#1014,.T.);
#1014 = EDGE_CURVE('',#1007,#1015,#1017,.T.);
#1015 = VERTEX_POINT('',#1016);
#1016 = CARTESIAN_POINT('',(19.148182306439,-26.,9.165584468085));
#1017 = CIRCLE('',#1018,28.867513459481);
#1018 = AXIS2_PLACEMENT_3D('',#1019,#1020,#1021);
#1019 = CARTESIAN_POINT('',(24.999999999999,-26.,37.433756729743));
#1020 = DIRECTION('',(0.,1.,-2.22044604925E-16));
#1021 = DIRECTION('',(1.,0.,0.));
#1022 = ORIENTED_EDGE('',*,*,#1023,.F.);
#1023 = EDGE_CURVE('',#1024,#1015,#1026,.T.);
#1024 = VERTEX_POINT('',#1025);
#1025 = CARTESIAN_POINT('',(17.995095,-26.,4.300362));
#1026 = LINE('',#1027,#1028);
#1027 = CARTESIAN_POINT('',(18.57801982762,-26.,6.75989732981));
#1028 = VECTOR('',#1029,1.);
#1029 = DIRECTION('',(0.230617461287,-2.160592801587E-16,0.973044493613)
  );
#1030 = ORIENTED_EDGE('',*,*,#1031,.F.);
#1031 = EDGE_CURVE('',#1032,#1024,#1034,.T.);
#1032 = VERTEX_POINT('',#1033);
#1033 = CARTESIAN_POINT('',(16.244698998053,-26.,4.720021190737));
#1034 = LINE('',#1035,#1036);
#1035 = CARTESIAN_POINT('',(20.031223519665,-26.,3.812198152592));
#1036 = VECTOR('',#1037,1.);
#1037 = DIRECTION('',(0.972442223304,5.176836622791E-17,-0.233143994854)
  );
#1038 = ORIENTED_EDGE('',*,*,#1039,.F.);
#1039 = EDGE_CURVE('',#1040,#1032,#1042,.T.);
#1040 = VERTEX_POINT('',#1041);
#1041 = CARTESIAN_POINT('',(17.397786304493,-26.,9.585243658822));
#1042 = LINE('',#1043,#1044);
#1043 = CARTESIAN_POINT('',(17.40362838953,-26.,9.609893174282));
#1044 = VECTOR('',#1045,1.);
#1045 = DIRECTION('',(-0.230617461287,2.160592801587E-16,-0.973044493613
    ));
#1046 = ORIENTED_EDGE('',*,*,#1047,.T.);
#1047 = EDGE_CURVE('',#1040,#1048,#1050,.T.);
#1048 = VERTEX_POINT('',#1049);
#1049 = CARTESIAN_POINT('',(12.786831627377,-26.,11.277077819082));
#1050 = CIRCLE('',#1051,28.867513459481);
#1051 = AXIS2_PLACEMENT_3D('',#1052,#1053,#1054);
#1052 = CARTESIAN_POINT('',(24.999999999999,-26.,37.433756729743));
#1053 = DIRECTION('',(0.,1.,-2.22044604925E-16));
#1054 = DIRECTION('',(1.,0.,0.));
#1055 = ORIENTED_EDGE('',*,*,#1056,.F.);
#1056 = EDGE_CURVE('',#1057,#1048,#1059,.T.);
#1057 = VERTEX_POINT('',#1058);
#1058 = CARTESIAN_POINT('',(10.542827,-26.,6.808919));
#1059 = LINE('',#1060,#1061);
#1060 = CARTESIAN_POINT('',(12.204695242656,-26.,10.117954620509));
#1061 = VECTOR('',#1062,1.);
#1062 = DIRECTION('',(0.448800925473,-1.984261119442E-16,0.893631763812)
  );
#1063 = ORIENTED_EDGE('',*,*,#1064,.F.);
#1064 = EDGE_CURVE('',#1065,#1057,#1067,.T.);
#1065 = VERTEX_POINT('',#1066);
#1066 = CARTESIAN_POINT('',(8.936393157101,-26.,7.620935199585));
#1067 = LINE('',#1068,#1069);
#1068 = CARTESIAN_POINT('',(15.290448422374,-26.,4.409103083829));
#1069 = VECTOR('',#1070,1.);
#1070 = DIRECTION('',(0.892463246055,1.001687867942E-16,-0.451120110881)
  );
#1071 = ORIENTED_EDGE('',*,*,#1072,.F.);
#1072 = EDGE_CURVE('',#1073,#1065,#1075,.T.);
#1073 = VERTEX_POINT('',#1074);
#1074 = CARTESIAN_POINT('',(11.180397784478,-26.,12.089094018667));
#1075 = LINE('',#1076,#1077);
#1076 = CARTESIAN_POINT('',(11.71921475948,-26.,13.161961600735));
#1077 = VECTOR('',#1078,1.);
#1078 = DIRECTION('',(-0.448800925473,1.984261119442E-16,-0.893631763812
    ));
#1079 = ORIENTED_EDGE('',*,*,#1080,.T.);
#1080 = EDGE_CURVE('',#1073,#1081,#1083,.T.);
#1081 = VERTEX_POINT('',#1082);
#1082 = CARTESIAN_POINT('',(7.083887617419,-26.,14.798689899088));
#1083 = CIRCLE('',#1084,28.867513459481);
#1084 = AXIS2_PLACEMENT_3D('',#1085,#1086,#1087);
#1085 = CARTESIAN_POINT('',(24.999999999999,-26.,37.433756729743));
#1086 = DIRECTION('',(0.,1.,-2.22044604925E-16));
#1087 = DIRECTION('',(1.,0.,0.));
#1088 = ORIENTED_EDGE('',*,*,#1089,.F.);
#1089 = EDGE_CURVE('',#1090,#1081,#1092,.T.);
#1090 = VERTEX_POINT('',#1091);
#1091 = CARTESIAN_POINT('',(3.869948,-26.,10.968469));
#1092 = LINE('',#1093,#1094);
#1093 = CARTESIAN_POINT('',(7.46383345854,-26.,15.251491343551));
#1094 = VECTOR('',#1095,1.);
#1095 = DIRECTION('',(0.642787923481,-1.70095977262E-16,0.766044179814)
  );
#1096 = ORIENTED_EDGE('',*,*,#1097,.F.);
#1097 = EDGE_CURVE('',#1098,#1090,#1100,.T.);
#1098 = VERTEX_POINT('',#1099);
#1099 = CARTESIAN_POINT('',(2.494079933212,-26.,12.1290667179));
#1100 = LINE('',#1101,#1102);
#1101 = CARTESIAN_POINT('',(10.126799935909,-26.,5.690573354811));
#1102 = VECTOR('',#1103,1.);
#1103 = DIRECTION('',(0.764371148215,1.431691454155E-16,-0.644776509944)
  );
#1104 = ORIENTED_EDGE('',*,*,#1105,.F.);
#1105 = EDGE_CURVE('',#1106,#1098,#1108,.T.);
#1106 = VERTEX_POINT('',#1107);
#1107 = CARTESIAN_POINT('',(5.708019550632,-26.,15.959287616988));
#1108 = LINE('',#1109,#1110);
#1109 = CARTESIAN_POINT('',(7.693431800092,-26.,18.325407829693));
#1110 = VECTOR('',#1111,1.);
#1111 = DIRECTION('',(-0.642787923481,1.70095977262E-16,-0.766044179814)
  );
#1112 = ORIENTED_EDGE('',*,*,#1113,.T.);
#1113 = EDGE_CURVE('',#1106,#1114,#1116,.T.);
#1114 = VERTEX_POINT('',#1115);
#1115 = CARTESIAN_POINT('',(3.490239894456,-26.,18.181132141513));
#1116 = CIRCLE('',#1117,28.867513459481);
#1117 = AXIS2_PLACEMENT_3D('',#1118,#1119,#1120);
#1118 = CARTESIAN_POINT('',(24.999999999999,-26.,37.433756729743));
#1119 = DIRECTION('',(0.,1.,-2.22044604925E-16));
#1120 = DIRECTION('',(1.,0.,0.));
#1121 = ORIENTED_EDGE('',*,*,#1122,.T.);
#1122 = EDGE_CURVE('',#1114,#327,#1123,.T.);
#1123 = CIRCLE('',#1124,2.);
#1124 = AXIS2_PLACEMENT_3D('',#1125,#1126,#1127);
#1125 = CARTESIAN_POINT('',(2.,-26.,16.847271182878));
#1126 = DIRECTION('',(0.,-1.,2.22044604925E-16));
#1127 = DIRECTION('',(-1.,-5.453429736093E-30,-2.456006412736E-14));
#1128 = ORIENTED_EDGE('',*,*,#326,.T.);
#1129 = ORIENTED_EDGE('',*,*,#1130,.F.);
#1130 = EDGE_CURVE('',#857,#319,#1131,.T.);
#1131 = LINE('',#1132,#1133);
#1132 = CARTESIAN_POINT('',(49.999999999996,-26.,5.));
#1133 = VECTOR('',#1134,1.);
#1134 = DIRECTION('',(-1.,3.284293275761E-47,2.22044604925E-16));
#1135 = PLANE('',#1136);
#1136 = AXIS2_PLACEMENT_3D('',#1137,#1138,#1139);
#1137 = CARTESIAN_POINT('',(24.999999999997,-26.,7.835541040315));
#1138 = DIRECTION('',(0.,-1.,-2.22044604925E-16));
#1139 = DIRECTION('',(1.,0.,0.));
#1140 = ADVANCED_FACE('',(#1141),#1159,.F.);
#1141 = FACE_BOUND('',#1142,.F.);
#1142 = EDGE_LOOP('',(#1143,#1151,#1157,#1158));
#1143 = ORIENTED_EDGE('',*,*,#1144,.T.);
#1144 = EDGE_CURVE('',#71,#1145,#1147,.T.);
#1145 = VERTEX_POINT('',#1146);
#1146 = CARTESIAN_POINT('',(5.,-31.,5.));
#1147 = LINE('',#1148,#1149);
#1148 = CARTESIAN_POINT('',(5.,-31.,3.106139814308E-30));
#1149 = VECTOR('',#1150,1.);
#1150 = DIRECTION('',(0.,9.860761315263E-32,1.));
#1151 = ORIENTED_EDGE('',*,*,#1152,.T.);
#1152 = EDGE_CURVE('',#1145,#857,#1153,.T.);
#1153 = LINE('',#1154,#1155);
#1154 = CARTESIAN_POINT('',(5.,-31.,5.));
#1155 = VECTOR('',#1156,1.);
#1156 = DIRECTION('',(-7.105427357601E-16,1.,-9.860761315263E-32));
#1157 = ORIENTED_EDGE('',*,*,#856,.F.);
#1158 = ORIENTED_EDGE('',*,*,#78,.F.);
#1159 = PLANE('',#1160);
#1160 = AXIS2_PLACEMENT_3D('',#1161,#1162,#1163);
#1161 = CARTESIAN_POINT('',(5.,-31.,3.106139814308E-30));
#1162 = DIRECTION('',(-1.,-7.105427357601E-16,7.882303861827E-47));
#1163 = DIRECTION('',(-7.105427357601E-16,1.,-9.860761315263E-32));
#1164 = ADVANCED_FACE('',(#1165),#1176,.F.);
#1165 = FACE_BOUND('',#1166,.F.);
#1166 = EDGE_LOOP('',(#1167,#1168,#1169,#1175));
#1167 = ORIENTED_EDGE('',*,*,#70,.F.);
#1168 = ORIENTED_EDGE('',*,*,#310,.T.);
#1169 = ORIENTED_EDGE('',*,*,#1170,.F.);
#1170 = EDGE_CURVE('',#1145,#311,#1171,.T.);
#1171 = LINE('',#1172,#1173);
#1172 = CARTESIAN_POINT('',(49.999999999996,-31.,5.));
#1173 = VECTOR('',#1174,1.);
#1174 = DIRECTION('',(-1.,3.284293275761E-47,2.22044604925E-16));
#1175 = ORIENTED_EDGE('',*,*,#1144,.F.);
#1176 = PLANE('',#1177);
#1177 = AXIS2_PLACEMENT_3D('',#1178,#1179,#1180);
#1178 = CARTESIAN_POINT('',(24.999999999997,-31.,8.95539580246));
#1179 = DIRECTION('',(0.,1.,-1.972152263053E-31));
#1180 = DIRECTION('',(0.,1.972152263053E-31,1.));
#1181 = ADVANCED_FACE('',(#1182),#1255,.T.);
#1182 = FACE_BOUND('',#1183,.T.);
#1183 = EDGE_LOOP('',(#1184,#1185,#1193,#1201,#1209,#1217,#1225,#1233,
    #1241,#1249));
#1184 = ORIENTED_EDGE('',*,*,#150,.F.);
#1185 = ORIENTED_EDGE('',*,*,#1186,.T.);
#1186 = EDGE_CURVE('',#151,#1187,#1189,.T.);
#1187 = VERTEX_POINT('',#1188);
#1188 = CARTESIAN_POINT('',(38.095238095235,-22.,5.));
#1189 = LINE('',#1190,#1191);
#1190 = CARTESIAN_POINT('',(38.095238095235,-22.,1.8735446499E-30));
#1191 = VECTOR('',#1192,1.);
#1192 = DIRECTION('',(0.,9.860761315263E-32,1.));
#1193 = ORIENTED_EDGE('',*,*,#1194,.T.);
#1194 = EDGE_CURVE('',#1187,#1195,#1197,.T.);
#1195 = VERTEX_POINT('',#1196);
#1196 = CARTESIAN_POINT('',(33.959227816206,-20.2628756828,5.));
#1197 = LINE('',#1198,#1199);
#1198 = CARTESIAN_POINT('',(38.095238095235,-22.,5.));
#1199 = VECTOR('',#1200,1.);
#1200 = DIRECTION('',(-0.921982105607,0.387232484355,-4.930380657631E-32
    ));
#1201 = ORIENTED_EDGE('',*,*,#1202,.F.);
#1202 = EDGE_CURVE('',#1203,#1195,#1205,.T.);
#1203 = VERTEX_POINT('',#1204);
#1204 = CARTESIAN_POINT('',(34.008869236382,-20.28372507928,
    4.79049708702));
#1205 = LINE('',#1206,#1207);
#1206 = CARTESIAN_POINT('',(34.786365738555,-20.61027361019,
    1.509209374916));
#1207 = VECTOR('',#1208,1.);
#1208 = DIRECTION('',(-0.229490990335,9.638621594078E-02,0.96852650079)
  );
#1209 = ORIENTED_EDGE('',*,*,#1210,.F.);
#1210 = EDGE_CURVE('',#1211,#1203,#1213,.T.);
#1211 = VERTEX_POINT('',#1212);
#1212 = CARTESIAN_POINT('',(32.262376,-19.55019792,4.354881));
#1213 = LINE('',#1214,#1215);
#1214 = CARTESIAN_POINT('',(36.535097117266,-21.34474078925,
    5.420597153523));
#1215 = VECTOR('',#1216,1.);
#1216 = DIRECTION('',(0.898529545963,-0.377382409304,0.224114194507));
#1217 = ORIENTED_EDGE('',*,*,#1218,.F.);
#1218 = EDGE_CURVE('',#1219,#1211,#1221,.T.);
#1219 = VERTEX_POINT('',#1220);
#1220 = CARTESIAN_POINT('',(32.109515961505,-19.48599670383,5.));
#1221 = LINE('',#1222,#1223);
#1222 = CARTESIAN_POINT('',(32.482620471911,-19.6427005982,
    3.425377809539));
#1223 = VECTOR('',#1224,1.);
#1224 = DIRECTION('',(0.229490990335,-9.638621594078E-02,-0.96852650079)
  );
#1225 = ORIENTED_EDGE('',*,*,#1226,.T.);
#1226 = EDGE_CURVE('',#1219,#1227,#1229,.T.);
#1227 = VERTEX_POINT('',#1228);
#1228 = CARTESIAN_POINT('',(25.899999999999,-16.878,5.));
#1229 = LINE('',#1230,#1231);
#1230 = CARTESIAN_POINT('',(38.095238095235,-22.,5.));
#1231 = VECTOR('',#1232,1.);
#1232 = DIRECTION('',(-0.921982105607,0.387232484355,-4.930380657631E-32
    ));
#1233 = ORIENTED_EDGE('',*,*,#1234,.F.);
#1234 = EDGE_CURVE('',#1235,#1227,#1237,.T.);
#1235 = VERTEX_POINT('',#1236);
#1236 = CARTESIAN_POINT('',(25.899999999999,-16.878,3.580276292657));
#1237 = LINE('',#1238,#1239);
#1238 = CARTESIAN_POINT('',(25.899999999999,-16.878,1.790138146328));
#1239 = VECTOR('',#1240,1.);
#1240 = DIRECTION('',(0.,9.860761315263E-32,1.));
#1241 = ORIENTED_EDGE('',*,*,#1242,.F.);
#1242 = EDGE_CURVE('',#1243,#1235,#1245,.T.);
#1243 = VERTEX_POINT('',#1244);
#1244 = CARTESIAN_POINT('',(24.999999999998,-16.5,3.580276292657));
#1245 = LINE('',#1246,#1247);
#1246 = CARTESIAN_POINT('',(33.753501400558,-20.17647058823,
    3.580276292657));
#1247 = VECTOR('',#1248,1.);
#1248 = DIRECTION('',(0.921982105607,-0.387232484355,8.598288400277E-17)
  );
#1249 = ORIENTED_EDGE('',*,*,#1250,.F.);
#1250 = EDGE_CURVE('',#153,#1243,#1251,.T.);
#1251 = LINE('',#1252,#1253);
#1252 = CARTESIAN_POINT('',(24.999999999998,-16.5,1.60237371373E-30));
#1253 = VECTOR('',#1254,1.);
#1254 = DIRECTION('',(0.,9.860761315263E-32,1.));
#1255 = PLANE('',#1256);
#1256 = AXIS2_PLACEMENT_3D('',#1257,#1258,#1259);
#1257 = CARTESIAN_POINT('',(38.095238095235,-22.,1.8735446499E-30));
#1258 = DIRECTION('',(-0.387232484355,-0.921982105607,9.4761033978E-32)
  );
#1259 = DIRECTION('',(-0.921982105607,0.387232484355,-4.374393879687E-32
    ));
#1260 = ADVANCED_FACE('',(#1261),#1327,.T.);
#1261 = FACE_BOUND('',#1262,.T.);
#1262 = EDGE_LOOP('',(#1263,#1264,#1265,#1273,#1281,#1289,#1297,#1305,
    #1313,#1321));
#1263 = ORIENTED_EDGE('',*,*,#168,.F.);
#1264 = ORIENTED_EDGE('',*,*,#1250,.T.);
#1265 = ORIENTED_EDGE('',*,*,#1266,.F.);
#1266 = EDGE_CURVE('',#1267,#1243,#1269,.T.);
#1267 = VERTEX_POINT('',#1268);
#1268 = CARTESIAN_POINT('',(24.099999999999,-16.878,3.580276292657));
#1269 = LINE('',#1270,#1271);
#1270 = CARTESIAN_POINT('',(22.029071744303,-17.74778986739,
    3.580276292657));
#1271 = VECTOR('',#1272,1.);
#1272 = DIRECTION('',(0.921982105607,0.387232484355,-8.598288400277E-17)
  );
#1273 = ORIENTED_EDGE('',*,*,#1274,.F.);
#1274 = EDGE_CURVE('',#1275,#1267,#1277,.T.);
#1275 = VERTEX_POINT('',#1276);
#1276 = CARTESIAN_POINT('',(24.099999999999,-16.878,5.));
#1277 = LINE('',#1278,#1279);
#1278 = CARTESIAN_POINT('',(24.099999999999,-16.878,4.290138146328));
#1279 = VECTOR('',#1280,1.);
#1280 = DIRECTION('',(0.,-9.860761315263E-32,-1.));
#1281 = ORIENTED_EDGE('',*,*,#1282,.T.);
#1282 = EDGE_CURVE('',#1275,#1283,#1285,.T.);
#1283 = VERTEX_POINT('',#1284);
#1284 = CARTESIAN_POINT('',(18.160913459936,-19.37241634682,5.));
#1285 = LINE('',#1286,#1287);
#1286 = CARTESIAN_POINT('',(24.999999999998,-16.5,5.));
#1287 = VECTOR('',#1288,1.);
#1288 = DIRECTION('',(-0.921982105607,-0.387232484355,4.930380657631E-32
    ));
#1289 = ORIENTED_EDGE('',*,*,#1290,.F.);
#1290 = EDGE_CURVE('',#1291,#1283,#1293,.T.);
#1291 = VERTEX_POINT('',#1292);
#1292 = CARTESIAN_POINT('',(17.995095,-19.44206009999,4.300362));
#1293 = LINE('',#1294,#1295);
#1294 = CARTESIAN_POINT('',(17.606287287312,-19.60535933932,
    2.659865214571));
#1295 = VECTOR('',#1296,1.);
#1296 = DIRECTION('',(0.229543218657,9.640815183596E-02,0.968511940571)
  );
#1297 = ORIENTED_EDGE('',*,*,#1298,.F.);
#1298 = EDGE_CURVE('',#1299,#1291,#1301,.T.);
#1299 = VERTEX_POINT('',#1300);
#1300 = CARTESIAN_POINT('',(16.244698998053,-20.17722642081,
    4.720021190737));
#1301 = LINE('',#1302,#1303);
#1302 = CARTESIAN_POINT('',(19.035001932667,-19.00529918827,
    4.051043273655));
#1303 = VECTOR('',#1304,1.);
#1304 = DIRECTION('',(0.900250647221,0.378105271833,-0.215835992343));
#1305 = ORIENTED_EDGE('',*,*,#1306,.F.);
#1306 = EDGE_CURVE('',#1307,#1299,#1309,.T.);
#1307 = VERTEX_POINT('',#1308);
#1308 = CARTESIAN_POINT('',(16.311055678175,-20.14935661516,5.));
#1309 = LINE('',#1310,#1311);
#1310 = CARTESIAN_POINT('',(16.44281126772,-20.09401926755,5.55591649563
    ));
#1311 = VECTOR('',#1312,1.);
#1312 = DIRECTION('',(-0.229543218657,-9.640815183596E-02,
    -0.968511940571));
#1313 = ORIENTED_EDGE('',*,*,#1314,.T.);
#1314 = EDGE_CURVE('',#1307,#1315,#1317,.T.);
#1315 = VERTEX_POINT('',#1316);
#1316 = CARTESIAN_POINT('',(11.904761904761,-22.,5.));
#1317 = LINE('',#1318,#1319);
#1318 = CARTESIAN_POINT('',(24.999999999998,-16.5,5.));
#1319 = VECTOR('',#1320,1.);
#1320 = DIRECTION('',(-0.921982105607,-0.387232484355,4.930380657631E-32
    ));
#1321 = ORIENTED_EDGE('',*,*,#1322,.F.);
#1322 = EDGE_CURVE('',#161,#1315,#1323,.T.);
#1323 = LINE('',#1324,#1325);
#1324 = CARTESIAN_POINT('',(11.904761904761,-22.,1.8735446499E-30));
#1325 = VECTOR('',#1326,1.);
#1326 = DIRECTION('',(0.,9.860761315263E-32,1.));
#1327 = PLANE('',#1328);
#1328 = AXIS2_PLACEMENT_3D('',#1329,#1330,#1331);
#1329 = CARTESIAN_POINT('',(24.999999999998,-16.5,1.60237371373E-30));
#1330 = DIRECTION('',(0.387232484355,-0.921982105607,9.4761033978E-32));
#1331 = DIRECTION('',(-0.921982105607,-0.387232484355,4.374393879687E-32
    ));
#1332 = ADVANCED_FACE('',(#1333),#1440,.F.);
#1333 = FACE_BOUND('',#1334,.F.);
#1334 = EDGE_LOOP('',(#1335,#1336,#1337,#1345,#1353,#1361,#1369,#1377,
    #1385,#1393,#1401,#1409,#1417,#1425,#1433,#1439));
#1335 = ORIENTED_EDGE('',*,*,#160,.F.);
#1336 = ORIENTED_EDGE('',*,*,#1186,.T.);
#1337 = ORIENTED_EDGE('',*,*,#1338,.T.);
#1338 = EDGE_CURVE('',#1187,#1339,#1341,.T.);
#1339 = VERTEX_POINT('',#1340);
#1340 = CARTESIAN_POINT('',(33.959227816206,-22.,5.));
#1341 = LINE('',#1342,#1343);
#1342 = CARTESIAN_POINT('',(38.095238095235,-22.,5.));
#1343 = VECTOR('',#1344,1.);
#1344 = DIRECTION('',(-1.,-1.35649067736E-16,1.094764425254E-47));
#1345 = ORIENTED_EDGE('',*,*,#1346,.F.);
#1346 = EDGE_CURVE('',#1347,#1339,#1349,.T.);
#1347 = VERTEX_POINT('',#1348);
#1348 = CARTESIAN_POINT('',(34.008869236382,-22.,4.79049708702));
#1349 = LINE('',#1350,#1351);
#1350 = CARTESIAN_POINT('',(34.654864671633,-22.,2.064186579075));
#1351 = VECTOR('',#1352,1.);
#1352 = DIRECTION('',(-0.230564496425,-3.127585899311E-17,0.973057045084
    ));
#1353 = ORIENTED_EDGE('',*,*,#1354,.F.);
#1354 = EDGE_CURVE('',#1355,#1347,#1357,.T.);
#1355 = VERTEX_POINT('',#1356);
#1356 = CARTESIAN_POINT('',(32.262376,-22.,4.354881));
#1357 = LINE('',#1358,#1359);
#1358 = CARTESIAN_POINT('',(34.496700906973,-22.,4.912173666718));
#1359 = VECTOR('',#1360,1.);
#1360 = DIRECTION('',(0.970274020212,1.316167662903E-16,0.242008937233)
  );
#1361 = ORIENTED_EDGE('',*,*,#1362,.F.);
#1362 = EDGE_CURVE('',#1363,#1355,#1365,.T.);
#1363 = VERTEX_POINT('',#1364);
#1364 = CARTESIAN_POINT('',(32.109515961505,-22.,5.));
#1365 = LINE('',#1366,#1367);
#1366 = CARTESIAN_POINT('',(32.329516214114,-22.,4.071527494298));
#1367 = VECTOR('',#1368,1.);
#1368 = DIRECTION('',(0.230564496425,3.127585899311E-17,-0.973057045084)
  );
#1369 = ORIENTED_EDGE('',*,*,#1370,.T.);
#1370 = EDGE_CURVE('',#1363,#1371,#1373,.T.);
#1371 = VERTEX_POINT('',#1372);
#1372 = CARTESIAN_POINT('',(25.899999999999,-22.,5.));
#1373 = LINE('',#1374,#1375);
#1374 = CARTESIAN_POINT('',(38.095238095235,-22.,5.));
#1375 = VECTOR('',#1376,1.);
#1376 = DIRECTION('',(-1.,-1.35649067736E-16,1.094764425254E-47));
#1377 = ORIENTED_EDGE('',*,*,#1378,.F.);
#1378 = EDGE_CURVE('',#1379,#1371,#1381,.T.);
#1379 = VERTEX_POINT('',#1380);
#1380 = CARTESIAN_POINT('',(25.899999999999,-22.,3.580276292657));
#1381 = LINE('',#1382,#1383);
#1382 = CARTESIAN_POINT('',(25.899999999999,-22.,1.790138146328));
#1383 = VECTOR('',#1384,1.);
#1384 = DIRECTION('',(0.,9.860761315263E-32,1.));
#1385 = ORIENTED_EDGE('',*,*,#1386,.F.);
#1386 = EDGE_CURVE('',#1387,#1379,#1389,.T.);
#1387 = VERTEX_POINT('',#1388);
#1388 = CARTESIAN_POINT('',(24.099999999999,-22.,3.580276292657));
#1389 = LINE('',#1390,#1391);
#1390 = CARTESIAN_POINT('',(31.097619047617,-22.,3.580276292657));
#1391 = VECTOR('',#1392,1.);
#1392 = DIRECTION('',(1.,1.35649067736E-16,-3.01201436539E-32));
#1393 = ORIENTED_EDGE('',*,*,#1394,.F.);
#1394 = EDGE_CURVE('',#1395,#1387,#1397,.T.);
#1395 = VERTEX_POINT('',#1396);
#1396 = CARTESIAN_POINT('',(24.099999999999,-22.,5.));
#1397 = LINE('',#1398,#1399);
#1398 = CARTESIAN_POINT('',(24.099999999999,-22.,4.290138146328));
#1399 = VECTOR('',#1400,1.);
#1400 = DIRECTION('',(0.,-9.860761315263E-32,-1.));
#1401 = ORIENTED_EDGE('',*,*,#1402,.T.);
#1402 = EDGE_CURVE('',#1395,#1403,#1405,.T.);
#1403 = VERTEX_POINT('',#1404);
#1404 = CARTESIAN_POINT('',(18.160913459936,-22.,5.));
#1405 = LINE('',#1406,#1407);
#1406 = CARTESIAN_POINT('',(38.095238095235,-22.,5.));
#1407 = VECTOR('',#1408,1.);
#1408 = DIRECTION('',(-1.,-1.35649067736E-16,1.094764425254E-47));
#1409 = ORIENTED_EDGE('',*,*,#1410,.F.);
#1410 = EDGE_CURVE('',#1411,#1403,#1413,.T.);
#1411 = VERTEX_POINT('',#1412);
#1412 = CARTESIAN_POINT('',(17.995095,-22.,4.300362));
#1413 = LINE('',#1414,#1415);
#1414 = CARTESIAN_POINT('',(18.047099284506,-22.,4.519783731559));
#1415 = VECTOR('',#1416,1.);
#1416 = DIRECTION('',(0.230617461287,3.12830436272E-17,0.973044493613));
#1417 = ORIENTED_EDGE('',*,*,#1418,.F.);
#1418 = EDGE_CURVE('',#1419,#1411,#1421,.T.);
#1419 = VERTEX_POINT('',#1420);
#1420 = CARTESIAN_POINT('',(16.244698998053,-22.,4.720021190737));
#1421 = LINE('',#1422,#1423);
#1422 = CARTESIAN_POINT('',(27.11117265338,-22.,2.11477327239));
#1423 = VECTOR('',#1424,1.);
#1424 = DIRECTION('',(0.972442223304,1.319108810183E-16,-0.233143994854)
  );
#1425 = ORIENTED_EDGE('',*,*,#1426,.F.);
#1426 = EDGE_CURVE('',#1427,#1419,#1429,.T.);
#1427 = VERTEX_POINT('',#1428);
#1428 = CARTESIAN_POINT('',(16.311055678175,-22.,5.));
#1429 = LINE('',#1430,#1431);
#1430 = CARTESIAN_POINT('',(16.872707846417,-22.,7.369779576031));
#1431 = VECTOR('',#1432,1.);
#1432 = DIRECTION('',(-0.230617461287,-3.12830436272E-17,-0.973044493613
    ));
#1433 = ORIENTED_EDGE('',*,*,#1434,.T.);
#1434 = EDGE_CURVE('',#1427,#1315,#1435,.T.);
#1435 = LINE('',#1436,#1437);
#1436 = CARTESIAN_POINT('',(38.095238095235,-22.,5.));
#1437 = VECTOR('',#1438,1.);
#1438 = DIRECTION('',(-1.,-1.35649067736E-16,1.094764425254E-47));
#1439 = ORIENTED_EDGE('',*,*,#1322,.F.);
#1440 = PLANE('',#1441);
#1441 = AXIS2_PLACEMENT_3D('',#1442,#1443,#1444);
#1442 = CARTESIAN_POINT('',(38.095238095235,-22.,1.8735446499E-30));
#1443 = DIRECTION('',(1.35649067736E-16,-1.,9.860761315263E-32));
#1444 = DIRECTION('',(-1.,-1.35649067736E-16,1.216183752418E-47));
#1445 = ADVANCED_FACE('',(#1446),#1511,.T.);
#1446 = FACE_BOUND('',#1447,.T.);
#1447 = EDGE_LOOP('',(#1448,#1449,#1457,#1465,#1473,#1481,#1489,#1497,
    #1505));
#1448 = ORIENTED_EDGE('',*,*,#176,.F.);
#1449 = ORIENTED_EDGE('',*,*,#1450,.T.);
#1450 = EDGE_CURVE('',#177,#1451,#1453,.T.);
#1451 = VERTEX_POINT('',#1452);
#1452 = CARTESIAN_POINT('',(5.,-23.27,5.));
#1453 = LINE('',#1454,#1455);
#1454 = CARTESIAN_POINT('',(5.,-23.27,1.936160484252E-30));
#1455 = VECTOR('',#1456,1.);
#1456 = DIRECTION('',(0.,9.860761315263E-32,1.));
#1457 = ORIENTED_EDGE('',*,*,#1458,.T.);
#1458 = EDGE_CURVE('',#1451,#1459,#1461,.T.);
#1459 = VERTEX_POINT('',#1460);
#1460 = CARTESIAN_POINT('',(5.642857142857,-23.,5.));
#1461 = LINE('',#1462,#1463);
#1462 = CARTESIAN_POINT('',(5.,-23.27,5.));
#1463 = VECTOR('',#1464,1.);
#1464 = DIRECTION('',(0.921982105607,0.387232484355,-4.930380657631E-32)
  );
#1465 = ORIENTED_EDGE('',*,*,#1466,.T.);
#1466 = EDGE_CURVE('',#1459,#1467,#1469,.T.);
#1467 = VERTEX_POINT('',#1468);
#1468 = CARTESIAN_POINT('',(16.311055678175,-18.51935661516,5.));
#1469 = LINE('',#1470,#1471);
#1470 = CARTESIAN_POINT('',(5.,-23.27,5.));
#1471 = VECTOR('',#1472,1.);
#1472 = DIRECTION('',(0.921982105607,0.387232484355,-4.930380657631E-32)
  );
#1473 = ORIENTED_EDGE('',*,*,#1474,.F.);
#1474 = EDGE_CURVE('',#1475,#1467,#1477,.T.);
#1475 = VERTEX_POINT('',#1476);
#1476 = CARTESIAN_POINT('',(16.244698998053,-18.54722642081,
    4.720021190737));
#1477 = LINE('',#1478,#1479);
#1478 = CARTESIAN_POINT('',(15.804929240457,-18.731929719,2.864500196365
    ));
#1479 = VECTOR('',#1480,1.);
#1480 = DIRECTION('',(0.229543218657,9.640815183596E-02,0.968511940571)
  );
#1481 = ORIENTED_EDGE('',*,*,#1482,.F.);
#1482 = EDGE_CURVE('',#1483,#1475,#1485,.T.);
#1483 = VERTEX_POINT('',#1484);
#1484 = CARTESIAN_POINT('',(17.995095,-17.81206009999,4.300362));
#1485 = LINE('',#1486,#1487);
#1486 = CARTESIAN_POINT('',(9.22343623329,-21.49615678201,6.403375955334
    ));
#1487 = VECTOR('',#1488,1.);
#1488 = DIRECTION('',(-0.900250647221,-0.378105271833,0.215835992343));
#1489 = ORIENTED_EDGE('',*,*,#1490,.F.);
#1490 = EDGE_CURVE('',#1491,#1483,#1493,.T.);
#1491 = VERTEX_POINT('',#1492);
#1492 = CARTESIAN_POINT('',(18.160913459936,-17.74241634682,5.));
#1493 = LINE('',#1494,#1495);
#1494 = CARTESIAN_POINT('',(16.96840526005,-18.24326979077,
    -3.155108469329E-02));
#1495 = VECTOR('',#1496,1.);
#1496 = DIRECTION('',(-0.229543218657,-9.640815183596E-02,
    -0.968511940571));
#1497 = ORIENTED_EDGE('',*,*,#1498,.T.);
#1498 = EDGE_CURVE('',#1491,#1499,#1501,.T.);
#1499 = VERTEX_POINT('',#1500);
#1500 = CARTESIAN_POINT('',(23.499999999998,-15.5,5.));
#1501 = LINE('',#1502,#1503);
#1502 = CARTESIAN_POINT('',(5.,-23.27,5.));
#1503 = VECTOR('',#1504,1.);
#1504 = DIRECTION('',(0.921982105607,0.387232484355,-4.930380657631E-32)
  );
#1505 = ORIENTED_EDGE('',*,*,#1506,.F.);
#1506 = EDGE_CURVE('',#179,#1499,#1507,.T.);
#1507 = LINE('',#1508,#1509);
#1508 = CARTESIAN_POINT('',(23.499999999998,-15.5,1.553069907154E-30));
#1509 = VECTOR('',#1510,1.);
#1510 = DIRECTION('',(0.,9.860761315263E-32,1.));
#1511 = PLANE('',#1512);
#1512 = AXIS2_PLACEMENT_3D('',#1513,#1514,#1515);
#1513 = CARTESIAN_POINT('',(5.,-23.27,1.936160484252E-30));
#1514 = DIRECTION('',(-0.387232484355,0.921982105607,-9.4761033978E-32)
  );
#1515 = DIRECTION('',(0.921982105607,0.387232484355,-4.374393879687E-32)
  );
#1516 = ADVANCED_FACE('',(#1517),#1575,.F.);
#1517 = FACE_BOUND('',#1518,.F.);
#1518 = EDGE_LOOP('',(#1519,#1520,#1528,#1536,#1544,#1552,#1560,#1568,
    #1574));
#1519 = ORIENTED_EDGE('',*,*,#194,.F.);
#1520 = ORIENTED_EDGE('',*,*,#1521,.T.);
#1521 = EDGE_CURVE('',#187,#1522,#1524,.T.);
#1522 = VERTEX_POINT('',#1523);
#1523 = CARTESIAN_POINT('',(5.,-7.73,5.));
#1524 = LINE('',#1525,#1526);
#1525 = CARTESIAN_POINT('',(5.,-7.73,7.755488774454E-31));
#1526 = VECTOR('',#1527,1.);
#1527 = DIRECTION('',(0.,9.860761315263E-32,1.));
#1528 = ORIENTED_EDGE('',*,*,#1529,.T.);
#1529 = EDGE_CURVE('',#1522,#1530,#1532,.T.);
#1530 = VERTEX_POINT('',#1531);
#1531 = CARTESIAN_POINT('',(5.642857142857,-8.,5.));
#1532 = LINE('',#1533,#1534);
#1533 = CARTESIAN_POINT('',(5.,-7.73,5.));
#1534 = VECTOR('',#1535,1.);
#1535 = DIRECTION('',(0.921982105607,-0.387232484355,4.930380657631E-32)
  );
#1536 = ORIENTED_EDGE('',*,*,#1537,.T.);
#1537 = EDGE_CURVE('',#1530,#1538,#1540,.T.);
#1538 = VERTEX_POINT('',#1539);
#1539 = CARTESIAN_POINT('',(16.311055678175,-12.48064338483,5.));
#1540 = LINE('',#1541,#1542);
#1541 = CARTESIAN_POINT('',(5.,-7.73,5.));
#1542 = VECTOR('',#1543,1.);
#1543 = DIRECTION('',(0.921982105607,-0.387232484355,4.930380657631E-32)
  );
#1544 = ORIENTED_EDGE('',*,*,#1545,.F.);
#1545 = EDGE_CURVE('',#1546,#1538,#1548,.T.);
#1546 = VERTEX_POINT('',#1547);
#1547 = CARTESIAN_POINT('',(16.244698998053,-12.45277357918,
    4.720021190737));
#1548 = LINE('',#1549,#1550);
#1549 = CARTESIAN_POINT('',(16.147941721354,-12.41213552296,
    4.311773112798));
#1550 = VECTOR('',#1551,1.);
#1551 = DIRECTION('',(0.229543218657,-9.640815183596E-02,0.968511940571)
  );
#1552 = ORIENTED_EDGE('',*,*,#1553,.F.);
#1553 = EDGE_CURVE('',#1554,#1546,#1556,.T.);
#1554 = VERTEX_POINT('',#1555);
#1555 = CARTESIAN_POINT('',(17.995095,-13.1879399,4.300362));
#1556 = LINE('',#1557,#1558);
#1557 = CARTESIAN_POINT('',(14.499473726409,-11.71977896509,
    5.138440693716));
#1558 = VECTOR('',#1559,1.);
#1559 = DIRECTION('',(-0.900250647221,0.378105271833,0.215835992343));
#1560 = ORIENTED_EDGE('',*,*,#1561,.F.);
#1561 = EDGE_CURVE('',#1562,#1554,#1564,.T.);
#1562 = VERTEX_POINT('',#1563);
#1563 = CARTESIAN_POINT('',(18.160913459936,-13.25758365317,5.));
#1564 = LINE('',#1565,#1566);
#1565 = CARTESIAN_POINT('',(17.311417740947,-12.90079545119,
    1.41572183174));
#1566 = VECTOR('',#1567,1.);
#1567 = DIRECTION('',(-0.229543218657,9.640815183596E-02,-0.968511940571
    ));
#1568 = ORIENTED_EDGE('',*,*,#1569,.T.);
#1569 = EDGE_CURVE('',#1562,#1499,#1570,.T.);
#1570 = LINE('',#1571,#1572);
#1571 = CARTESIAN_POINT('',(5.,-7.73,5.));
#1572 = VECTOR('',#1573,1.);
#1573 = DIRECTION('',(0.921982105607,-0.387232484355,4.930380657631E-32)
  );
#1574 = ORIENTED_EDGE('',*,*,#1506,.F.);
#1575 = PLANE('',#1576);
#1576 = AXIS2_PLACEMENT_3D('',#1577,#1578,#1579);
#1577 = CARTESIAN_POINT('',(5.,-7.73,7.755488774454E-31));
#1578 = DIRECTION('',(0.387232484355,0.921982105607,-9.4761033978E-32));
#1579 = DIRECTION('',(0.921982105607,-0.387232484355,4.374393879687E-32)
  );
#1580 = ADVANCED_FACE('',(#1581),#1608,.F.);
#1581 = FACE_BOUND('',#1582,.F.);
#1582 = EDGE_LOOP('',(#1583,#1584,#1592,#1600,#1606,#1607));
#1583 = ORIENTED_EDGE('',*,*,#1450,.T.);
#1584 = ORIENTED_EDGE('',*,*,#1585,.T.);
#1585 = EDGE_CURVE('',#1451,#1586,#1588,.T.);
#1586 = VERTEX_POINT('',#1587);
#1587 = CARTESIAN_POINT('',(5.,-23.,5.));
#1588 = LINE('',#1589,#1590);
#1589 = CARTESIAN_POINT('',(5.,-23.27,5.));
#1590 = VECTOR('',#1591,1.);
#1591 = DIRECTION('',(0.,1.,-9.860761315263E-32));
#1592 = ORIENTED_EDGE('',*,*,#1593,.T.);
#1593 = EDGE_CURVE('',#1586,#1594,#1596,.T.);
#1594 = VERTEX_POINT('',#1595);
#1595 = CARTESIAN_POINT('',(5.,-8.,5.));
#1596 = LINE('',#1597,#1598);
#1597 = CARTESIAN_POINT('',(5.,-23.27,5.));
#1598 = VECTOR('',#1599,1.);
#1599 = DIRECTION('',(0.,1.,-9.860761315263E-32));
#1600 = ORIENTED_EDGE('',*,*,#1601,.T.);
#1601 = EDGE_CURVE('',#1594,#1522,#1602,.T.);
#1602 = LINE('',#1603,#1604);
#1603 = CARTESIAN_POINT('',(5.,-23.27,5.));
#1604 = VECTOR('',#1605,1.);
#1605 = DIRECTION('',(0.,1.,-9.860761315263E-32));
#1606 = ORIENTED_EDGE('',*,*,#1521,.F.);
#1607 = ORIENTED_EDGE('',*,*,#186,.F.);
#1608 = PLANE('',#1609);
#1609 = AXIS2_PLACEMENT_3D('',#1610,#1611,#1612);
#1610 = CARTESIAN_POINT('',(5.,-23.27,1.936160484252E-30));
#1611 = DIRECTION('',(-1.,0.,0.));
#1612 = DIRECTION('',(0.,1.,-9.860761315263E-32));
#1613 = ADVANCED_FACE('',(#1614),#1687,.T.);
#1614 = FACE_BOUND('',#1615,.T.);
#1615 = EDGE_LOOP('',(#1616,#1617,#1625,#1633,#1641,#1649,#1657,#1665,
    #1673,#1681));
#1616 = ORIENTED_EDGE('',*,*,#202,.F.);
#1617 = ORIENTED_EDGE('',*,*,#1618,.T.);
#1618 = EDGE_CURVE('',#203,#1619,#1621,.T.);
#1619 = VERTEX_POINT('',#1620);
#1620 = CARTESIAN_POINT('',(11.904761904761,-9.,5.));
#1621 = LINE('',#1622,#1623);
#1622 = CARTESIAN_POINT('',(11.904761904761,-9.,8.381647117973E-31));
#1623 = VECTOR('',#1624,1.);
#1624 = DIRECTION('',(0.,9.860761315263E-32,1.));
#1625 = ORIENTED_EDGE('',*,*,#1626,.T.);
#1626 = EDGE_CURVE('',#1619,#1627,#1629,.T.);
#1627 = VERTEX_POINT('',#1628);
#1628 = CARTESIAN_POINT('',(16.311055678175,-10.85064338483,5.));
#1629 = LINE('',#1630,#1631);
#1630 = CARTESIAN_POINT('',(11.904761904761,-9.,5.));
#1631 = VECTOR('',#1632,1.);
#1632 = DIRECTION('',(0.921982105607,-0.387232484355,4.930380657631E-32)
  );
#1633 = ORIENTED_EDGE('',*,*,#1634,.F.);
#1634 = EDGE_CURVE('',#1635,#1627,#1637,.T.);
#1635 = VERTEX_POINT('',#1636);
#1636 = CARTESIAN_POINT('',(16.244698998053,-10.82277357918,
    4.720021190737));
#1637 = LINE('',#1638,#1639);
#1638 = CARTESIAN_POINT('',(16.379972063682,-10.87958826674,
    5.290778976852));
#1639 = VECTOR('',#1640,1.);
#1640 = DIRECTION('',(0.229543218657,-9.640815183596E-02,0.968511940571)
  );
#1641 = ORIENTED_EDGE('',*,*,#1642,.F.);
#1642 = EDGE_CURVE('',#1643,#1635,#1645,.T.);
#1643 = VERTEX_POINT('',#1644);
#1644 = CARTESIAN_POINT('',(17.995095,-11.5579399,4.300362));
#1645 = LINE('',#1646,#1647);
#1646 = CARTESIAN_POINT('',(18.068442361201,-11.5887457917,
    4.282776896852));
#1647 = VECTOR('',#1648,1.);
#1648 = DIRECTION('',(-0.900250647221,0.378105271833,0.215835992343));
#1649 = ORIENTED_EDGE('',*,*,#1650,.F.);
#1650 = EDGE_CURVE('',#1651,#1643,#1653,.T.);
#1651 = VERTEX_POINT('',#1652);
#1652 = CARTESIAN_POINT('',(18.160913459936,-11.62758365317,5.));
#1653 = LINE('',#1654,#1655);
#1654 = CARTESIAN_POINT('',(17.543448083274,-11.36824819497,
    2.394727695794));
#1655 = VECTOR('',#1656,1.);
#1656 = DIRECTION('',(-0.229543218657,9.640815183596E-02,-0.968511940571
    ));
#1657 = ORIENTED_EDGE('',*,*,#1658,.T.);
#1658 = EDGE_CURVE('',#1651,#1659,#1661,.T.);
#1659 = VERTEX_POINT('',#1660);
#1660 = CARTESIAN_POINT('',(24.099999999999,-14.122,5.));
#1661 = LINE('',#1662,#1663);
#1662 = CARTESIAN_POINT('',(11.904761904761,-9.,5.));
#1663 = VECTOR('',#1664,1.);
#1664 = DIRECTION('',(0.921982105607,-0.387232484355,4.930380657631E-32)
  );
#1665 = ORIENTED_EDGE('',*,*,#1666,.F.);
#1666 = EDGE_CURVE('',#1667,#1659,#1669,.T.);
#1667 = VERTEX_POINT('',#1668);
#1668 = CARTESIAN_POINT('',(24.099999999999,-14.122,3.580276292657));
#1669 = LINE('',#1670,#1671);
#1670 = CARTESIAN_POINT('',(24.099999999999,-14.122,4.290138146328));
#1671 = VECTOR('',#1672,1.);
#1672 = DIRECTION('',(0.,9.860761315263E-32,1.));
#1673 = ORIENTED_EDGE('',*,*,#1674,.F.);
#1674 = EDGE_CURVE('',#1675,#1667,#1677,.T.);
#1675 = VERTEX_POINT('',#1676);
#1676 = CARTESIAN_POINT('',(24.999999999998,-14.5,3.580276292657));
#1677 = LINE('',#1678,#1679);
#1678 = CARTESIAN_POINT('',(21.015284726607,-12.82641958517,
    3.580276292657));
#1679 = VECTOR('',#1680,1.);
#1680 = DIRECTION('',(-0.921982105607,0.387232484355,-8.598288400277E-17
    ));
#1681 = ORIENTED_EDGE('',*,*,#1682,.F.);
#1682 = EDGE_CURVE('',#205,#1675,#1683,.T.);
#1683 = LINE('',#1684,#1685);
#1684 = CARTESIAN_POINT('',(24.999999999998,-14.5,1.503766100578E-30));
#1685 = VECTOR('',#1686,1.);
#1686 = DIRECTION('',(0.,9.860761315263E-32,1.));
#1687 = PLANE('',#1688);
#1688 = AXIS2_PLACEMENT_3D('',#1689,#1690,#1691);
#1689 = CARTESIAN_POINT('',(11.904761904761,-9.,8.381647117973E-31));
#1690 = DIRECTION('',(0.387232484355,0.921982105607,-9.4761033978E-32));
#1691 = DIRECTION('',(0.921982105607,-0.387232484355,4.374393879687E-32)
  );
#1692 = ADVANCED_FACE('',(#1693),#1759,.T.);
#1693 = FACE_BOUND('',#1694,.T.);
#1694 = EDGE_LOOP('',(#1695,#1696,#1697,#1705,#1713,#1721,#1729,#1737,
    #1745,#1753));
#1695 = ORIENTED_EDGE('',*,*,#220,.F.);
#1696 = ORIENTED_EDGE('',*,*,#1682,.T.);
#1697 = ORIENTED_EDGE('',*,*,#1698,.F.);
#1698 = EDGE_CURVE('',#1699,#1675,#1701,.T.);
#1699 = VERTEX_POINT('',#1700);
#1700 = CARTESIAN_POINT('',(25.899999999999,-14.122,3.580276292657));
#1701 = LINE('',#1702,#1703);
#1702 = CARTESIAN_POINT('',(21.672050323018,-15.89773886433,
    3.580276292657));
#1703 = VECTOR('',#1704,1.);
#1704 = DIRECTION('',(-0.921982105607,-0.387232484355,8.598288400277E-17
    ));
#1705 = ORIENTED_EDGE('',*,*,#1706,.F.);
#1706 = EDGE_CURVE('',#1707,#1699,#1709,.T.);
#1707 = VERTEX_POINT('',#1708);
#1708 = CARTESIAN_POINT('',(25.899999999999,-14.122,5.));
#1709 = LINE('',#1710,#1711);
#1710 = CARTESIAN_POINT('',(25.899999999999,-14.122,1.790138146328));
#1711 = VECTOR('',#1712,1.);
#1712 = DIRECTION('',(0.,-9.860761315263E-32,-1.));
#1713 = ORIENTED_EDGE('',*,*,#1714,.T.);
#1714 = EDGE_CURVE('',#1707,#1715,#1717,.T.);
#1715 = VERTEX_POINT('',#1716);
#1716 = CARTESIAN_POINT('',(32.109515961505,-11.51400329616,5.));
#1717 = LINE('',#1718,#1719);
#1718 = CARTESIAN_POINT('',(24.999999999998,-14.5,5.));
#1719 = VECTOR('',#1720,1.);
#1720 = DIRECTION('',(0.921982105607,0.387232484355,-4.930380657631E-32)
  );
#1721 = ORIENTED_EDGE('',*,*,#1722,.F.);
#1722 = EDGE_CURVE('',#1723,#1715,#1725,.T.);
#1723 = VERTEX_POINT('',#1724);
#1724 = CARTESIAN_POINT('',(32.262376,-11.44980207999,4.354881));
#1725 = LINE('',#1726,#1727);
#1726 = CARTESIAN_POINT('',(31.734097047743,-11.67167923994,
    6.584389724166));
#1727 = VECTOR('',#1728,1.);
#1728 = DIRECTION('',(-0.229490990335,-9.638621594078E-02,0.96852650079)
  );
#1729 = ORIENTED_EDGE('',*,*,#1730,.F.);
#1730 = EDGE_CURVE('',#1731,#1723,#1733,.T.);
#1731 = VERTEX_POINT('',#1732);
#1732 = CARTESIAN_POINT('',(34.008869236382,-10.71627492071,
    4.79049708702));
#1733 = LINE('',#1734,#1735);
#1734 = CARTESIAN_POINT('',(25.060463163177,-14.47460547146,
    2.558556214033));
#1735 = VECTOR('',#1736,1.);
#1736 = DIRECTION('',(-0.898529545963,-0.377382409304,-0.224114194507));
#1737 = ORIENTED_EDGE('',*,*,#1738,.F.);
#1738 = EDGE_CURVE('',#1739,#1731,#1741,.T.);
#1739 = VERTEX_POINT('',#1740);
#1740 = CARTESIAN_POINT('',(33.959227816206,-10.73712431719,5.));
#1741 = LINE('',#1742,#1743);
#1742 = CARTESIAN_POINT('',(34.037842314387,-10.70410622795,
    4.668221289543));
#1743 = VECTOR('',#1744,1.);
#1744 = DIRECTION('',(0.229490990335,9.638621594078E-02,-0.96852650079)
  );
#1745 = ORIENTED_EDGE('',*,*,#1746,.T.);
#1746 = EDGE_CURVE('',#1739,#1747,#1749,.T.);
#1747 = VERTEX_POINT('',#1748);
#1748 = CARTESIAN_POINT('',(38.095238095235,-9.,5.));
#1749 = LINE('',#1750,#1751);
#1750 = CARTESIAN_POINT('',(24.999999999998,-14.5,5.));
#1751 = VECTOR('',#1752,1.);
#1752 = DIRECTION('',(0.921982105607,0.387232484355,-4.930380657631E-32)
  );
#1753 = ORIENTED_EDGE('',*,*,#1754,.F.);
#1754 = EDGE_CURVE('',#213,#1747,#1755,.T.);
#1755 = LINE('',#1756,#1757);
#1756 = CARTESIAN_POINT('',(38.095238095235,-9.,8.381647117973E-31));
#1757 = VECTOR('',#1758,1.);
#1758 = DIRECTION('',(0.,9.860761315263E-32,1.));
#1759 = PLANE('',#1760);
#1760 = AXIS2_PLACEMENT_3D('',#1761,#1762,#1763);
#1761 = CARTESIAN_POINT('',(24.999999999998,-14.5,1.503766100578E-30));
#1762 = DIRECTION('',(-0.387232484355,0.921982105607,-9.4761033978E-32)
  );
#1763 = DIRECTION('',(0.921982105607,0.387232484355,-4.374393879687E-32)
  );
#1764 = ADVANCED_FACE('',(#1765),#1872,.F.);
#1765 = FACE_BOUND('',#1766,.F.);
#1766 = EDGE_LOOP('',(#1767,#1768,#1769,#1777,#1785,#1793,#1801,#1809,
    #1817,#1825,#1833,#1841,#1849,#1857,#1865,#1871));
#1767 = ORIENTED_EDGE('',*,*,#212,.F.);
#1768 = ORIENTED_EDGE('',*,*,#1618,.T.);
#1769 = ORIENTED_EDGE('',*,*,#1770,.T.);
#1770 = EDGE_CURVE('',#1619,#1771,#1773,.T.);
#1771 = VERTEX_POINT('',#1772);
#1772 = CARTESIAN_POINT('',(16.311055678175,-9.,5.));
#1773 = LINE('',#1774,#1775);
#1774 = CARTESIAN_POINT('',(11.904761904761,-9.,5.));
#1775 = VECTOR('',#1776,1.);
#1776 = DIRECTION('',(1.,0.,0.));
#1777 = ORIENTED_EDGE('',*,*,#1778,.F.);
#1778 = EDGE_CURVE('',#1779,#1771,#1781,.T.);
#1779 = VERTEX_POINT('',#1780);
#1780 = CARTESIAN_POINT('',(16.244698998053,-9.,4.720021190737));
#1781 = LINE('',#1782,#1783);
#1782 = CARTESIAN_POINT('',(16.176245289329,-9.,4.431194386513));
#1783 = VECTOR('',#1784,1.);
#1784 = DIRECTION('',(0.230617461287,9.860761315263E-32,0.973044493613)
  );
#1785 = ORIENTED_EDGE('',*,*,#1786,.F.);
#1786 = EDGE_CURVE('',#1787,#1779,#1789,.T.);
#1787 = VERTEX_POINT('',#1788);
#1788 = CARTESIAN_POINT('',(17.995095,-9.,4.300362));
#1789 = LINE('',#1790,#1791);
#1790 = CARTESIAN_POINT('',(14.727740922071,-9.,5.083713405435));
#1791 = VECTOR('',#1792,1.);
#1792 = DIRECTION('',(-0.972442223304,2.465190328816E-32,0.233143994854)
  );
#1793 = ORIENTED_EDGE('',*,*,#1794,.F.);
#1794 = EDGE_CURVE('',#1795,#1787,#1797,.T.);
#1795 = VERTEX_POINT('',#1796);
#1796 = CARTESIAN_POINT('',(18.160913459936,-9.,5.));
#1797 = LINE('',#1798,#1799);
#1798 = CARTESIAN_POINT('',(17.350636727419,-9.,1.581198542041));
#1799 = VECTOR('',#1800,1.);
#1800 = DIRECTION('',(-0.230617461287,-9.860761315263E-32,
    -0.973044493613));
#1801 = ORIENTED_EDGE('',*,*,#1802,.T.);
#1802 = EDGE_CURVE('',#1795,#1803,#1805,.T.);
#1803 = VERTEX_POINT('',#1804);
#1804 = CARTESIAN_POINT('',(24.099999999999,-9.,5.));
#1805 = LINE('',#1806,#1807);
#1806 = CARTESIAN_POINT('',(11.904761904761,-9.,5.));
#1807 = VECTOR('',#1808,1.);
#1808 = DIRECTION('',(1.,0.,0.));
#1809 = ORIENTED_EDGE('',*,*,#1810,.F.);
#1810 = EDGE_CURVE('',#1811,#1803,#1813,.T.);
#1811 = VERTEX_POINT('',#1812);
#1812 = CARTESIAN_POINT('',(24.099999999999,-9.,3.580276292657));
#1813 = LINE('',#1814,#1815);
#1814 = CARTESIAN_POINT('',(24.099999999999,-9.,4.290138146328));
#1815 = VECTOR('',#1816,1.);
#1816 = DIRECTION('',(0.,9.860761315263E-32,1.));
#1817 = ORIENTED_EDGE('',*,*,#1818,.F.);
#1818 = EDGE_CURVE('',#1819,#1811,#1821,.T.);
#1819 = VERTEX_POINT('',#1820);
#1820 = CARTESIAN_POINT('',(25.899999999999,-9.,3.580276292657));
#1821 = LINE('',#1822,#1823);
#1822 = CARTESIAN_POINT('',(18.00238095238,-9.,3.580276292657));
#1823 = VECTOR('',#1824,1.);
#1824 = DIRECTION('',(-1.,0.,-0.));
#1825 = ORIENTED_EDGE('',*,*,#1826,.F.);
#1826 = EDGE_CURVE('',#1827,#1819,#1829,.T.);
#1827 = VERTEX_POINT('',#1828);
#1828 = CARTESIAN_POINT('',(25.899999999999,-9.,5.));
#1829 = LINE('',#1830,#1831);
#1830 = CARTESIAN_POINT('',(25.899999999999,-9.,1.790138146328));
#1831 = VECTOR('',#1832,1.);
#1832 = DIRECTION('',(0.,-9.860761315263E-32,-1.));
#1833 = ORIENTED_EDGE('',*,*,#1834,.T.);
#1834 = EDGE_CURVE('',#1827,#1835,#1837,.T.);
#1835 = VERTEX_POINT('',#1836);
#1836 = CARTESIAN_POINT('',(32.109515961505,-9.,5.));
#1837 = LINE('',#1838,#1839);
#1838 = CARTESIAN_POINT('',(11.904761904761,-9.,5.));
#1839 = VECTOR('',#1840,1.);
#1840 = DIRECTION('',(1.,0.,0.));
#1841 = ORIENTED_EDGE('',*,*,#1842,.F.);
#1842 = EDGE_CURVE('',#1843,#1835,#1845,.T.);
#1843 = VERTEX_POINT('',#1844);
#1844 = CARTESIAN_POINT('',(32.262376,-9.,4.354881));
#1845 = LINE('',#1846,#1847);
#1846 = CARTESIAN_POINT('',(31.633373527055,-9.,7.009475688966));
#1847 = VECTOR('',#1848,1.);
#1848 = DIRECTION('',(-0.230564496425,9.860761315263E-32,0.973057045084)
  );
#1849 = ORIENTED_EDGE('',*,*,#1850,.F.);
#1850 = EDGE_CURVE('',#1851,#1843,#1853,.T.);
#1851 = VERTEX_POINT('',#1852);
#1852 = CARTESIAN_POINT('',(34.008869236382,-9.,4.79049708702));
#1853 = LINE('',#1854,#1855);
#1854 = CARTESIAN_POINT('',(22.168428981629,-9.,1.837215536926));
#1855 = VECTOR('',#1856,1.);
#1856 = DIRECTION('',(-0.970274020212,-2.465190328816E-32,
    -0.242008937233));
#1857 = ORIENTED_EDGE('',*,*,#1858,.F.);
#1858 = EDGE_CURVE('',#1859,#1851,#1861,.T.);
#1859 = VERTEX_POINT('',#1860);
#1860 = CARTESIAN_POINT('',(33.959227816206,-9.,5.));
#1861 = LINE('',#1862,#1863);
#1862 = CARTESIAN_POINT('',(33.958721984574,-9.,5.002134773743));
#1863 = VECTOR('',#1864,1.);
#1864 = DIRECTION('',(0.230564496425,-9.860761315263E-32,-0.973057045084
    ));
#1865 = ORIENTED_EDGE('',*,*,#1866,.T.);
#1866 = EDGE_CURVE('',#1859,#1747,#1867,.T.);
#1867 = LINE('',#1868,#1869);
#1868 = CARTESIAN_POINT('',(11.904761904761,-9.,5.));
#1869 = VECTOR('',#1870,1.);
#1870 = DIRECTION('',(1.,0.,0.));
#1871 = ORIENTED_EDGE('',*,*,#1754,.F.);
#1872 = PLANE('',#1873);
#1873 = AXIS2_PLACEMENT_3D('',#1874,#1875,#1876);
#1874 = CARTESIAN_POINT('',(11.904761904761,-9.,8.381647117973E-31));
#1875 = DIRECTION('',(0.,1.,-9.860761315263E-32));
#1876 = DIRECTION('',(1.,0.,0.));
#1877 = ADVANCED_FACE('',(#1878),#1943,.T.);
#1878 = FACE_BOUND('',#1879,.T.);
#1879 = EDGE_LOOP('',(#1880,#1881,#1889,#1897,#1905,#1913,#1921,#1929,
    #1937));
#1880 = ORIENTED_EDGE('',*,*,#228,.F.);
#1881 = ORIENTED_EDGE('',*,*,#1882,.T.);
#1882 = EDGE_CURVE('',#229,#1883,#1885,.T.);
#1883 = VERTEX_POINT('',#1884);
#1884 = CARTESIAN_POINT('',(44.999999999996,-7.73,5.));
#1885 = LINE('',#1886,#1887);
#1886 = CARTESIAN_POINT('',(44.999999999996,-7.73,7.755488774454E-31));
#1887 = VECTOR('',#1888,1.);
#1888 = DIRECTION('',(0.,9.860761315263E-32,1.));
#1889 = ORIENTED_EDGE('',*,*,#1890,.T.);
#1890 = EDGE_CURVE('',#1883,#1891,#1893,.T.);
#1891 = VERTEX_POINT('',#1892);
#1892 = CARTESIAN_POINT('',(44.357142857139,-8.,5.));
#1893 = LINE('',#1894,#1895);
#1894 = CARTESIAN_POINT('',(44.999999999996,-7.73,5.));
#1895 = VECTOR('',#1896,1.);
#1896 = DIRECTION('',(-0.921982105607,-0.387232484355,4.930380657631E-32
    ));
#1897 = ORIENTED_EDGE('',*,*,#1898,.T.);
#1898 = EDGE_CURVE('',#1891,#1899,#1901,.T.);
#1899 = VERTEX_POINT('',#1900);
#1900 = CARTESIAN_POINT('',(33.959227816206,-12.36712431719,5.));
#1901 = LINE('',#1902,#1903);
#1902 = CARTESIAN_POINT('',(44.999999999996,-7.73,5.));
#1903 = VECTOR('',#1904,1.);
#1904 = DIRECTION('',(-0.921982105607,-0.387232484355,4.930380657631E-32
    ));
#1905 = ORIENTED_EDGE('',*,*,#1906,.F.);
#1906 = EDGE_CURVE('',#1907,#1899,#1909,.T.);
#1907 = VERTEX_POINT('',#1908);
#1908 = CARTESIAN_POINT('',(34.008869236382,-12.34627492071,
    4.79049708702));
#1909 = LINE('',#1910,#1911);
#1910 = CARTESIAN_POINT('',(34.675434098114,-12.06631767879,
    1.977376919909));
#1911 = VECTOR('',#1912,1.);
#1912 = DIRECTION('',(-0.229490990335,-9.638621594078E-02,0.96852650079)
  );
#1913 = ORIENTED_EDGE('',*,*,#1914,.F.);
#1914 = EDGE_CURVE('',#1915,#1907,#1917,.T.);
#1915 = VERTEX_POINT('',#1916);
#1916 = CARTESIAN_POINT('',(32.262376,-13.07980207999,4.354881));
#1917 = LINE('',#1918,#1919);
#1918 = CARTESIAN_POINT('',(34.834549175962,-11.99948934609,
    4.99644089311));
#1919 = VECTOR('',#1920,1.);
#1920 = DIRECTION('',(0.898529545963,0.377382409304,0.224114194507));
#1921 = ORIENTED_EDGE('',*,*,#1922,.F.);
#1922 = EDGE_CURVE('',#1923,#1915,#1925,.T.);
#1923 = VERTEX_POINT('',#1924);
#1924 = CARTESIAN_POINT('',(32.109515961505,-13.14400329616,5.));
#1925 = LINE('',#1926,#1927);
#1926 = CARTESIAN_POINT('',(32.37168883147,-13.03389069078,
    3.893545354532));
#1927 = VECTOR('',#1928,1.);
#1928 = DIRECTION('',(0.229490990335,9.638621594078E-02,-0.96852650079)
  );
#1929 = ORIENTED_EDGE('',*,*,#1930,.T.);
#1930 = EDGE_CURVE('',#1923,#1931,#1933,.T.);
#1931 = VERTEX_POINT('',#1932);
#1932 = CARTESIAN_POINT('',(26.499999999998,-15.5,5.));
#1933 = LINE('',#1934,#1935);
#1934 = CARTESIAN_POINT('',(44.999999999996,-7.73,5.));
#1935 = VECTOR('',#1936,1.);
#1936 = DIRECTION('',(-0.921982105607,-0.387232484355,4.930380657631E-32
    ));
#1937 = ORIENTED_EDGE('',*,*,#1938,.F.);
#1938 = EDGE_CURVE('',#231,#1931,#1939,.T.);
#1939 = LINE('',#1940,#1941);
#1940 = CARTESIAN_POINT('',(26.499999999998,-15.5,1.553069907154E-30));
#1941 = VECTOR('',#1942,1.);
#1942 = DIRECTION('',(0.,9.860761315263E-32,1.));
#1943 = PLANE('',#1944);
#1944 = AXIS2_PLACEMENT_3D('',#1945,#1946,#1947);
#1945 = CARTESIAN_POINT('',(44.999999999996,-7.73,7.755488774454E-31));
#1946 = DIRECTION('',(0.387232484355,-0.921982105607,9.4761033978E-32));
#1947 = DIRECTION('',(-0.921982105607,-0.387232484355,4.374393879687E-32
    ));
#1948 = ADVANCED_FACE('',(#1949),#2007,.F.);
#1949 = FACE_BOUND('',#1950,.F.);
#1950 = EDGE_LOOP('',(#1951,#1952,#1960,#1968,#1976,#1984,#1992,#2000,
    #2006));
#1951 = ORIENTED_EDGE('',*,*,#246,.F.);
#1952 = ORIENTED_EDGE('',*,*,#1953,.T.);
#1953 = EDGE_CURVE('',#239,#1954,#1956,.T.);
#1954 = VERTEX_POINT('',#1955);
#1955 = CARTESIAN_POINT('',(44.999999999996,-23.27,5.));
#1956 = LINE('',#1957,#1958);
#1957 = CARTESIAN_POINT('',(44.999999999996,-23.27,1.936160484252E-30));
#1958 = VECTOR('',#1959,1.);
#1959 = DIRECTION('',(0.,9.860761315263E-32,1.));
#1960 = ORIENTED_EDGE('',*,*,#1961,.T.);
#1961 = EDGE_CURVE('',#1954,#1962,#1964,.T.);
#1962 = VERTEX_POINT('',#1963);
#1963 = CARTESIAN_POINT('',(44.357142857139,-23.,5.));
#1964 = LINE('',#1965,#1966);
#1965 = CARTESIAN_POINT('',(44.999999999996,-23.27,5.));
#1966 = VECTOR('',#1967,1.);
#1967 = DIRECTION('',(-0.921982105607,0.387232484355,-4.930380657631E-32
    ));
#1968 = ORIENTED_EDGE('',*,*,#1969,.T.);
#1969 = EDGE_CURVE('',#1962,#1970,#1972,.T.);
#1970 = VERTEX_POINT('',#1971);
#1971 = CARTESIAN_POINT('',(33.959227816206,-18.6328756828,5.));
#1972 = LINE('',#1973,#1974);
#1973 = CARTESIAN_POINT('',(44.999999999996,-23.27,5.));
#1974 = VECTOR('',#1975,1.);
#1975 = DIRECTION('',(-0.921982105607,0.387232484355,-4.930380657631E-32
    ));
#1976 = ORIENTED_EDGE('',*,*,#1977,.F.);
#1977 = EDGE_CURVE('',#1978,#1970,#1980,.T.);
#1978 = VERTEX_POINT('',#1979);
#1979 = CARTESIAN_POINT('',(34.008869236382,-18.65372507928,
    4.79049708702));
#1980 = LINE('',#1981,#1982);
#1981 = CARTESIAN_POINT('',(35.018290504453,-19.07768201187,
    0.530411550942));
#1982 = VECTOR('',#1983,1.);
#1983 = DIRECTION('',(-0.229490990335,9.638621594078E-02,0.96852650079)
  );
#1984 = ORIENTED_EDGE('',*,*,#1985,.F.);
#1985 = EDGE_CURVE('',#1986,#1978,#1988,.T.);
#1986 = VERTEX_POINT('',#1987);
#1987 = CARTESIAN_POINT('',(32.262376,-17.92019792,4.354881));
#1988 = LINE('',#1989,#1990);
#1989 = CARTESIAN_POINT('',(40.090432471704,-21.20798163811,
    6.307380590689));
#1990 = VECTOR('',#1991,1.);
#1991 = DIRECTION('',(0.898529545963,-0.377382409304,0.224114194507));
#1992 = ORIENTED_EDGE('',*,*,#1993,.F.);
#1993 = EDGE_CURVE('',#1994,#1986,#1996,.T.);
#1994 = VERTEX_POINT('',#1995);
#1995 = CARTESIAN_POINT('',(32.109515961505,-17.85599670383,5.));
#1996 = LINE('',#1997,#1998);
#1997 = CARTESIAN_POINT('',(32.71454523781,-18.11010899988,
    2.446579985565));
#1998 = VECTOR('',#1999,1.);
#1999 = DIRECTION('',(0.229490990335,-9.638621594078E-02,-0.96852650079)
  );
#2000 = ORIENTED_EDGE('',*,*,#2001,.T.);
#2001 = EDGE_CURVE('',#1994,#1931,#2002,.T.);
#2002 = LINE('',#2003,#2004);
#2003 = CARTESIAN_POINT('',(44.999999999996,-23.27,5.));
#2004 = VECTOR('',#2005,1.);
#2005 = DIRECTION('',(-0.921982105607,0.387232484355,-4.930380657631E-32
    ));
#2006 = ORIENTED_EDGE('',*,*,#1938,.F.);
#2007 = PLANE('',#2008);
#2008 = AXIS2_PLACEMENT_3D('',#2009,#2010,#2011);
#2009 = CARTESIAN_POINT('',(44.999999999996,-23.27,1.936160484252E-30));
#2010 = DIRECTION('',(-0.387232484355,-0.921982105607,9.4761033978E-32)
  );
#2011 = DIRECTION('',(-0.921982105607,0.387232484355,-4.374393879687E-32
    ));
#2012 = ADVANCED_FACE('',(#2013),#2040,.F.);
#2013 = FACE_BOUND('',#2014,.F.);
#2014 = EDGE_LOOP('',(#2015,#2016,#2024,#2032,#2038,#2039));
#2015 = ORIENTED_EDGE('',*,*,#1882,.T.);
#2016 = ORIENTED_EDGE('',*,*,#2017,.T.);
#2017 = EDGE_CURVE('',#1883,#2018,#2020,.T.);
#2018 = VERTEX_POINT('',#2019);
#2019 = CARTESIAN_POINT('',(44.999999999996,-8.,5.));
#2020 = LINE('',#2021,#2022);
#2021 = CARTESIAN_POINT('',(44.999999999996,-7.73,5.));
#2022 = VECTOR('',#2023,1.);
#2023 = DIRECTION('',(4.572347076963E-16,-1.,9.860761315263E-32));
#2024 = ORIENTED_EDGE('',*,*,#2025,.T.);
#2025 = EDGE_CURVE('',#2018,#2026,#2028,.T.);
#2026 = VERTEX_POINT('',#2027);
#2027 = CARTESIAN_POINT('',(44.999999999996,-23.,5.));
#2028 = LINE('',#2029,#2030);
#2029 = CARTESIAN_POINT('',(44.999999999996,-7.73,5.));
#2030 = VECTOR('',#2031,1.);
#2031 = DIRECTION('',(4.572347076963E-16,-1.,9.860761315263E-32));
#2032 = ORIENTED_EDGE('',*,*,#2033,.T.);
#2033 = EDGE_CURVE('',#2026,#1954,#2034,.T.);
#2034 = LINE('',#2035,#2036);
#2035 = CARTESIAN_POINT('',(44.999999999996,-7.73,5.));
#2036 = VECTOR('',#2037,1.);
#2037 = DIRECTION('',(4.572347076963E-16,-1.,9.860761315263E-32));
#2038 = ORIENTED_EDGE('',*,*,#1953,.F.);
#2039 = ORIENTED_EDGE('',*,*,#238,.F.);
#2040 = PLANE('',#2041);
#2041 = AXIS2_PLACEMENT_3D('',#2042,#2043,#2044);
#2042 = CARTESIAN_POINT('',(44.999999999996,-7.73,7.755488774454E-31));
#2043 = DIRECTION('',(1.,4.572347076963E-16,-4.443870009331E-47));
#2044 = DIRECTION('',(4.572347076963E-16,-1.,9.860761315263E-32));
#2045 = ADVANCED_FACE('',(#2046),#2065,.T.);
#2046 = FACE_BOUND('',#2047,.F.);
#2047 = EDGE_LOOP('',(#2048,#2049,#2050,#2058));
#2048 = ORIENTED_EDGE('',*,*,#366,.F.);
#2049 = ORIENTED_EDGE('',*,*,#401,.F.);
#2050 = ORIENTED_EDGE('',*,*,#2051,.T.);
#2051 = EDGE_CURVE('',#402,#2052,#2054,.T.);
#2052 = VERTEX_POINT('',#2053);
#2053 = CARTESIAN_POINT('',(3.490239894456,-8.,18.181132141513));
#2054 = LINE('',#2055,#2056);
#2055 = CARTESIAN_POINT('',(3.490239894456,4.037022303452E-15,
    18.181132141513));
#2056 = VECTOR('',#2057,1.);
#2057 = DIRECTION('',(0.,-1.,2.22044604925E-16));
#2058 = ORIENTED_EDGE('',*,*,#2059,.T.);
#2059 = EDGE_CURVE('',#2052,#359,#2060,.T.);
#2060 = CIRCLE('',#2061,2.);
#2061 = AXIS2_PLACEMENT_3D('',#2062,#2063,#2064);
#2062 = CARTESIAN_POINT('',(2.,-8.,16.847271182878));
#2063 = DIRECTION('',(0.,-1.,2.22044604925E-16));
#2064 = DIRECTION('',(-1.,-5.453429736093E-30,-2.456006412736E-14));
#2065 = CYLINDRICAL_SURFACE('',#2066,2.);
#2066 = AXIS2_PLACEMENT_3D('',#2067,#2068,#2069);
#2067 = CARTESIAN_POINT('',(2.,3.740845673867E-15,16.847271182878));
#2068 = DIRECTION('',(0.,-1.,2.22044604925E-16));
#2069 = DIRECTION('',(-1.,-5.453429736093E-30,-2.456006412736E-14));
#2070 = ADVANCED_FACE('',(#2071),#2176,.F.);
#2071 = FACE_BOUND('',#2072,.F.);
#2072 = EDGE_LOOP('',(#2073,#2083,#2089,#2095,#2101,#2102,#2103,#2112,
    #2120,#2128,#2136,#2145,#2153,#2161,#2169));
#2073 = ORIENTED_EDGE('',*,*,#2074,.F.);
#2074 = EDGE_CURVE('',#2075,#2077,#2079,.T.);
#2075 = VERTEX_POINT('',#2076);
#2076 = CARTESIAN_POINT('',(16.311055678175,-8.,5.));
#2077 = VERTEX_POINT('',#2078);
#2078 = CARTESIAN_POINT('',(17.397786304492,-8.,9.585243658822));
#2079 = LINE('',#2080,#2081);
#2080 = CARTESIAN_POINT('',(17.750284363092,-8.,11.072539083096));
#2081 = VECTOR('',#2082,1.);
#2082 = DIRECTION('',(0.230617461287,1.479114197289E-31,0.973044493613)
  );
#2083 = ORIENTED_EDGE('',*,*,#2084,.T.);
#2084 = EDGE_CURVE('',#2075,#1530,#2085,.T.);
#2085 = LINE('',#2086,#2087);
#2086 = CARTESIAN_POINT('',(49.999999999996,-8.,5.));
#2087 = VECTOR('',#2088,1.);
#2088 = DIRECTION('',(-1.,3.284293275761E-47,2.22044604925E-16));
#2089 = ORIENTED_EDGE('',*,*,#2090,.T.);
#2090 = EDGE_CURVE('',#1530,#1594,#2091,.T.);
#2091 = LINE('',#2092,#2093);
#2092 = CARTESIAN_POINT('',(49.999999999996,-8.,5.));
#2093 = VECTOR('',#2094,1.);
#2094 = DIRECTION('',(-1.,3.284293275761E-47,2.22044604925E-16));
#2095 = ORIENTED_EDGE('',*,*,#2096,.T.);
#2096 = EDGE_CURVE('',#1594,#351,#2097,.T.);
#2097 = LINE('',#2098,#2099);
#2098 = CARTESIAN_POINT('',(49.999999999996,-8.,5.));
#2099 = VECTOR('',#2100,1.);
#2100 = DIRECTION('',(-1.,3.284293275761E-47,2.22044604925E-16));
#2101 = ORIENTED_EDGE('',*,*,#358,.F.);
#2102 = ORIENTED_EDGE('',*,*,#2059,.F.);
#2103 = ORIENTED_EDGE('',*,*,#2104,.F.);
#2104 = EDGE_CURVE('',#2105,#2052,#2107,.T.);
#2105 = VERTEX_POINT('',#2106);
#2106 = CARTESIAN_POINT('',(5.708019550632,-8.,15.959287616988));
#2107 = CIRCLE('',#2108,28.867513459481);
#2108 = AXIS2_PLACEMENT_3D('',#2109,#2110,#2111);
#2109 = CARTESIAN_POINT('',(24.999999999999,-8.,37.433756729743));
#2110 = DIRECTION('',(0.,1.,-2.22044604925E-16));
#2111 = DIRECTION('',(1.,0.,0.));
#2112 = ORIENTED_EDGE('',*,*,#2113,.F.);
#2113 = EDGE_CURVE('',#2114,#2105,#2116,.T.);
#2114 = VERTEX_POINT('',#2115);
#2115 = CARTESIAN_POINT('',(2.494079933212,-8.,12.1290667179));
#2116 = LINE('',#2117,#2118);
#2117 = CARTESIAN_POINT('',(12.160019931283,-8.,23.648475853431));
#2118 = VECTOR('',#2119,1.);
#2119 = DIRECTION('',(0.642787923481,1.232595164408E-31,0.766044179814)
  );
#2120 = ORIENTED_EDGE('',*,*,#2121,.F.);
#2121 = EDGE_CURVE('',#2122,#2114,#2124,.T.);
#2122 = VERTEX_POINT('',#2123);
#2123 = CARTESIAN_POINT('',(3.869948,-8.,10.968469));
#2124 = LINE('',#2125,#2126);
#2125 = CARTESIAN_POINT('',(18.128836749748,-8.,-1.059452965937));
#2126 = VECTOR('',#2127,1.);
#2127 = DIRECTION('',(-0.764371148215,9.860761315263E-32,0.644776509944)
  );
#2128 = ORIENTED_EDGE('',*,*,#2129,.F.);
#2129 = EDGE_CURVE('',#2130,#2122,#2132,.T.);
#2130 = VERTEX_POINT('',#2131);
#2131 = CARTESIAN_POINT('',(7.083887617419,-8.,14.798689899088));
#2132 = LINE('',#2133,#2134);
#2133 = CARTESIAN_POINT('',(11.930421589731,-8.,20.574559367289));
#2134 = VECTOR('',#2135,1.);
#2135 = DIRECTION('',(-0.642787923481,-1.232595164408E-31,
    -0.766044179814));
#2136 = ORIENTED_EDGE('',*,*,#2137,.F.);
#2137 = EDGE_CURVE('',#2138,#2130,#2140,.T.);
#2138 = VERTEX_POINT('',#2139);
#2139 = CARTESIAN_POINT('',(11.180397784478,-8.,12.089094018667));
#2140 = CIRCLE('',#2141,28.867513459481);
#2141 = AXIS2_PLACEMENT_3D('',#2142,#2143,#2144);
#2142 = CARTESIAN_POINT('',(24.999999999999,-8.,37.433756729743));
#2143 = DIRECTION('',(0.,1.,-2.22044604925E-16));
#2144 = DIRECTION('',(1.,0.,0.));
#2145 = ORIENTED_EDGE('',*,*,#2146,.F.);
#2146 = EDGE_CURVE('',#2147,#2138,#2149,.T.);
#2147 = VERTEX_POINT('',#2148);
#2148 = CARTESIAN_POINT('',(8.936393157101,-8.,7.620935199585));
#2149 = LINE('',#2150,#2151);
#2150 = CARTESIAN_POINT('',(13.66837818171,-8.,17.04304617098));
#2151 = VECTOR('',#2152,1.);
#2152 = DIRECTION('',(0.448800925473,1.479114197289E-31,0.893631763812)
  );
#2153 = ORIENTED_EDGE('',*,*,#2154,.F.);
#2154 = EDGE_CURVE('',#2155,#2147,#2157,.T.);
#2155 = VERTEX_POINT('',#2156);
#2156 = CARTESIAN_POINT('',(10.542827,-8.,6.808919));
#2157 = LINE('',#2158,#2159);
#2158 = CARTESIAN_POINT('',(25.817387413471,-8.,-0.912027960939));
#2159 = VECTOR('',#2160,1.);
#2160 = DIRECTION('',(-0.892463246055,7.395570986447E-32,0.451120110881)
  );
#2161 = ORIENTED_EDGE('',*,*,#2162,.F.);
#2162 = EDGE_CURVE('',#2163,#2155,#2165,.T.);
#2163 = VERTEX_POINT('',#2164);
#2164 = CARTESIAN_POINT('',(12.786831627378,-8.,11.277077819082));
#2165 = LINE('',#2166,#2167);
#2166 = CARTESIAN_POINT('',(14.153858664887,-8.,13.999039190753));
#2167 = VECTOR('',#2168,1.);
#2168 = DIRECTION('',(-0.448800925473,-1.479114197289E-31,
    -0.893631763812));
#2169 = ORIENTED_EDGE('',*,*,#2170,.F.);
#2170 = EDGE_CURVE('',#2077,#2163,#2171,.T.);
#2171 = CIRCLE('',#2172,28.867513459481);
#2172 = AXIS2_PLACEMENT_3D('',#2173,#2174,#2175);
#2173 = CARTESIAN_POINT('',(24.999999999999,-8.,37.433756729743));
#2174 = DIRECTION('',(0.,1.,-2.22044604925E-16));
#2175 = DIRECTION('',(1.,0.,0.));
#2176 = PLANE('',#2177);
#2177 = AXIS2_PLACEMENT_3D('',#2178,#2179,#2180);
#2178 = CARTESIAN_POINT('',(49.999999999996,-8.,5.));
#2179 = DIRECTION('',(0.,1.,-1.479114197289E-31));
#2180 = DIRECTION('',(2.22044604925E-16,1.479114197289E-31,1.));
#2181 = ADVANCED_FACE('',(#2182),#2193,.F.);
#2182 = FACE_BOUND('',#2183,.F.);
#2183 = EDGE_LOOP('',(#2184,#2185,#2191,#2192));
#2184 = ORIENTED_EDGE('',*,*,#1593,.F.);
#2185 = ORIENTED_EDGE('',*,*,#2186,.T.);
#2186 = EDGE_CURVE('',#1586,#343,#2187,.T.);
#2187 = LINE('',#2188,#2189);
#2188 = CARTESIAN_POINT('',(49.999999999996,-23.,5.));
#2189 = VECTOR('',#2190,1.);
#2190 = DIRECTION('',(-1.,3.284293275761E-47,2.22044604925E-16));
#2191 = ORIENTED_EDGE('',*,*,#350,.F.);
#2192 = ORIENTED_EDGE('',*,*,#2096,.F.);
#2193 = PLANE('',#2194);
#2194 = AXIS2_PLACEMENT_3D('',#2195,#2196,#2197);
#2195 = CARTESIAN_POINT('',(49.999999999996,-23.,5.));
#2196 = DIRECTION('',(-2.22044604925E-16,-1.479114197289E-31,-1.));
#2197 = DIRECTION('',(0.,1.,-1.479114197289E-31));
#2198 = ADVANCED_FACE('',(#2199),#2307,.F.);
#2199 = FACE_BOUND('',#2200,.F.);
#2200 = EDGE_LOOP('',(#2201,#2209,#2217,#2226,#2234,#2242,#2250,#2259,
    #2267,#2275,#2283,#2292,#2299,#2300,#2301));
#2201 = ORIENTED_EDGE('',*,*,#2202,.F.);
#2202 = EDGE_CURVE('',#2203,#1459,#2205,.T.);
#2203 = VERTEX_POINT('',#2204);
#2204 = CARTESIAN_POINT('',(16.311055678175,-23.,5.));
#2205 = LINE('',#2206,#2207);
#2206 = CARTESIAN_POINT('',(49.999999999996,-23.,5.));
#2207 = VECTOR('',#2208,1.);
#2208 = DIRECTION('',(-1.,3.284293275761E-47,2.22044604925E-16));
#2209 = ORIENTED_EDGE('',*,*,#2210,.F.);
#2210 = EDGE_CURVE('',#2211,#2203,#2213,.T.);
#2211 = VERTEX_POINT('',#2212);
#2212 = CARTESIAN_POINT('',(17.397786304492,-23.,9.585243658822));
#2213 = LINE('',#2214,#2215);
#2214 = CARTESIAN_POINT('',(19.657693295198,-23.,19.120471568768));
#2215 = VECTOR('',#2216,1.);
#2216 = DIRECTION('',(-0.230617461287,-1.479114197289E-31,
    -0.973044493613));
#2217 = ORIENTED_EDGE('',*,*,#2218,.T.);
#2218 = EDGE_CURVE('',#2211,#2219,#2221,.T.);
#2219 = VERTEX_POINT('',#2220);
#2220 = CARTESIAN_POINT('',(12.786831627378,-23.,11.277077819082));
#2221 = CIRCLE('',#2222,28.867513459481);
#2222 = AXIS2_PLACEMENT_3D('',#2223,#2224,#2225);
#2223 = CARTESIAN_POINT('',(24.999999999999,-23.,37.433756729743));
#2224 = DIRECTION('',(0.,1.,-2.22044604925E-16));
#2225 = DIRECTION('',(1.,0.,0.));
#2226 = ORIENTED_EDGE('',*,*,#2227,.F.);
#2227 = EDGE_CURVE('',#2228,#2219,#2230,.T.);
#2228 = VERTEX_POINT('',#2229);
#2229 = CARTESIAN_POINT('',(10.542827,-23.,6.808919));
#2230 = LINE('',#2231,#2232);
#2231 = CARTESIAN_POINT('',(17.562892147254,-23.,20.786949889754));
#2232 = VECTOR('',#2233,1.);
#2233 = DIRECTION('',(0.448800925473,1.479114197289E-31,0.893631763812)
  );
#2234 = ORIENTED_EDGE('',*,*,#2235,.F.);
#2235 = EDGE_CURVE('',#2236,#2228,#2238,.T.);
#2236 = VERTEX_POINT('',#2237);
#2237 = CARTESIAN_POINT('',(8.936393157101,-23.,7.620935199585));
#2238 = LINE('',#2239,#2240);
#2239 = CARTESIAN_POINT('',(22.395218406075,-23.,0.817801551809));
#2240 = VECTOR('',#2241,1.);
#2241 = DIRECTION('',(0.892463246055,-7.395570986447E-32,-0.451120110881
    ));
#2242 = ORIENTED_EDGE('',*,*,#2243,.F.);
#2243 = EDGE_CURVE('',#2244,#2236,#2246,.T.);
#2244 = VERTEX_POINT('',#2245);
#2245 = CARTESIAN_POINT('',(11.180397784478,-23.,12.089094018667));
#2246 = LINE('',#2247,#2248);
#2247 = CARTESIAN_POINT('',(17.077411664077,-23.,23.83095686998));
#2248 = VECTOR('',#2249,1.);
#2249 = DIRECTION('',(-0.448800925473,-1.479114197289E-31,
    -0.893631763812));
#2250 = ORIENTED_EDGE('',*,*,#2251,.T.);
#2251 = EDGE_CURVE('',#2244,#2252,#2254,.T.);
#2252 = VERTEX_POINT('',#2253);
#2253 = CARTESIAN_POINT('',(7.083887617419,-23.,14.798689899088));
#2254 = CIRCLE('',#2255,28.867513459481);
#2255 = AXIS2_PLACEMENT_3D('',#2256,#2257,#2258);
#2256 = CARTESIAN_POINT('',(24.999999999999,-23.,37.433756729743));
#2257 = DIRECTION('',(0.,1.,-2.22044604925E-16));
#2258 = DIRECTION('',(1.,0.,0.));
#2259 = ORIENTED_EDGE('',*,*,#2260,.F.);
#2260 = EDGE_CURVE('',#2261,#2252,#2263,.T.);
#2261 = VERTEX_POINT('',#2262);
#2262 = CARTESIAN_POINT('',(3.869948,-23.,10.968469));
#2263 = LINE('',#2264,#2265);
#2264 = CARTESIAN_POINT('',(16.115855144649,-23.,25.562560693419));
#2265 = VECTOR('',#2266,1.);
#2266 = DIRECTION('',(0.642787923481,1.232595164408E-31,0.766044179814)
  );
#2267 = ORIENTED_EDGE('',*,*,#2268,.F.);
#2268 = EDGE_CURVE('',#2269,#2261,#2271,.T.);
#2269 = VERTEX_POINT('',#2270);
#2270 = CARTESIAN_POINT('',(2.494079933212,-23.,12.1290667179));
#2271 = LINE('',#2272,#2273);
#2272 = CARTESIAN_POINT('',(13.939623979137,-23.,2.474309390159));
#2273 = VECTOR('',#2274,1.);
#2274 = DIRECTION('',(0.764371148215,-9.860761315263E-32,-0.644776509944
    ));
#2275 = ORIENTED_EDGE('',*,*,#2276,.F.);
#2276 = EDGE_CURVE('',#2277,#2269,#2279,.T.);
#2277 = VERTEX_POINT('',#2278);
#2278 = CARTESIAN_POINT('',(5.708019550632,-23.,15.959287616988));
#2279 = LINE('',#2280,#2281);
#2280 = CARTESIAN_POINT('',(16.345453486201,-23.,28.636477179562));
#2281 = VECTOR('',#2282,1.);
#2282 = DIRECTION('',(-0.642787923481,-1.232595164408E-31,
    -0.766044179814));
#2283 = ORIENTED_EDGE('',*,*,#2284,.T.);
#2284 = EDGE_CURVE('',#2277,#2285,#2287,.T.);
#2285 = VERTEX_POINT('',#2286);
#2286 = CARTESIAN_POINT('',(3.490239894456,-23.,18.181132141513));
#2287 = CIRCLE('',#2288,28.867513459481);
#2288 = AXIS2_PLACEMENT_3D('',#2289,#2290,#2291);
#2289 = CARTESIAN_POINT('',(24.999999999999,-23.,37.433756729743));
#2290 = DIRECTION('',(0.,1.,-2.22044604925E-16));
#2291 = DIRECTION('',(1.,0.,0.));
#2292 = ORIENTED_EDGE('',*,*,#2293,.T.);
#2293 = EDGE_CURVE('',#2285,#335,#2294,.T.);
#2294 = CIRCLE('',#2295,2.);
#2295 = AXIS2_PLACEMENT_3D('',#2296,#2297,#2298);
#2296 = CARTESIAN_POINT('',(2.,-23.,16.847271182878));
#2297 = DIRECTION('',(0.,-1.,2.22044604925E-16));
#2298 = DIRECTION('',(-1.,-5.453429736093E-30,-2.456006412736E-14));
#2299 = ORIENTED_EDGE('',*,*,#342,.F.);
#2300 = ORIENTED_EDGE('',*,*,#2186,.F.);
#2301 = ORIENTED_EDGE('',*,*,#2302,.F.);
#2302 = EDGE_CURVE('',#1459,#1586,#2303,.T.);
#2303 = LINE('',#2304,#2305);
#2304 = CARTESIAN_POINT('',(49.999999999996,-23.,5.));
#2305 = VECTOR('',#2306,1.);
#2306 = DIRECTION('',(-1.,3.284293275761E-47,2.22044604925E-16));
#2307 = PLANE('',#2308);
#2308 = AXIS2_PLACEMENT_3D('',#2309,#2310,#2311);
#2309 = CARTESIAN_POINT('',(49.999999999996,-23.,22.));
#2310 = DIRECTION('',(0.,-1.,1.479114197289E-31));
#2311 = DIRECTION('',(-2.22044604925E-16,-1.479114197289E-31,-1.));
#2312 = ADVANCED_FACE('',(#2313),#2324,.T.);
#2313 = FACE_BOUND('',#2314,.F.);
#2314 = EDGE_LOOP('',(#2315,#2316,#2317,#2323));
#2315 = ORIENTED_EDGE('',*,*,#334,.F.);
#2316 = ORIENTED_EDGE('',*,*,#2293,.F.);
#2317 = ORIENTED_EDGE('',*,*,#2318,.T.);
#2318 = EDGE_CURVE('',#2285,#1114,#2319,.T.);
#2319 = LINE('',#2320,#2321);
#2320 = CARTESIAN_POINT('',(3.490239894456,4.037022303452E-15,
    18.181132141513));
#2321 = VECTOR('',#2322,1.);
#2322 = DIRECTION('',(0.,-1.,2.22044604925E-16));
#2323 = ORIENTED_EDGE('',*,*,#1122,.T.);
#2324 = CYLINDRICAL_SURFACE('',#2325,2.);
#2325 = AXIS2_PLACEMENT_3D('',#2326,#2327,#2328);
#2326 = CARTESIAN_POINT('',(2.,3.740845673867E-15,16.847271182878));
#2327 = DIRECTION('',(0.,-1.,2.22044604925E-16));
#2328 = DIRECTION('',(-1.,-5.453429736093E-30,-2.456006412736E-14));
#2329 = ADVANCED_FACE('',(#2330),#2336,.F.);
#2330 = FACE_BOUND('',#2331,.F.);
#2331 = EDGE_LOOP('',(#2332,#2333,#2334,#2335));
#2332 = ORIENTED_EDGE('',*,*,#1152,.F.);
#2333 = ORIENTED_EDGE('',*,*,#1170,.T.);
#2334 = ORIENTED_EDGE('',*,*,#318,.F.);
#2335 = ORIENTED_EDGE('',*,*,#1130,.F.);
#2336 = PLANE('',#2337);
#2337 = AXIS2_PLACEMENT_3D('',#2338,#2339,#2340);
#2338 = CARTESIAN_POINT('',(49.999999999996,-31.,5.));
#2339 = DIRECTION('',(-2.22044604925E-16,-1.479114197289E-31,-1.));
#2340 = DIRECTION('',(0.,1.,-1.479114197289E-31));
#2341 = ADVANCED_FACE('',(#2342),#2348,.F.);
#2342 = FACE_BOUND('',#2343,.F.);
#2343 = EDGE_LOOP('',(#2344,#2345,#2346,#2347));
#2344 = ORIENTED_EDGE('',*,*,#794,.F.);
#2345 = ORIENTED_EDGE('',*,*,#667,.T.);
#2346 = ORIENTED_EDGE('',*,*,#689,.F.);
#2347 = ORIENTED_EDGE('',*,*,#707,.F.);
#2348 = PLANE('',#2349);
#2349 = AXIS2_PLACEMENT_3D('',#2350,#2351,#2352);
#2350 = CARTESIAN_POINT('',(49.999999999996,-5.,5.));
#2351 = DIRECTION('',(-2.22044604925E-16,-1.479114197289E-31,-1.));
#2352 = DIRECTION('',(0.,1.,-1.479114197289E-31));
#2353 = ADVANCED_FACE('',(#2354),#2373,.T.);
#2354 = FACE_BOUND('',#2355,.F.);
#2355 = EDGE_LOOP('',(#2356,#2364,#2365,#2366));
#2356 = ORIENTED_EDGE('',*,*,#2357,.F.);
#2357 = EDGE_CURVE('',#642,#2358,#2360,.T.);
#2358 = VERTEX_POINT('',#2359);
#2359 = CARTESIAN_POINT('',(46.509760105539,-8.,18.18113214151));
#2360 = LINE('',#2361,#2362);
#2361 = CARTESIAN_POINT('',(46.509760105539,4.037022303451E-15,
    18.18113214151));
#2362 = VECTOR('',#2363,1.);
#2363 = DIRECTION('',(0.,-1.,2.22044604925E-16));
#2364 = ORIENTED_EDGE('',*,*,#650,.F.);
#2365 = ORIENTED_EDGE('',*,*,#787,.T.);
#2366 = ORIENTED_EDGE('',*,*,#2367,.T.);
#2367 = EDGE_CURVE('',#780,#2358,#2368,.T.);
#2368 = CIRCLE('',#2369,2.);
#2369 = AXIS2_PLACEMENT_3D('',#2370,#2371,#2372);
#2370 = CARTESIAN_POINT('',(47.999999999996,-8.,16.847271182875));
#2371 = DIRECTION('',(-1.232595164408E-32,-1.,2.22044604925E-16));
#2372 = DIRECTION('',(-0.745119947228,1.480883147925E-16,0.666930479317)
  );
#2373 = CYLINDRICAL_SURFACE('',#2374,2.);
#2374 = AXIS2_PLACEMENT_3D('',#2375,#2376,#2377);
#2375 = CARTESIAN_POINT('',(47.999999999996,3.740845673866E-15,
    16.847271182875));
#2376 = DIRECTION('',(0.,-1.,2.22044604925E-16));
#2377 = DIRECTION('',(-0.745119947228,1.480883147925E-16,0.666930479317)
  );
#2378 = ADVANCED_FACE('',(#2379),#2398,.F.);
#2379 = FACE_BOUND('',#2380,.T.);
#2380 = EDGE_LOOP('',(#2381,#2382,#2383,#2391));
#2381 = ORIENTED_EDGE('',*,*,#2357,.F.);
#2382 = ORIENTED_EDGE('',*,*,#641,.T.);
#2383 = ORIENTED_EDGE('',*,*,#2384,.F.);
#2384 = EDGE_CURVE('',#2385,#634,#2387,.T.);
#2385 = VERTEX_POINT('',#2386);
#2386 = CARTESIAN_POINT('',(44.291983657754,-8.,15.959290499303));
#2387 = LINE('',#2388,#2389);
#2388 = CARTESIAN_POINT('',(44.291983657755,-31.,15.9592904993));
#2389 = VECTOR('',#2390,1.);
#2390 = DIRECTION('',(0.,1.,-2.22044604925E-16));
#2391 = ORIENTED_EDGE('',*,*,#2392,.F.);
#2392 = EDGE_CURVE('',#2358,#2385,#2393,.T.);
#2393 = CIRCLE('',#2394,28.867513459481);
#2394 = AXIS2_PLACEMENT_3D('',#2395,#2396,#2397);
#2395 = CARTESIAN_POINT('',(24.999999999999,-8.,37.433756729743));
#2396 = DIRECTION('',(0.,1.,-2.22044604925E-16));
#2397 = DIRECTION('',(1.,0.,0.));
#2398 = CYLINDRICAL_SURFACE('',#2399,28.867513459481);
#2399 = AXIS2_PLACEMENT_3D('',#2400,#2401,#2402);
#2400 = CARTESIAN_POINT('',(24.999999999999,8.311963723916E-15,
    37.433756729743));
#2401 = DIRECTION('',(0.,1.,-2.22044604925E-16));
#2402 = DIRECTION('',(1.,0.,0.));
#2403 = ADVANCED_FACE('',(#2404),#2422,.F.);
#2404 = FACE_BOUND('',#2405,.F.);
#2405 = EDGE_LOOP('',(#2406,#2414,#2420,#2421));
#2406 = ORIENTED_EDGE('',*,*,#2407,.T.);
#2407 = EDGE_CURVE('',#2385,#2408,#2410,.T.);
#2408 = VERTEX_POINT('',#2409);
#2409 = CARTESIAN_POINT('',(47.505918893389,-8.,12.129065923461));
#2410 = LINE('',#2411,#2412);
#2411 = CARTESIAN_POINT('',(49.776354502112,-8.,9.423262094569));
#2412 = VECTOR('',#2413,1.);
#2413 = DIRECTION('',(0.642787047124,-1.232595164408E-31,-0.766044915165
    ));
#2414 = ORIENTED_EDGE('',*,*,#2415,.T.);
#2415 = EDGE_CURVE('',#2408,#626,#2416,.T.);
#2416 = LINE('',#2417,#2418);
#2417 = CARTESIAN_POINT('',(47.505918893389,-31.,12.129065923461));
#2418 = VECTOR('',#2419,1.);
#2419 = DIRECTION('',(0.,1.,-2.22044604925E-16));
#2420 = ORIENTED_EDGE('',*,*,#633,.F.);
#2421 = ORIENTED_EDGE('',*,*,#2384,.F.);
#2422 = PLANE('',#2423);
#2423 = AXIS2_PLACEMENT_3D('',#2424,#2425,#2426);
#2424 = CARTESIAN_POINT('',(47.505918893389,-31.,12.129065923461));
#2425 = DIRECTION('',(0.766044915165,1.427273959296E-16,0.642787047124)
  );
#2426 = DIRECTION('',(-0.642787047124,1.700961405425E-16,0.766044915165)
  );
#2427 = ADVANCED_FACE('',(#2428),#2446,.F.);
#2428 = FACE_BOUND('',#2429,.F.);
#2429 = EDGE_LOOP('',(#2430,#2438,#2444,#2445));
#2430 = ORIENTED_EDGE('',*,*,#2431,.T.);
#2431 = EDGE_CURVE('',#2408,#2432,#2434,.T.);
#2432 = VERTEX_POINT('',#2433);
#2433 = CARTESIAN_POINT('',(46.130051,-8.,10.968468));
#2434 = LINE('',#2435,#2436);
#2435 = CARTESIAN_POINT('',(45.789809700912,-8.,10.681461269852));
#2436 = VECTOR('',#2437,1.);
#2437 = DIRECTION('',(-0.764371051883,-9.860761315263E-32,
    -0.644776624145));
#2438 = ORIENTED_EDGE('',*,*,#2439,.T.);
#2439 = EDGE_CURVE('',#2432,#618,#2440,.T.);
#2440 = LINE('',#2441,#2442);
#2441 = CARTESIAN_POINT('',(46.130051,-31.,10.968468));
#2442 = VECTOR('',#2443,1.);
#2443 = DIRECTION('',(0.,1.,-2.22044604925E-16));
#2444 = ORIENTED_EDGE('',*,*,#625,.F.);
#2445 = ORIENTED_EDGE('',*,*,#2415,.F.);
#2446 = PLANE('',#2447);
#2447 = AXIS2_PLACEMENT_3D('',#2448,#2449,#2450);
#2448 = CARTESIAN_POINT('',(46.130051,-31.,10.968468));
#2449 = DIRECTION('',(0.644776624145,-1.697244682314E-16,-0.764371051883
    ));
#2450 = DIRECTION('',(0.764371051883,1.431691707732E-16,0.644776624145)
  );
#2451 = ADVANCED_FACE('',(#2452),#2470,.F.);
#2452 = FACE_BOUND('',#2453,.F.);
#2453 = EDGE_LOOP('',(#2454,#2462,#2468,#2469));
#2454 = ORIENTED_EDGE('',*,*,#2455,.T.);
#2455 = EDGE_CURVE('',#2432,#2456,#2458,.T.);
#2456 = VERTEX_POINT('',#2457);
#2457 = CARTESIAN_POINT('',(42.916115764364,-8.,14.79869257584));
#2458 = LINE('',#2459,#2460);
#2459 = CARTESIAN_POINT('',(46.792014844342,-8.,10.179569033772));
#2460 = VECTOR('',#2461,1.);
#2461 = DIRECTION('',(-0.642787047124,1.232595164408E-31,0.766044915165)
  );
#2462 = ORIENTED_EDGE('',*,*,#2463,.T.);
#2463 = EDGE_CURVE('',#2456,#609,#2464,.T.);
#2464 = LINE('',#2465,#2466);
#2465 = CARTESIAN_POINT('',(42.916115764366,-31.,14.798692575839));
#2466 = VECTOR('',#2467,1.);
#2467 = DIRECTION('',(0.,1.,-2.22044604925E-16));
#2468 = ORIENTED_EDGE('',*,*,#617,.F.);
#2469 = ORIENTED_EDGE('',*,*,#2439,.F.);
#2470 = PLANE('',#2471);
#2471 = AXIS2_PLACEMENT_3D('',#2472,#2473,#2474);
#2472 = CARTESIAN_POINT('',(42.916115764366,-31.,14.798692575839));
#2473 = DIRECTION('',(-0.766044915165,-1.427273959296E-16,
    -0.642787047124));
#2474 = DIRECTION('',(0.642787047124,-1.700961405425E-16,-0.766044915165
    ));
#2475 = ADVANCED_FACE('',(#2476),#2495,.F.);
#2476 = FACE_BOUND('',#2477,.T.);
#2477 = EDGE_LOOP('',(#2478,#2479,#2480,#2488));
#2478 = ORIENTED_EDGE('',*,*,#2463,.T.);
#2479 = ORIENTED_EDGE('',*,*,#608,.T.);
#2480 = ORIENTED_EDGE('',*,*,#2481,.F.);
#2481 = EDGE_CURVE('',#2482,#601,#2484,.T.);
#2482 = VERTEX_POINT('',#2483);
#2483 = CARTESIAN_POINT('',(38.819355448553,-8.,12.0889594664));
#2484 = LINE('',#2485,#2486);
#2485 = CARTESIAN_POINT('',(38.819355448553,-31.,12.088959466398));
#2486 = VECTOR('',#2487,1.);
#2487 = DIRECTION('',(0.,1.,-2.22044604925E-16));
#2488 = ORIENTED_EDGE('',*,*,#2489,.F.);
#2489 = EDGE_CURVE('',#2456,#2482,#2490,.T.);
#2490 = CIRCLE('',#2491,28.867513459481);
#2491 = AXIS2_PLACEMENT_3D('',#2492,#2493,#2494);
#2492 = CARTESIAN_POINT('',(24.999999999999,-8.,37.433756729743));
#2493 = DIRECTION('',(0.,1.,-2.22044604925E-16));
#2494 = DIRECTION('',(1.,0.,0.));
#2495 = CYLINDRICAL_SURFACE('',#2496,28.867513459481);
#2496 = AXIS2_PLACEMENT_3D('',#2497,#2498,#2499);
#2497 = CARTESIAN_POINT('',(24.999999999999,8.311963723916E-15,
    37.433756729743));
#2498 = DIRECTION('',(0.,1.,-2.22044604925E-16));
#2499 = DIRECTION('',(1.,0.,0.));
#2500 = ADVANCED_FACE('',(#2501),#2519,.F.);
#2501 = FACE_BOUND('',#2502,.F.);
#2502 = EDGE_LOOP('',(#2503,#2511,#2517,#2518));
#2503 = ORIENTED_EDGE('',*,*,#2504,.T.);
#2504 = EDGE_CURVE('',#2482,#2505,#2507,.T.);
#2505 = VERTEX_POINT('',#2506);
#2506 = CARTESIAN_POINT('',(41.063614748955,-8.,7.62092855863));
#2507 = LINE('',#2508,#2509);
#2508 = CARTESIAN_POINT('',(42.489435571119,-8.,4.782303137213));
#2509 = VECTOR('',#2510,1.);
#2510 = DIRECTION('',(0.448851860078,-1.479114197289E-31,-0.89360618155)
  );
#2511 = ORIENTED_EDGE('',*,*,#2512,.T.);
#2512 = EDGE_CURVE('',#2505,#593,#2513,.T.);
#2513 = LINE('',#2514,#2515);
#2514 = CARTESIAN_POINT('',(41.063614748955,-31.,7.62092855863));
#2515 = VECTOR('',#2516,1.);
#2516 = DIRECTION('',(0.,1.,-2.22044604925E-16));
#2517 = ORIENTED_EDGE('',*,*,#600,.F.);
#2518 = ORIENTED_EDGE('',*,*,#2481,.F.);
#2519 = PLANE('',#2520);
#2520 = AXIS2_PLACEMENT_3D('',#2521,#2522,#2523);
#2521 = CARTESIAN_POINT('',(41.063614748955,-31.,7.62092855863));
#2522 = DIRECTION('',(0.89360618155,9.966513394097E-17,0.448851860078));
#2523 = DIRECTION('',(-0.448851860078,1.984204315408E-16,0.89360618155)
  );
#2524 = ADVANCED_FACE('',(#2525),#2543,.F.);
#2525 = FACE_BOUND('',#2526,.F.);
#2526 = EDGE_LOOP('',(#2527,#2535,#2541,#2542));
#2527 = ORIENTED_EDGE('',*,*,#2528,.T.);
#2528 = EDGE_CURVE('',#2505,#2529,#2531,.T.);
#2529 = VERTEX_POINT('',#2530);
#2530 = CARTESIAN_POINT('',(39.457173,-8.,6.808928));
#2531 = LINE('',#2532,#2533);
#2532 = CARTESIAN_POINT('',(43.291706541509,-8.,8.747151642293));
#2533 = VECTOR('',#2534,1.);
#2534 = DIRECTION('',(-0.892467638308,-7.395570986447E-32,
    -0.451111421461));
#2535 = ORIENTED_EDGE('',*,*,#2536,.T.);
#2536 = EDGE_CURVE('',#2529,#585,#2537,.T.);
#2537 = LINE('',#2538,#2539);
#2538 = CARTESIAN_POINT('',(39.457173,-31.,6.808928));
#2539 = VECTOR('',#2540,1.);
#2540 = DIRECTION('',(0.,1.,-2.22044604925E-16));
#2541 = ORIENTED_EDGE('',*,*,#592,.F.);
#2542 = ORIENTED_EDGE('',*,*,#2512,.F.);
#2543 = PLANE('',#2544);
#2544 = AXIS2_PLACEMENT_3D('',#2545,#2546,#2547);
#2545 = CARTESIAN_POINT('',(39.457173,-31.,6.808928));
#2546 = DIRECTION('',(0.451111421461,-1.981676241565E-16,-0.892467638308
    ));
#2547 = DIRECTION('',(0.892467638308,1.001668573555E-16,0.451111421461)
  );
#2548 = ADVANCED_FACE('',(#2549),#2567,.F.);
#2549 = FACE_BOUND('',#2550,.F.);
#2550 = EDGE_LOOP('',(#2551,#2559,#2565,#2566));
#2551 = ORIENTED_EDGE('',*,*,#2552,.T.);
#2552 = EDGE_CURVE('',#2529,#2553,#2555,.T.);
#2553 = VERTEX_POINT('',#2554);
#2554 = CARTESIAN_POINT('',(37.212913699598,-8.,11.27695890777));
#2555 = LINE('',#2556,#2557);
#2556 = CARTESIAN_POINT('',(39.759842057395,-8.,6.206352930789));
#2557 = VECTOR('',#2558,1.);
#2558 = DIRECTION('',(-0.448851860078,1.479114197289E-31,0.89360618155)
  );
#2559 = ORIENTED_EDGE('',*,*,#2560,.T.);
#2560 = EDGE_CURVE('',#2553,#576,#2561,.T.);
#2561 = LINE('',#2562,#2563);
#2562 = CARTESIAN_POINT('',(37.212913699599,-31.,11.276958907768));
#2563 = VECTOR('',#2564,1.);
#2564 = DIRECTION('',(0.,1.,-2.22044604925E-16));
#2565 = ORIENTED_EDGE('',*,*,#584,.F.);
#2566 = ORIENTED_EDGE('',*,*,#2536,.F.);
#2567 = PLANE('',#2568);
#2568 = AXIS2_PLACEMENT_3D('',#2569,#2570,#2571);
#2569 = CARTESIAN_POINT('',(37.212913699599,-31.,11.276958907768));
#2570 = DIRECTION('',(-0.89360618155,-9.966513394097E-17,-0.448851860078
    ));
#2571 = DIRECTION('',(0.448851860078,-1.984204315408E-16,-0.89360618155)
  );
#2572 = ADVANCED_FACE('',(#2573),#2592,.F.);
#2573 = FACE_BOUND('',#2574,.T.);
#2574 = EDGE_LOOP('',(#2575,#2576,#2577,#2585));
#2575 = ORIENTED_EDGE('',*,*,#2560,.T.);
#2576 = ORIENTED_EDGE('',*,*,#575,.T.);
#2577 = ORIENTED_EDGE('',*,*,#2578,.F.);
#2578 = EDGE_CURVE('',#2579,#568,#2581,.T.);
#2579 = VERTEX_POINT('',#2580);
#2580 = CARTESIAN_POINT('',(32.856046754256,-8.,9.655782312442));
#2581 = LINE('',#2582,#2583);
#2582 = CARTESIAN_POINT('',(32.856046754256,-31.,9.655782312442));
#2583 = VECTOR('',#2584,1.);
#2584 = DIRECTION('',(0.,1.,-2.22044604925E-16));
#2585 = ORIENTED_EDGE('',*,*,#2586,.F.);
#2586 = EDGE_CURVE('',#2553,#2579,#2587,.T.);
#2587 = CIRCLE('',#2588,28.867513459481);
#2588 = AXIS2_PLACEMENT_3D('',#2589,#2590,#2591);
#2589 = CARTESIAN_POINT('',(24.999999999999,-8.,37.433756729743));
#2590 = DIRECTION('',(0.,1.,-2.22044604925E-16));
#2591 = DIRECTION('',(1.,0.,0.));
#2592 = CYLINDRICAL_SURFACE('',#2593,28.867513459481);
#2593 = AXIS2_PLACEMENT_3D('',#2594,#2595,#2596);
#2594 = CARTESIAN_POINT('',(24.999999999999,8.311963723916E-15,
    37.433756729743));
#2595 = DIRECTION('',(0.,1.,-2.22044604925E-16));
#2596 = DIRECTION('',(1.,0.,0.));
#2597 = ADVANCED_FACE('',(#2598),#2623,.F.);
#2598 = FACE_BOUND('',#2599,.F.);
#2599 = EDGE_LOOP('',(#2600,#2601,#2609,#2615,#2616,#2622));
#2600 = ORIENTED_EDGE('',*,*,#2578,.F.);
#2601 = ORIENTED_EDGE('',*,*,#2602,.T.);
#2602 = EDGE_CURVE('',#2579,#2603,#2605,.T.);
#2603 = VERTEX_POINT('',#2604);
#2604 = CARTESIAN_POINT('',(33.959227816206,-8.,5.));
#2605 = LINE('',#2606,#2607);
#2606 = CARTESIAN_POINT('',(34.410412146769,-8.,3.095855613969));
#2607 = VECTOR('',#2608,1.);
#2608 = DIRECTION('',(0.230564496425,-1.479114197289E-31,-0.973057045084
    ));
#2609 = ORIENTED_EDGE('',*,*,#2610,.T.);
#2610 = EDGE_CURVE('',#2603,#1859,#2611,.T.);
#2611 = LINE('',#2612,#2613);
#2612 = CARTESIAN_POINT('',(33.959227816206,-27.,5.));
#2613 = VECTOR('',#2614,1.);
#2614 = DIRECTION('',(5.261315641987E-17,-1.,1.479114197289E-31));
#2615 = ORIENTED_EDGE('',*,*,#1858,.T.);
#2616 = ORIENTED_EDGE('',*,*,#2617,.T.);
#2617 = EDGE_CURVE('',#1851,#560,#2618,.T.);
#2618 = LINE('',#2619,#2620);
#2619 = CARTESIAN_POINT('',(34.008869236382,-31.,4.79049708702));
#2620 = VECTOR('',#2621,1.);
#2621 = DIRECTION('',(0.,1.,-2.22044604925E-16));
#2622 = ORIENTED_EDGE('',*,*,#567,.F.);
#2623 = PLANE('',#2624);
#2624 = AXIS2_PLACEMENT_3D('',#2625,#2626,#2627);
#2625 = CARTESIAN_POINT('',(34.008869236382,-31.,4.79049708702));
#2626 = DIRECTION('',(0.973057045084,5.119560251848E-17,0.230564496425)
  );
#2627 = DIRECTION('',(-0.230564496425,2.160620671453E-16,0.973057045084)
  );
#2628 = ADVANCED_FACE('',(#2629),#2640,.F.);
#2629 = FACE_BOUND('',#2630,.F.);
#2630 = EDGE_LOOP('',(#2631,#2632,#2638,#2639));
#2631 = ORIENTED_EDGE('',*,*,#1850,.T.);
#2632 = ORIENTED_EDGE('',*,*,#2633,.T.);
#2633 = EDGE_CURVE('',#1843,#552,#2634,.T.);
#2634 = LINE('',#2635,#2636);
#2635 = CARTESIAN_POINT('',(32.262376,-31.,4.354881));
#2636 = VECTOR('',#2637,1.);
#2637 = DIRECTION('',(0.,1.,-2.22044604925E-16));
#2638 = ORIENTED_EDGE('',*,*,#559,.F.);
#2639 = ORIENTED_EDGE('',*,*,#2617,.F.);
#2640 = PLANE('',#2641);
#2641 = AXIS2_PLACEMENT_3D('',#2642,#2643,#2644);
#2642 = CARTESIAN_POINT('',(32.262376,-31.,4.354881));
#2643 = DIRECTION('',(0.242008937233,-2.154441114871E-16,-0.970274020212
    ));
#2644 = DIRECTION('',(0.970274020212,5.373677885633E-17,0.242008937233)
  );
#2645 = ADVANCED_FACE('',(#2646),#2673,.F.);
#2646 = FACE_BOUND('',#2647,.F.);
#2647 = EDGE_LOOP('',(#2648,#2658,#2664,#2665,#2666,#2667));
#2648 = ORIENTED_EDGE('',*,*,#2649,.T.);
#2649 = EDGE_CURVE('',#2650,#2652,#2654,.T.);
#2650 = VERTEX_POINT('',#2651);
#2651 = CARTESIAN_POINT('',(32.109515961505,-8.,5.));
#2652 = VERTEX_POINT('',#2653);
#2653 = CARTESIAN_POINT('',(31.109553517873,-8.,9.220166225421));
#2654 = LINE('',#2655,#2656);
#2655 = CARTESIAN_POINT('',(32.08506368925,-8.,5.103196529192));
#2656 = VECTOR('',#2657,1.);
#2657 = DIRECTION('',(-0.230564496425,1.479114197289E-31,0.973057045084)
  );
#2658 = ORIENTED_EDGE('',*,*,#2659,.T.);
#2659 = EDGE_CURVE('',#2652,#543,#2660,.T.);
#2660 = LINE('',#2661,#2662);
#2661 = CARTESIAN_POINT('',(31.109553517874,-31.,9.220166225421));
#2662 = VECTOR('',#2663,1.);
#2663 = DIRECTION('',(0.,1.,-2.22044604925E-16));
#2664 = ORIENTED_EDGE('',*,*,#551,.F.);
#2665 = ORIENTED_EDGE('',*,*,#2633,.F.);
#2666 = ORIENTED_EDGE('',*,*,#1842,.T.);
#2667 = ORIENTED_EDGE('',*,*,#2668,.T.);
#2668 = EDGE_CURVE('',#1835,#2650,#2669,.T.);
#2669 = LINE('',#2670,#2671);
#2670 = CARTESIAN_POINT('',(32.109515961505,-27.,5.));
#2671 = VECTOR('',#2672,1.);
#2672 = DIRECTION('',(-5.261315641987E-17,1.,-1.479114197289E-31));
#2673 = PLANE('',#2674);
#2674 = AXIS2_PLACEMENT_3D('',#2675,#2676,#2677);
#2675 = CARTESIAN_POINT('',(31.109553517874,-31.,9.220166225421));
#2676 = DIRECTION('',(-0.973057045084,-5.119560251848E-17,
    -0.230564496425));
#2677 = DIRECTION('',(0.230564496425,-2.160620671453E-16,-0.973057045084
    ));
#2678 = ADVANCED_FACE('',(#2679),#2698,.F.);
#2679 = FACE_BOUND('',#2680,.T.);
#2680 = EDGE_LOOP('',(#2681,#2682,#2683,#2691));
#2681 = ORIENTED_EDGE('',*,*,#2659,.T.);
#2682 = ORIENTED_EDGE('',*,*,#542,.T.);
#2683 = ORIENTED_EDGE('',*,*,#2684,.F.);
#2684 = EDGE_CURVE('',#2685,#535,#2687,.T.);
#2685 = VERTEX_POINT('',#2686);
#2686 = CARTESIAN_POINT('',(25.899999999999,-8.,8.580276292657));
#2687 = LINE('',#2688,#2689);
#2688 = CARTESIAN_POINT('',(25.899999999999,-31.,8.580276292657));
#2689 = VECTOR('',#2690,1.);
#2690 = DIRECTION('',(0.,1.,-2.22044604925E-16));
#2691 = ORIENTED_EDGE('',*,*,#2692,.F.);
#2692 = EDGE_CURVE('',#2652,#2685,#2693,.T.);
#2693 = CIRCLE('',#2694,28.867513459481);
#2694 = AXIS2_PLACEMENT_3D('',#2695,#2696,#2697);
#2695 = CARTESIAN_POINT('',(24.999999999999,-8.,37.433756729743));
#2696 = DIRECTION('',(0.,1.,-2.22044604925E-16));
#2697 = DIRECTION('',(1.,0.,0.));
#2698 = CYLINDRICAL_SURFACE('',#2699,28.867513459481);
#2699 = AXIS2_PLACEMENT_3D('',#2700,#2701,#2702);
#2700 = CARTESIAN_POINT('',(24.999999999999,8.311963723916E-15,
    37.433756729743));
#2701 = DIRECTION('',(0.,1.,-2.22044604925E-16));
#2702 = DIRECTION('',(1.,0.,0.));
#2703 = ADVANCED_FACE('',(#2704),#2729,.F.);
#2704 = FACE_BOUND('',#2705,.F.);
#2705 = EDGE_LOOP('',(#2706,#2707,#2715,#2721,#2722,#2728));
#2706 = ORIENTED_EDGE('',*,*,#2684,.F.);
#2707 = ORIENTED_EDGE('',*,*,#2708,.T.);
#2708 = EDGE_CURVE('',#2685,#2709,#2711,.T.);
#2709 = VERTEX_POINT('',#2710);
#2710 = CARTESIAN_POINT('',(25.899999999999,-8.,5.));
#2711 = LINE('',#2712,#2713);
#2712 = CARTESIAN_POINT('',(25.899999999999,-8.,4.290138146328));
#2713 = VECTOR('',#2714,1.);
#2714 = DIRECTION('',(0.,-1.479114197289E-31,-1.));
#2715 = ORIENTED_EDGE('',*,*,#2716,.T.);
#2716 = EDGE_CURVE('',#2709,#1827,#2717,.T.);
#2717 = LINE('',#2718,#2719);
#2718 = CARTESIAN_POINT('',(25.899999999999,-27.,5.));
#2719 = VECTOR('',#2720,1.);
#2720 = DIRECTION('',(0.,-1.,1.479114197289E-31));
#2721 = ORIENTED_EDGE('',*,*,#1826,.T.);
#2722 = ORIENTED_EDGE('',*,*,#2723,.T.);
#2723 = EDGE_CURVE('',#1819,#527,#2724,.T.);
#2724 = LINE('',#2725,#2726);
#2725 = CARTESIAN_POINT('',(25.899999999999,-31.,3.580276292657));
#2726 = VECTOR('',#2727,1.);
#2727 = DIRECTION('',(0.,1.,-2.22044604925E-16));
#2728 = ORIENTED_EDGE('',*,*,#534,.F.);
#2729 = PLANE('',#2730);
#2730 = AXIS2_PLACEMENT_3D('',#2731,#2732,#2733);
#2731 = CARTESIAN_POINT('',(25.899999999999,-31.,3.580276292657));
#2732 = DIRECTION('',(1.,0.,0.));
#2733 = DIRECTION('',(0.,2.22044604925E-16,1.));
#2734 = ADVANCED_FACE('',(#2735),#2746,.F.);
#2735 = FACE_BOUND('',#2736,.F.);
#2736 = EDGE_LOOP('',(#2737,#2738,#2744,#2745));
#2737 = ORIENTED_EDGE('',*,*,#1818,.T.);
#2738 = ORIENTED_EDGE('',*,*,#2739,.T.);
#2739 = EDGE_CURVE('',#1811,#519,#2740,.T.);
#2740 = LINE('',#2741,#2742);
#2741 = CARTESIAN_POINT('',(24.099999999999,-31.,3.580276292657));
#2742 = VECTOR('',#2743,1.);
#2743 = DIRECTION('',(0.,1.,-2.22044604925E-16));
#2744 = ORIENTED_EDGE('',*,*,#526,.F.);
#2745 = ORIENTED_EDGE('',*,*,#2723,.F.);
#2746 = PLANE('',#2747);
#2747 = AXIS2_PLACEMENT_3D('',#2748,#2749,#2750);
#2748 = CARTESIAN_POINT('',(24.099999999999,-31.,3.580276292657));
#2749 = DIRECTION('',(0.,-2.22044604925E-16,-1.));
#2750 = DIRECTION('',(1.,0.,0.));
#2751 = ADVANCED_FACE('',(#2752),#2779,.F.);
#2752 = FACE_BOUND('',#2753,.F.);
#2753 = EDGE_LOOP('',(#2754,#2764,#2770,#2771,#2772,#2773));
#2754 = ORIENTED_EDGE('',*,*,#2755,.T.);
#2755 = EDGE_CURVE('',#2756,#2758,#2760,.T.);
#2756 = VERTEX_POINT('',#2757);
#2757 = CARTESIAN_POINT('',(24.099999999999,-8.,5.));
#2758 = VERTEX_POINT('',#2759);
#2759 = CARTESIAN_POINT('',(24.099999999999,-8.,8.580276292657));
#2760 = LINE('',#2761,#2762);
#2761 = CARTESIAN_POINT('',(24.099999999999,-8.,6.790138146328));
#2762 = VECTOR('',#2763,1.);
#2763 = DIRECTION('',(0.,1.479114197289E-31,1.));
#2764 = ORIENTED_EDGE('',*,*,#2765,.T.);
#2765 = EDGE_CURVE('',#2758,#510,#2766,.T.);
#2766 = LINE('',#2767,#2768);
#2767 = CARTESIAN_POINT('',(24.099999999999,-31.,8.580276292657));
#2768 = VECTOR('',#2769,1.);
#2769 = DIRECTION('',(0.,1.,-2.22044604925E-16));
#2770 = ORIENTED_EDGE('',*,*,#518,.F.);
#2771 = ORIENTED_EDGE('',*,*,#2739,.F.);
#2772 = ORIENTED_EDGE('',*,*,#1810,.T.);
#2773 = ORIENTED_EDGE('',*,*,#2774,.T.);
#2774 = EDGE_CURVE('',#1803,#2756,#2775,.T.);
#2775 = LINE('',#2776,#2777);
#2776 = CARTESIAN_POINT('',(24.099999999999,-27.,5.));
#2777 = VECTOR('',#2778,1.);
#2778 = DIRECTION('',(0.,1.,-1.479114197289E-31));
#2779 = PLANE('',#2780);
#2780 = AXIS2_PLACEMENT_3D('',#2781,#2782,#2783);
#2781 = CARTESIAN_POINT('',(24.099999999999,-31.,8.580276292657));
#2782 = DIRECTION('',(-1.,0.,-0.));
#2783 = DIRECTION('',(0.,-2.22044604925E-16,-1.));
#2784 = ADVANCED_FACE('',(#2785),#2804,.F.);
#2785 = FACE_BOUND('',#2786,.T.);
#2786 = EDGE_LOOP('',(#2787,#2788,#2789,#2797));
#2787 = ORIENTED_EDGE('',*,*,#2765,.T.);
#2788 = ORIENTED_EDGE('',*,*,#509,.T.);
#2789 = ORIENTED_EDGE('',*,*,#2790,.F.);
#2790 = EDGE_CURVE('',#2791,#502,#2793,.T.);
#2791 = VERTEX_POINT('',#2792);
#2792 = CARTESIAN_POINT('',(19.14818230644,-8.,9.165584468085));
#2793 = LINE('',#2794,#2795);
#2794 = CARTESIAN_POINT('',(19.148182306439,-31.,9.165584468083));
#2795 = VECTOR('',#2796,1.);
#2796 = DIRECTION('',(0.,1.,-2.22044604925E-16));
#2797 = ORIENTED_EDGE('',*,*,#2798,.F.);
#2798 = EDGE_CURVE('',#2758,#2791,#2799,.T.);
#2799 = CIRCLE('',#2800,28.867513459481);
#2800 = AXIS2_PLACEMENT_3D('',#2801,#2802,#2803);
#2801 = CARTESIAN_POINT('',(24.999999999999,-8.,37.433756729743));
#2802 = DIRECTION('',(0.,1.,-2.22044604925E-16));
#2803 = DIRECTION('',(1.,0.,0.));
#2804 = CYLINDRICAL_SURFACE('',#2805,28.867513459481);
#2805 = AXIS2_PLACEMENT_3D('',#2806,#2807,#2808);
#2806 = CARTESIAN_POINT('',(24.999999999999,8.311963723916E-15,
    37.433756729743));
#2807 = DIRECTION('',(0.,1.,-2.22044604925E-16));
#2808 = DIRECTION('',(1.,0.,0.));
#2809 = ADVANCED_FACE('',(#2810),#2835,.F.);
#2810 = FACE_BOUND('',#2811,.F.);
#2811 = EDGE_LOOP('',(#2812,#2813,#2821,#2827,#2828,#2834));
#2812 = ORIENTED_EDGE('',*,*,#2790,.F.);
#2813 = ORIENTED_EDGE('',*,*,#2814,.T.);
#2814 = EDGE_CURVE('',#2791,#2815,#2817,.T.);
#2815 = VERTEX_POINT('',#2816);
#2816 = CARTESIAN_POINT('',(18.160913459936,-8.,5.));
#2817 = LINE('',#2818,#2819);
#2818 = CARTESIAN_POINT('',(18.924675801182,-8.,8.222543238623));
#2819 = VECTOR('',#2820,1.);
#2820 = DIRECTION('',(-0.230617461287,-1.479114197289E-31,
    -0.973044493613));
#2821 = ORIENTED_EDGE('',*,*,#2822,.T.);
#2822 = EDGE_CURVE('',#2815,#1795,#2823,.T.);
#2823 = LINE('',#2824,#2825);
#2824 = CARTESIAN_POINT('',(18.160913459936,-27.,5.));
#2825 = VECTOR('',#2826,1.);
#2826 = DIRECTION('',(-5.26259214418E-17,-1.,1.972152263053E-31));
#2827 = ORIENTED_EDGE('',*,*,#1794,.T.);
#2828 = ORIENTED_EDGE('',*,*,#2829,.T.);
#2829 = EDGE_CURVE('',#1787,#494,#2830,.T.);
#2830 = LINE('',#2831,#2832);
#2831 = CARTESIAN_POINT('',(17.995095,-31.,4.300362));
#2832 = VECTOR('',#2833,1.);
#2833 = DIRECTION('',(0.,1.,-2.22044604925E-16));
#2834 = ORIENTED_EDGE('',*,*,#501,.F.);
#2835 = PLANE('',#2836);
#2836 = AXIS2_PLACEMENT_3D('',#2837,#2838,#2839);
#2837 = CARTESIAN_POINT('',(17.995095,-31.,4.300362));
#2838 = DIRECTION('',(0.973044493613,-5.120736308023E-17,-0.230617461287
    ));
#2839 = DIRECTION('',(0.230617461287,2.160592801587E-16,0.973044493613)
  );
#2840 = ADVANCED_FACE('',(#2841),#2852,.F.);
#2841 = FACE_BOUND('',#2842,.F.);
#2842 = EDGE_LOOP('',(#2843,#2844,#2850,#2851));
#2843 = ORIENTED_EDGE('',*,*,#1786,.T.);
#2844 = ORIENTED_EDGE('',*,*,#2845,.T.);
#2845 = EDGE_CURVE('',#1779,#486,#2846,.T.);
#2846 = LINE('',#2847,#2848);
#2847 = CARTESIAN_POINT('',(16.244698998053,-31.,4.720021190737));
#2848 = VECTOR('',#2849,1.);
#2849 = DIRECTION('',(0.,1.,-2.22044604925E-16));
#2850 = ORIENTED_EDGE('',*,*,#493,.F.);
#2851 = ORIENTED_EDGE('',*,*,#2829,.F.);
#2852 = PLANE('',#2853);
#2853 = AXIS2_PLACEMENT_3D('',#2854,#2855,#2856);
#2854 = CARTESIAN_POINT('',(16.244698998053,-31.,4.720021190737));
#2855 = DIRECTION('',(-0.233143994854,-2.159255492859E-16,
    -0.972442223304));
#2856 = DIRECTION('',(0.972442223304,-5.176836622791E-17,-0.233143994854
    ));
#2857 = ADVANCED_FACE('',(#2858),#2876,.F.);
#2858 = FACE_BOUND('',#2859,.F.);
#2859 = EDGE_LOOP('',(#2860,#2861,#2867,#2868,#2869,#2870));
#2860 = ORIENTED_EDGE('',*,*,#2074,.T.);
#2861 = ORIENTED_EDGE('',*,*,#2862,.T.);
#2862 = EDGE_CURVE('',#2077,#477,#2863,.T.);
#2863 = LINE('',#2864,#2865);
#2864 = CARTESIAN_POINT('',(17.397786304492,-31.,9.58524365882));
#2865 = VECTOR('',#2866,1.);
#2866 = DIRECTION('',(0.,1.,-2.22044604925E-16));
#2867 = ORIENTED_EDGE('',*,*,#485,.F.);
#2868 = ORIENTED_EDGE('',*,*,#2845,.F.);
#2869 = ORIENTED_EDGE('',*,*,#1778,.T.);
#2870 = ORIENTED_EDGE('',*,*,#2871,.T.);
#2871 = EDGE_CURVE('',#1771,#2075,#2872,.T.);
#2872 = LINE('',#2873,#2874);
#2873 = CARTESIAN_POINT('',(16.311055678175,-27.,5.));
#2874 = VECTOR('',#2875,1.);
#2875 = DIRECTION('',(5.26259214418E-17,1.,-1.972152263053E-31));
#2876 = PLANE('',#2877);
#2877 = AXIS2_PLACEMENT_3D('',#2878,#2879,#2880);
#2878 = CARTESIAN_POINT('',(17.397786304492,-31.,9.58524365882));
#2879 = DIRECTION('',(-0.973044493613,5.120736308023E-17,0.230617461287)
  );
#2880 = DIRECTION('',(-0.230617461287,-2.160592801587E-16,
    -0.973044493613));
#2881 = ADVANCED_FACE('',(#2882),#2893,.F.);
#2882 = FACE_BOUND('',#2883,.T.);
#2883 = EDGE_LOOP('',(#2884,#2885,#2886,#2892));
#2884 = ORIENTED_EDGE('',*,*,#2862,.T.);
#2885 = ORIENTED_EDGE('',*,*,#476,.T.);
#2886 = ORIENTED_EDGE('',*,*,#2887,.F.);
#2887 = EDGE_CURVE('',#2163,#469,#2888,.T.);
#2888 = LINE('',#2889,#2890);
#2889 = CARTESIAN_POINT('',(12.786831627377,-31.,11.27707781908));
#2890 = VECTOR('',#2891,1.);
#2891 = DIRECTION('',(0.,1.,-2.22044604925E-16));
#2892 = ORIENTED_EDGE('',*,*,#2170,.F.);
#2893 = CYLINDRICAL_SURFACE('',#2894,28.867513459481);
#2894 = AXIS2_PLACEMENT_3D('',#2895,#2896,#2897);
#2895 = CARTESIAN_POINT('',(24.999999999999,8.311963723916E-15,
    37.433756729743));
#2896 = DIRECTION('',(0.,1.,-2.22044604925E-16));
#2897 = DIRECTION('',(1.,0.,0.));
#2898 = ADVANCED_FACE('',(#2899),#2910,.F.);
#2899 = FACE_BOUND('',#2900,.F.);
#2900 = EDGE_LOOP('',(#2901,#2902,#2908,#2909));
#2901 = ORIENTED_EDGE('',*,*,#2162,.T.);
#2902 = ORIENTED_EDGE('',*,*,#2903,.T.);
#2903 = EDGE_CURVE('',#2155,#461,#2904,.T.);
#2904 = LINE('',#2905,#2906);
#2905 = CARTESIAN_POINT('',(10.542827,-31.,6.808919));
#2906 = VECTOR('',#2907,1.);
#2907 = DIRECTION('',(0.,1.,-2.22044604925E-16));
#2908 = ORIENTED_EDGE('',*,*,#468,.F.);
#2909 = ORIENTED_EDGE('',*,*,#2887,.F.);
#2910 = PLANE('',#2911);
#2911 = AXIS2_PLACEMENT_3D('',#2912,#2913,#2914);
#2912 = CARTESIAN_POINT('',(10.542827,-31.,6.808919));
#2913 = DIRECTION('',(0.893631763812,-9.965382418673E-17,-0.448800925473
    ));
#2914 = DIRECTION('',(0.448800925473,1.984261119442E-16,0.893631763812)
  );
#2915 = ADVANCED_FACE('',(#2916),#2927,.F.);
#2916 = FACE_BOUND('',#2917,.F.);
#2917 = EDGE_LOOP('',(#2918,#2919,#2925,#2926));
#2918 = ORIENTED_EDGE('',*,*,#2154,.T.);
#2919 = ORIENTED_EDGE('',*,*,#2920,.T.);
#2920 = EDGE_CURVE('',#2147,#453,#2921,.T.);
#2921 = LINE('',#2922,#2923);
#2922 = CARTESIAN_POINT('',(8.936393157101,-31.,7.620935199585));
#2923 = VECTOR('',#2924,1.);
#2924 = DIRECTION('',(0.,1.,-2.22044604925E-16));
#2925 = ORIENTED_EDGE('',*,*,#460,.F.);
#2926 = ORIENTED_EDGE('',*,*,#2903,.F.);
#2927 = PLANE('',#2928);
#2928 = AXIS2_PLACEMENT_3D('',#2929,#2930,#2931);
#2929 = CARTESIAN_POINT('',(8.936393157101,-31.,7.620935199585));
#2930 = DIRECTION('',(-0.451120110881,-1.981666488804E-16,
    -0.892463246055));
#2931 = DIRECTION('',(0.892463246055,-1.001687867942E-16,-0.451120110881
    ));
#2932 = ADVANCED_FACE('',(#2933),#2944,.F.);
#2933 = FACE_BOUND('',#2934,.F.);
#2934 = EDGE_LOOP('',(#2935,#2936,#2942,#2943));
#2935 = ORIENTED_EDGE('',*,*,#2146,.T.);
#2936 = ORIENTED_EDGE('',*,*,#2937,.T.);
#2937 = EDGE_CURVE('',#2138,#444,#2938,.T.);
#2938 = LINE('',#2939,#2940);
#2939 = CARTESIAN_POINT('',(11.180397784477,-31.,12.089094018666));
#2940 = VECTOR('',#2941,1.);
#2941 = DIRECTION('',(0.,1.,-2.22044604925E-16));
#2942 = ORIENTED_EDGE('',*,*,#452,.F.);
#2943 = ORIENTED_EDGE('',*,*,#2920,.F.);
#2944 = PLANE('',#2945);
#2945 = AXIS2_PLACEMENT_3D('',#2946,#2947,#2948);
#2946 = CARTESIAN_POINT('',(11.180397784477,-31.,12.089094018666));
#2947 = DIRECTION('',(-0.893631763812,9.965382418673E-17,0.448800925473)
  );
#2948 = DIRECTION('',(-0.448800925473,-1.984261119442E-16,
    -0.893631763812));
#2949 = ADVANCED_FACE('',(#2950),#2961,.F.);
#2950 = FACE_BOUND('',#2951,.T.);
#2951 = EDGE_LOOP('',(#2952,#2953,#2954,#2960));
#2952 = ORIENTED_EDGE('',*,*,#2937,.T.);
#2953 = ORIENTED_EDGE('',*,*,#443,.T.);
#2954 = ORIENTED_EDGE('',*,*,#2955,.F.);
#2955 = EDGE_CURVE('',#2130,#436,#2956,.T.);
#2956 = LINE('',#2957,#2958);
#2957 = CARTESIAN_POINT('',(7.083887617418,-31.,14.798689899087));
#2958 = VECTOR('',#2959,1.);
#2959 = DIRECTION('',(0.,1.,-2.22044604925E-16));
#2960 = ORIENTED_EDGE('',*,*,#2137,.F.);
#2961 = CYLINDRICAL_SURFACE('',#2962,28.867513459481);
#2962 = AXIS2_PLACEMENT_3D('',#2963,#2964,#2965);
#2963 = CARTESIAN_POINT('',(24.999999999999,8.311963723916E-15,
    37.433756729743));
#2964 = DIRECTION('',(0.,1.,-2.22044604925E-16));
#2965 = DIRECTION('',(1.,0.,0.));
#2966 = ADVANCED_FACE('',(#2967),#2978,.F.);
#2967 = FACE_BOUND('',#2968,.F.);
#2968 = EDGE_LOOP('',(#2969,#2970,#2976,#2977));
#2969 = ORIENTED_EDGE('',*,*,#2129,.T.);
#2970 = ORIENTED_EDGE('',*,*,#2971,.T.);
#2971 = EDGE_CURVE('',#2122,#428,#2972,.T.);
#2972 = LINE('',#2973,#2974);
#2973 = CARTESIAN_POINT('',(3.869948,-31.,10.968469));
#2974 = VECTOR('',#2975,1.);
#2975 = DIRECTION('',(0.,1.,-2.22044604925E-16));
#2976 = ORIENTED_EDGE('',*,*,#435,.F.);
#2977 = ORIENTED_EDGE('',*,*,#2955,.F.);
#2978 = PLANE('',#2979);
#2979 = AXIS2_PLACEMENT_3D('',#2980,#2981,#2982);
#2980 = CARTESIAN_POINT('',(3.869948,-31.,10.968469));
#2981 = DIRECTION('',(0.766044179814,-1.427275905199E-16,-0.642787923481
    ));
#2982 = DIRECTION('',(0.642787923481,1.70095977262E-16,0.766044179814));
#2983 = ADVANCED_FACE('',(#2984),#2995,.F.);
#2984 = FACE_BOUND('',#2985,.F.);
#2985 = EDGE_LOOP('',(#2986,#2987,#2993,#2994));
#2986 = ORIENTED_EDGE('',*,*,#2121,.T.);
#2987 = ORIENTED_EDGE('',*,*,#2988,.T.);
#2988 = EDGE_CURVE('',#2114,#420,#2989,.T.);
#2989 = LINE('',#2990,#2991);
#2990 = CARTESIAN_POINT('',(2.494079933212,-31.,12.1290667179));
#2991 = VECTOR('',#2992,1.);
#2992 = DIRECTION('',(0.,1.,-2.22044604925E-16));
#2993 = ORIENTED_EDGE('',*,*,#427,.F.);
#2994 = ORIENTED_EDGE('',*,*,#2971,.F.);
#2995 = PLANE('',#2996);
#2996 = AXIS2_PLACEMENT_3D('',#2997,#2998,#2999);
#2997 = CARTESIAN_POINT('',(2.494079933212,-31.,12.1290667179));
#2998 = DIRECTION('',(-0.644776509944,-1.697244896216E-16,
    -0.764371148215));
#2999 = DIRECTION('',(0.764371148215,-1.431691454155E-16,-0.644776509944
    ));
#3000 = ADVANCED_FACE('',(#3001),#3012,.F.);
#3001 = FACE_BOUND('',#3002,.F.);
#3002 = EDGE_LOOP('',(#3003,#3004,#3010,#3011));
#3003 = ORIENTED_EDGE('',*,*,#2113,.T.);
#3004 = ORIENTED_EDGE('',*,*,#3005,.T.);
#3005 = EDGE_CURVE('',#2105,#411,#3006,.T.);
#3006 = LINE('',#3007,#3008);
#3007 = CARTESIAN_POINT('',(5.70801955063,-31.,15.959287616987));
#3008 = VECTOR('',#3009,1.);
#3009 = DIRECTION('',(0.,1.,-2.22044604925E-16));
#3010 = ORIENTED_EDGE('',*,*,#419,.F.);
#3011 = ORIENTED_EDGE('',*,*,#2988,.F.);
#3012 = PLANE('',#3013);
#3013 = AXIS2_PLACEMENT_3D('',#3014,#3015,#3016);
#3014 = CARTESIAN_POINT('',(5.70801955063,-31.,15.959287616987));
#3015 = DIRECTION('',(-0.766044179814,1.427275905199E-16,0.642787923481)
  );
#3016 = DIRECTION('',(-0.642787923481,-1.70095977262E-16,-0.766044179814
    ));
#3017 = ADVANCED_FACE('',(#3018),#3024,.F.);
#3018 = FACE_BOUND('',#3019,.T.);
#3019 = EDGE_LOOP('',(#3020,#3021,#3022,#3023));
#3020 = ORIENTED_EDGE('',*,*,#3005,.T.);
#3021 = ORIENTED_EDGE('',*,*,#410,.T.);
#3022 = ORIENTED_EDGE('',*,*,#2051,.T.);
#3023 = ORIENTED_EDGE('',*,*,#2104,.F.);
#3024 = CYLINDRICAL_SURFACE('',#3025,28.867513459481);
#3025 = AXIS2_PLACEMENT_3D('',#3026,#3027,#3028);
#3026 = CARTESIAN_POINT('',(24.999999999999,8.311963723916E-15,
    37.433756729743));
#3027 = DIRECTION('',(0.,1.,-2.22044604925E-16));
#3028 = DIRECTION('',(1.,0.,0.));
#3029 = ADVANCED_FACE('',(#3030),#3062,.F.);
#3030 = FACE_BOUND('',#3031,.F.);
#3031 = EDGE_LOOP('',(#3032,#3033,#3039,#3045,#3051,#3052,#3053,#3054,
    #3055,#3056,#3057,#3058,#3059,#3060,#3061));
#3032 = ORIENTED_EDGE('',*,*,#779,.F.);
#3033 = ORIENTED_EDGE('',*,*,#3034,.T.);
#3034 = EDGE_CURVE('',#772,#2018,#3035,.T.);
#3035 = LINE('',#3036,#3037);
#3036 = CARTESIAN_POINT('',(49.999999999996,-8.,5.));
#3037 = VECTOR('',#3038,1.);
#3038 = DIRECTION('',(-1.,3.284293275761E-47,2.22044604925E-16));
#3039 = ORIENTED_EDGE('',*,*,#3040,.T.);
#3040 = EDGE_CURVE('',#2018,#1891,#3041,.T.);
#3041 = LINE('',#3042,#3043);
#3042 = CARTESIAN_POINT('',(49.999999999996,-8.,5.));
#3043 = VECTOR('',#3044,1.);
#3044 = DIRECTION('',(-1.,3.284293275761E-47,2.22044604925E-16));
#3045 = ORIENTED_EDGE('',*,*,#3046,.T.);
#3046 = EDGE_CURVE('',#1891,#2603,#3047,.T.);
#3047 = LINE('',#3048,#3049);
#3048 = CARTESIAN_POINT('',(49.999999999996,-8.,5.));
#3049 = VECTOR('',#3050,1.);
#3050 = DIRECTION('',(-1.,3.284293275761E-47,2.22044604925E-16));
#3051 = ORIENTED_EDGE('',*,*,#2602,.F.);
#3052 = ORIENTED_EDGE('',*,*,#2586,.F.);
#3053 = ORIENTED_EDGE('',*,*,#2552,.F.);
#3054 = ORIENTED_EDGE('',*,*,#2528,.F.);
#3055 = ORIENTED_EDGE('',*,*,#2504,.F.);
#3056 = ORIENTED_EDGE('',*,*,#2489,.F.);
#3057 = ORIENTED_EDGE('',*,*,#2455,.F.);
#3058 = ORIENTED_EDGE('',*,*,#2431,.F.);
#3059 = ORIENTED_EDGE('',*,*,#2407,.F.);
#3060 = ORIENTED_EDGE('',*,*,#2392,.F.);
#3061 = ORIENTED_EDGE('',*,*,#2367,.F.);
#3062 = PLANE('',#3063);
#3063 = AXIS2_PLACEMENT_3D('',#3064,#3065,#3066);
#3064 = CARTESIAN_POINT('',(49.999999999996,-8.,5.));
#3065 = DIRECTION('',(0.,1.,-1.479114197289E-31));
#3066 = DIRECTION('',(2.22044604925E-16,1.479114197289E-31,1.));
#3067 = ADVANCED_FACE('',(#3068),#3079,.F.);
#3068 = FACE_BOUND('',#3069,.F.);
#3069 = EDGE_LOOP('',(#3070,#3071,#3077,#3078));
#3070 = ORIENTED_EDGE('',*,*,#771,.F.);
#3071 = ORIENTED_EDGE('',*,*,#3072,.T.);
#3072 = EDGE_CURVE('',#764,#2026,#3073,.T.);
#3073 = LINE('',#3074,#3075);
#3074 = CARTESIAN_POINT('',(49.999999999996,-23.,5.));
#3075 = VECTOR('',#3076,1.);
#3076 = DIRECTION('',(-1.,3.284293275761E-47,2.22044604925E-16));
#3077 = ORIENTED_EDGE('',*,*,#2025,.F.);
#3078 = ORIENTED_EDGE('',*,*,#3034,.F.);
#3079 = PLANE('',#3080);
#3080 = AXIS2_PLACEMENT_3D('',#3081,#3082,#3083);
#3081 = CARTESIAN_POINT('',(49.999999999996,-23.,5.));
#3082 = DIRECTION('',(-2.22044604925E-16,-1.479114197289E-31,-1.));
#3083 = DIRECTION('',(0.,1.,-1.479114197289E-31));
#3084 = ADVANCED_FACE('',(#3085),#3193,.F.);
#3085 = FACE_BOUND('',#3086,.F.);
#3086 = EDGE_LOOP('',(#3087,#3088,#3097,#3106,#3114,#3122,#3130,#3139,
    #3147,#3155,#3163,#3172,#3180,#3186,#3192));
#3087 = ORIENTED_EDGE('',*,*,#763,.F.);
#3088 = ORIENTED_EDGE('',*,*,#3089,.T.);
#3089 = EDGE_CURVE('',#756,#3090,#3092,.T.);
#3090 = VERTEX_POINT('',#3091);
#3091 = CARTESIAN_POINT('',(46.509760105539,-23.,18.18113214151));
#3092 = CIRCLE('',#3093,2.);
#3093 = AXIS2_PLACEMENT_3D('',#3094,#3095,#3096);
#3094 = CARTESIAN_POINT('',(47.999999999996,-23.,16.847271182875));
#3095 = DIRECTION('',(-1.232595164408E-32,-1.,2.22044604925E-16));
#3096 = DIRECTION('',(-0.745119947228,1.480883147925E-16,0.666930479317)
  );
#3097 = ORIENTED_EDGE('',*,*,#3098,.T.);
#3098 = EDGE_CURVE('',#3090,#3099,#3101,.T.);
#3099 = VERTEX_POINT('',#3100);
#3100 = CARTESIAN_POINT('',(44.291983657754,-23.,15.959290499303));
#3101 = CIRCLE('',#3102,28.867513459481);
#3102 = AXIS2_PLACEMENT_3D('',#3103,#3104,#3105);
#3103 = CARTESIAN_POINT('',(24.999999999999,-23.,37.433756729743));
#3104 = DIRECTION('',(0.,1.,-2.22044604925E-16));
#3105 = DIRECTION('',(1.,0.,0.));
#3106 = ORIENTED_EDGE('',*,*,#3107,.F.);
#3107 = EDGE_CURVE('',#3108,#3099,#3110,.T.);
#3108 = VERTEX_POINT('',#3109);
#3109 = CARTESIAN_POINT('',(47.505918893389,-23.,12.129065923461));
#3110 = LINE('',#3111,#3112);
#3111 = CARTESIAN_POINT('',(45.590922635756,-23.,14.41127299699));
#3112 = VECTOR('',#3113,1.);
#3113 = DIRECTION('',(-0.642787047124,1.232595164408E-31,0.766044915165)
  );
#3114 = ORIENTED_EDGE('',*,*,#3115,.F.);
#3115 = EDGE_CURVE('',#3116,#3108,#3118,.T.);
#3116 = VERTEX_POINT('',#3117);
#3117 = CARTESIAN_POINT('',(46.130051,-23.,10.968468));
#3118 = LINE('',#3119,#3120);
#3119 = CARTESIAN_POINT('',(49.979022685542,-23.,14.215224877725));
#3120 = VECTOR('',#3121,1.);
#3121 = DIRECTION('',(0.764371051883,9.860761315263E-32,0.644776624145)
  );
#3122 = ORIENTED_EDGE('',*,*,#3123,.F.);
#3123 = EDGE_CURVE('',#3124,#3116,#3126,.T.);
#3124 = VERTEX_POINT('',#3125);
#3125 = CARTESIAN_POINT('',(42.916115764364,-23.,14.79869257584));
#3126 = LINE('',#3127,#3128);
#3127 = CARTESIAN_POINT('',(42.606582977986,-23.,15.167579936193));
#3128 = VECTOR('',#3129,1.);
#3129 = DIRECTION('',(0.642787047124,-1.232595164408E-31,-0.766044915165
    ));
#3130 = ORIENTED_EDGE('',*,*,#3131,.T.);
#3131 = EDGE_CURVE('',#3124,#3132,#3134,.T.);
#3132 = VERTEX_POINT('',#3133);
#3133 = CARTESIAN_POINT('',(38.819355448553,-23.,12.0889594664));
#3134 = CIRCLE('',#3135,28.867513459481);
#3135 = AXIS2_PLACEMENT_3D('',#3136,#3137,#3138);
#3136 = CARTESIAN_POINT('',(24.999999999999,-23.,37.433756729743));
#3137 = DIRECTION('',(0.,1.,-2.22044604925E-16));
#3138 = DIRECTION('',(1.,0.,0.));
#3139 = ORIENTED_EDGE('',*,*,#3140,.F.);
#3140 = EDGE_CURVE('',#3141,#3132,#3143,.T.);
#3141 = VERTEX_POINT('',#3142);
#3142 = CARTESIAN_POINT('',(41.063614748955,-23.,7.62092855863));
#3143 = LINE('',#3144,#3145);
#3144 = CARTESIAN_POINT('',(39.080112798607,-23.,11.569825202699));
#3145 = VECTOR('',#3146,1.);
#3146 = DIRECTION('',(-0.448851860078,1.479114197289E-31,0.89360618155)
  );
#3147 = ORIENTED_EDGE('',*,*,#3148,.F.);
#3148 = EDGE_CURVE('',#3149,#3141,#3151,.T.);
#3149 = VERTEX_POINT('',#3150);
#3150 = CARTESIAN_POINT('',(39.457173,-23.,6.808928));
#3151 = LINE('',#3152,#3153);
#3152 = CARTESIAN_POINT('',(46.713826473374,-23.,10.476914516161));
#3153 = VECTOR('',#3154,1.);
#3154 = DIRECTION('',(0.892467638308,7.395570986447E-32,0.451111421461)
  );
#3155 = ORIENTED_EDGE('',*,*,#3156,.F.);
#3156 = EDGE_CURVE('',#3157,#3149,#3159,.T.);
#3157 = VERTEX_POINT('',#3158);
#3158 = CARTESIAN_POINT('',(37.212913699598,-23.,11.27695890777));
#3159 = LINE('',#3160,#3161);
#3160 = CARTESIAN_POINT('',(36.350519284883,-23.,12.993874996274));
#3161 = VECTOR('',#3162,1.);
#3162 = DIRECTION('',(0.448851860078,-1.479114197289E-31,-0.89360618155)
  );
#3163 = ORIENTED_EDGE('',*,*,#3164,.T.);
#3164 = EDGE_CURVE('',#3157,#3165,#3167,.T.);
#3165 = VERTEX_POINT('',#3166);
#3166 = CARTESIAN_POINT('',(32.856046754256,-23.,9.655782312442));
#3167 = CIRCLE('',#3168,28.867513459481);
#3168 = AXIS2_PLACEMENT_3D('',#3169,#3170,#3171);
#3169 = CARTESIAN_POINT('',(24.999999999999,-23.,37.433756729743));
#3170 = DIRECTION('',(0.,1.,-2.22044604925E-16));
#3171 = DIRECTION('',(1.,0.,0.));
#3172 = ORIENTED_EDGE('',*,*,#3173,.F.);
#3173 = EDGE_CURVE('',#3174,#3165,#3176,.T.);
#3174 = VERTEX_POINT('',#3175);
#3175 = CARTESIAN_POINT('',(33.959227816206,-23.,5.));
#3176 = LINE('',#3177,#3178);
#3177 = CARTESIAN_POINT('',(32.503416682229,-23.,11.143995724369));
#3178 = VECTOR('',#3179,1.);
#3179 = DIRECTION('',(-0.230564496425,1.479114197289E-31,0.973057045084)
  );
#3180 = ORIENTED_EDGE('',*,*,#3181,.F.);
#3181 = EDGE_CURVE('',#1962,#3174,#3182,.T.);
#3182 = LINE('',#3183,#3184);
#3183 = CARTESIAN_POINT('',(49.999999999996,-23.,5.));
#3184 = VECTOR('',#3185,1.);
#3185 = DIRECTION('',(-1.,3.284293275761E-47,2.22044604925E-16));
#3186 = ORIENTED_EDGE('',*,*,#3187,.F.);
#3187 = EDGE_CURVE('',#2026,#1962,#3188,.T.);
#3188 = LINE('',#3189,#3190);
#3189 = CARTESIAN_POINT('',(49.999999999996,-23.,5.));
#3190 = VECTOR('',#3191,1.);
#3191 = DIRECTION('',(-1.,3.284293275761E-47,2.22044604925E-16));
#3192 = ORIENTED_EDGE('',*,*,#3072,.F.);
#3193 = PLANE('',#3194);
#3194 = AXIS2_PLACEMENT_3D('',#3195,#3196,#3197);
#3195 = CARTESIAN_POINT('',(49.999999999996,-23.,22.));
#3196 = DIRECTION('',(0.,-1.,1.479114197289E-31));
#3197 = DIRECTION('',(-2.22044604925E-16,-1.479114197289E-31,-1.));
#3198 = ADVANCED_FACE('',(#3199),#3210,.T.);
#3199 = FACE_BOUND('',#3200,.F.);
#3200 = EDGE_LOOP('',(#3201,#3207,#3208,#3209));
#3201 = ORIENTED_EDGE('',*,*,#3202,.F.);
#3202 = EDGE_CURVE('',#3090,#874,#3203,.T.);
#3203 = LINE('',#3204,#3205);
#3204 = CARTESIAN_POINT('',(46.509760105539,4.037022303451E-15,
    18.18113214151));
#3205 = VECTOR('',#3206,1.);
#3206 = DIRECTION('',(0.,-1.,2.22044604925E-16));
#3207 = ORIENTED_EDGE('',*,*,#3089,.F.);
#3208 = ORIENTED_EDGE('',*,*,#755,.T.);
#3209 = ORIENTED_EDGE('',*,*,#873,.T.);
#3210 = CYLINDRICAL_SURFACE('',#3211,2.);
#3211 = AXIS2_PLACEMENT_3D('',#3212,#3213,#3214);
#3212 = CARTESIAN_POINT('',(47.999999999996,3.740845673866E-15,
    16.847271182875));
#3213 = DIRECTION('',(0.,-1.,2.22044604925E-16));
#3214 = DIRECTION('',(-0.745119947228,1.480883147925E-16,0.666930479317)
  );
#3215 = ADVANCED_FACE('',(#3216),#3222,.F.);
#3216 = FACE_BOUND('',#3217,.F.);
#3217 = EDGE_LOOP('',(#3218,#3219,#3220,#3221));
#3218 = ORIENTED_EDGE('',*,*,#739,.F.);
#3219 = ORIENTED_EDGE('',*,*,#817,.T.);
#3220 = ORIENTED_EDGE('',*,*,#840,.F.);
#3221 = ORIENTED_EDGE('',*,*,#866,.F.);
#3222 = PLANE('',#3223);
#3223 = AXIS2_PLACEMENT_3D('',#3224,#3225,#3226);
#3224 = CARTESIAN_POINT('',(49.999999999996,-31.,5.));
#3225 = DIRECTION('',(-2.22044604925E-16,-1.479114197289E-31,-1.));
#3226 = DIRECTION('',(0.,1.,-1.479114197289E-31));
#3227 = ADVANCED_FACE('',(#3228),#3239,.F.);
#3228 = FACE_BOUND('',#3229,.T.);
#3229 = EDGE_LOOP('',(#3230,#3236,#3237,#3238));
#3230 = ORIENTED_EDGE('',*,*,#3231,.T.);
#3231 = EDGE_CURVE('',#1106,#2277,#3232,.T.);
#3232 = LINE('',#3233,#3234);
#3233 = CARTESIAN_POINT('',(5.70801955063,-31.,15.959287616987));
#3234 = VECTOR('',#3235,1.);
#3235 = DIRECTION('',(0.,1.,-2.22044604925E-16));
#3236 = ORIENTED_EDGE('',*,*,#2284,.T.);
#3237 = ORIENTED_EDGE('',*,*,#2318,.T.);
#3238 = ORIENTED_EDGE('',*,*,#1113,.F.);
#3239 = CYLINDRICAL_SURFACE('',#3240,28.867513459481);
#3240 = AXIS2_PLACEMENT_3D('',#3241,#3242,#3243);
#3241 = CARTESIAN_POINT('',(24.999999999999,8.311963723916E-15,
    37.433756729743));
#3242 = DIRECTION('',(0.,1.,-2.22044604925E-16));
#3243 = DIRECTION('',(1.,0.,0.));
#3244 = ADVANCED_FACE('',(#3245),#3256,.F.);
#3245 = FACE_BOUND('',#3246,.F.);
#3246 = EDGE_LOOP('',(#3247,#3248,#3249,#3250));
#3247 = ORIENTED_EDGE('',*,*,#1105,.F.);
#3248 = ORIENTED_EDGE('',*,*,#3231,.T.);
#3249 = ORIENTED_EDGE('',*,*,#2276,.T.);
#3250 = ORIENTED_EDGE('',*,*,#3251,.F.);
#3251 = EDGE_CURVE('',#1098,#2269,#3252,.T.);
#3252 = LINE('',#3253,#3254);
#3253 = CARTESIAN_POINT('',(2.494079933212,-31.,12.1290667179));
#3254 = VECTOR('',#3255,1.);
#3255 = DIRECTION('',(0.,1.,-2.22044604925E-16));
#3256 = PLANE('',#3257);
#3257 = AXIS2_PLACEMENT_3D('',#3258,#3259,#3260);
#3258 = CARTESIAN_POINT('',(5.70801955063,-31.,15.959287616987));
#3259 = DIRECTION('',(-0.766044179814,1.427275905199E-16,0.642787923481)
  );
#3260 = DIRECTION('',(-0.642787923481,-1.70095977262E-16,-0.766044179814
    ));
#3261 = ADVANCED_FACE('',(#3262),#3273,.F.);
#3262 = FACE_BOUND('',#3263,.F.);
#3263 = EDGE_LOOP('',(#3264,#3265,#3266,#3267));
#3264 = ORIENTED_EDGE('',*,*,#1097,.F.);
#3265 = ORIENTED_EDGE('',*,*,#3251,.T.);
#3266 = ORIENTED_EDGE('',*,*,#2268,.T.);
#3267 = ORIENTED_EDGE('',*,*,#3268,.F.);
#3268 = EDGE_CURVE('',#1090,#2261,#3269,.T.);
#3269 = LINE('',#3270,#3271);
#3270 = CARTESIAN_POINT('',(3.869948,-31.,10.968469));
#3271 = VECTOR('',#3272,1.);
#3272 = DIRECTION('',(0.,1.,-2.22044604925E-16));
#3273 = PLANE('',#3274);
#3274 = AXIS2_PLACEMENT_3D('',#3275,#3276,#3277);
#3275 = CARTESIAN_POINT('',(2.494079933212,-31.,12.1290667179));
#3276 = DIRECTION('',(-0.644776509944,-1.697244896216E-16,
    -0.764371148215));
#3277 = DIRECTION('',(0.764371148215,-1.431691454155E-16,-0.644776509944
    ));
#3278 = ADVANCED_FACE('',(#3279),#3290,.F.);
#3279 = FACE_BOUND('',#3280,.F.);
#3280 = EDGE_LOOP('',(#3281,#3282,#3283,#3284));
#3281 = ORIENTED_EDGE('',*,*,#1089,.F.);
#3282 = ORIENTED_EDGE('',*,*,#3268,.T.);
#3283 = ORIENTED_EDGE('',*,*,#2260,.T.);
#3284 = ORIENTED_EDGE('',*,*,#3285,.F.);
#3285 = EDGE_CURVE('',#1081,#2252,#3286,.T.);
#3286 = LINE('',#3287,#3288);
#3287 = CARTESIAN_POINT('',(7.083887617418,-31.,14.798689899087));
#3288 = VECTOR('',#3289,1.);
#3289 = DIRECTION('',(0.,1.,-2.22044604925E-16));
#3290 = PLANE('',#3291);
#3291 = AXIS2_PLACEMENT_3D('',#3292,#3293,#3294);
#3292 = CARTESIAN_POINT('',(3.869948,-31.,10.968469));
#3293 = DIRECTION('',(0.766044179814,-1.427275905199E-16,-0.642787923481
    ));
#3294 = DIRECTION('',(0.642787923481,1.70095977262E-16,0.766044179814));
#3295 = ADVANCED_FACE('',(#3296),#3307,.F.);
#3296 = FACE_BOUND('',#3297,.T.);
#3297 = EDGE_LOOP('',(#3298,#3304,#3305,#3306));
#3298 = ORIENTED_EDGE('',*,*,#3299,.T.);
#3299 = EDGE_CURVE('',#1073,#2244,#3300,.T.);
#3300 = LINE('',#3301,#3302);
#3301 = CARTESIAN_POINT('',(11.180397784477,-31.,12.089094018666));
#3302 = VECTOR('',#3303,1.);
#3303 = DIRECTION('',(0.,1.,-2.22044604925E-16));
#3304 = ORIENTED_EDGE('',*,*,#2251,.T.);
#3305 = ORIENTED_EDGE('',*,*,#3285,.F.);
#3306 = ORIENTED_EDGE('',*,*,#1080,.F.);
#3307 = CYLINDRICAL_SURFACE('',#3308,28.867513459481);
#3308 = AXIS2_PLACEMENT_3D('',#3309,#3310,#3311);
#3309 = CARTESIAN_POINT('',(24.999999999999,8.311963723916E-15,
    37.433756729743));
#3310 = DIRECTION('',(0.,1.,-2.22044604925E-16));
#3311 = DIRECTION('',(1.,0.,0.));
#3312 = ADVANCED_FACE('',(#3313),#3324,.F.);
#3313 = FACE_BOUND('',#3314,.F.);
#3314 = EDGE_LOOP('',(#3315,#3316,#3317,#3318));
#3315 = ORIENTED_EDGE('',*,*,#1072,.F.);
#3316 = ORIENTED_EDGE('',*,*,#3299,.T.);
#3317 = ORIENTED_EDGE('',*,*,#2243,.T.);
#3318 = ORIENTED_EDGE('',*,*,#3319,.F.);
#3319 = EDGE_CURVE('',#1065,#2236,#3320,.T.);
#3320 = LINE('',#3321,#3322);
#3321 = CARTESIAN_POINT('',(8.936393157101,-31.,7.620935199585));
#3322 = VECTOR('',#3323,1.);
#3323 = DIRECTION('',(0.,1.,-2.22044604925E-16));
#3324 = PLANE('',#3325);
#3325 = AXIS2_PLACEMENT_3D('',#3326,#3327,#3328);
#3326 = CARTESIAN_POINT('',(11.180397784477,-31.,12.089094018666));
#3327 = DIRECTION('',(-0.893631763812,9.965382418673E-17,0.448800925473)
  );
#3328 = DIRECTION('',(-0.448800925473,-1.984261119442E-16,
    -0.893631763812));
#3329 = ADVANCED_FACE('',(#3330),#3341,.F.);
#3330 = FACE_BOUND('',#3331,.F.);
#3331 = EDGE_LOOP('',(#3332,#3333,#3334,#3335));
#3332 = ORIENTED_EDGE('',*,*,#1064,.F.);
#3333 = ORIENTED_EDGE('',*,*,#3319,.T.);
#3334 = ORIENTED_EDGE('',*,*,#2235,.T.);
#3335 = ORIENTED_EDGE('',*,*,#3336,.F.);
#3336 = EDGE_CURVE('',#1057,#2228,#3337,.T.);
#3337 = LINE('',#3338,#3339);
#3338 = CARTESIAN_POINT('',(10.542827,-31.,6.808919));
#3339 = VECTOR('',#3340,1.);
#3340 = DIRECTION('',(0.,1.,-2.22044604925E-16));
#3341 = PLANE('',#3342);
#3342 = AXIS2_PLACEMENT_3D('',#3343,#3344,#3345);
#3343 = CARTESIAN_POINT('',(8.936393157101,-31.,7.620935199585));
#3344 = DIRECTION('',(-0.451120110881,-1.981666488804E-16,
    -0.892463246055));
#3345 = DIRECTION('',(0.892463246055,-1.001687867942E-16,-0.451120110881
    ));
#3346 = ADVANCED_FACE('',(#3347),#3358,.F.);
#3347 = FACE_BOUND('',#3348,.F.);
#3348 = EDGE_LOOP('',(#3349,#3350,#3351,#3352));
#3349 = ORIENTED_EDGE('',*,*,#1056,.F.);
#3350 = ORIENTED_EDGE('',*,*,#3336,.T.);
#3351 = ORIENTED_EDGE('',*,*,#2227,.T.);
#3352 = ORIENTED_EDGE('',*,*,#3353,.F.);
#3353 = EDGE_CURVE('',#1048,#2219,#3354,.T.);
#3354 = LINE('',#3355,#3356);
#3355 = CARTESIAN_POINT('',(12.786831627377,-31.,11.27707781908));
#3356 = VECTOR('',#3357,1.);
#3357 = DIRECTION('',(0.,1.,-2.22044604925E-16));
#3358 = PLANE('',#3359);
#3359 = AXIS2_PLACEMENT_3D('',#3360,#3361,#3362);
#3360 = CARTESIAN_POINT('',(10.542827,-31.,6.808919));
#3361 = DIRECTION('',(0.893631763812,-9.965382418673E-17,-0.448800925473
    ));
#3362 = DIRECTION('',(0.448800925473,1.984261119442E-16,0.893631763812)
  );
#3363 = ADVANCED_FACE('',(#3364),#3375,.F.);
#3364 = FACE_BOUND('',#3365,.T.);
#3365 = EDGE_LOOP('',(#3366,#3372,#3373,#3374));
#3366 = ORIENTED_EDGE('',*,*,#3367,.T.);
#3367 = EDGE_CURVE('',#1040,#2211,#3368,.T.);
#3368 = LINE('',#3369,#3370);
#3369 = CARTESIAN_POINT('',(17.397786304492,-31.,9.58524365882));
#3370 = VECTOR('',#3371,1.);
#3371 = DIRECTION('',(0.,1.,-2.22044604925E-16));
#3372 = ORIENTED_EDGE('',*,*,#2218,.T.);
#3373 = ORIENTED_EDGE('',*,*,#3353,.F.);
#3374 = ORIENTED_EDGE('',*,*,#1047,.F.);
#3375 = CYLINDRICAL_SURFACE('',#3376,28.867513459481);
#3376 = AXIS2_PLACEMENT_3D('',#3377,#3378,#3379);
#3377 = CARTESIAN_POINT('',(24.999999999999,8.311963723916E-15,
    37.433756729743));
#3378 = DIRECTION('',(0.,1.,-2.22044604925E-16));
#3379 = DIRECTION('',(1.,0.,0.));
#3380 = ADVANCED_FACE('',(#3381),#3399,.F.);
#3381 = FACE_BOUND('',#3382,.F.);
#3382 = EDGE_LOOP('',(#3383,#3384,#3385,#3386,#3392,#3393));
#3383 = ORIENTED_EDGE('',*,*,#1039,.F.);
#3384 = ORIENTED_EDGE('',*,*,#3367,.T.);
#3385 = ORIENTED_EDGE('',*,*,#2210,.T.);
#3386 = ORIENTED_EDGE('',*,*,#3387,.T.);
#3387 = EDGE_CURVE('',#2203,#1427,#3388,.T.);
#3388 = LINE('',#3389,#3390);
#3389 = CARTESIAN_POINT('',(16.311055678175,-27.,5.));
#3390 = VECTOR('',#3391,1.);
#3391 = DIRECTION('',(5.26259214418E-17,1.,-1.972152263053E-31));
#3392 = ORIENTED_EDGE('',*,*,#1426,.T.);
#3393 = ORIENTED_EDGE('',*,*,#3394,.F.);
#3394 = EDGE_CURVE('',#1032,#1419,#3395,.T.);
#3395 = LINE('',#3396,#3397);
#3396 = CARTESIAN_POINT('',(16.244698998053,-31.,4.720021190737));
#3397 = VECTOR('',#3398,1.);
#3398 = DIRECTION('',(0.,1.,-2.22044604925E-16));
#3399 = PLANE('',#3400);
#3400 = AXIS2_PLACEMENT_3D('',#3401,#3402,#3403);
#3401 = CARTESIAN_POINT('',(17.397786304492,-31.,9.58524365882));
#3402 = DIRECTION('',(-0.973044493613,5.120736308023E-17,0.230617461287)
  );
#3403 = DIRECTION('',(-0.230617461287,-2.160592801587E-16,
    -0.973044493613));
#3404 = ADVANCED_FACE('',(#3405),#3416,.F.);
#3405 = FACE_BOUND('',#3406,.F.);
#3406 = EDGE_LOOP('',(#3407,#3408,#3409,#3410));
#3407 = ORIENTED_EDGE('',*,*,#1031,.F.);
#3408 = ORIENTED_EDGE('',*,*,#3394,.T.);
#3409 = ORIENTED_EDGE('',*,*,#1418,.T.);
#3410 = ORIENTED_EDGE('',*,*,#3411,.F.);
#3411 = EDGE_CURVE('',#1024,#1411,#3412,.T.);
#3412 = LINE('',#3413,#3414);
#3413 = CARTESIAN_POINT('',(17.995095,-31.,4.300362));
#3414 = VECTOR('',#3415,1.);
#3415 = DIRECTION('',(0.,1.,-2.22044604925E-16));
#3416 = PLANE('',#3417);
#3417 = AXIS2_PLACEMENT_3D('',#3418,#3419,#3420);
#3418 = CARTESIAN_POINT('',(16.244698998053,-31.,4.720021190737));
#3419 = DIRECTION('',(-0.233143994854,-2.159255492859E-16,
    -0.972442223304));
#3420 = DIRECTION('',(0.972442223304,-5.176836622791E-17,-0.233143994854
    ));
#3421 = ADVANCED_FACE('',(#3422),#3449,.F.);
#3422 = FACE_BOUND('',#3423,.F.);
#3423 = EDGE_LOOP('',(#3424,#3425,#3426,#3427,#3435,#3443));
#3424 = ORIENTED_EDGE('',*,*,#1023,.F.);
#3425 = ORIENTED_EDGE('',*,*,#3411,.T.);
#3426 = ORIENTED_EDGE('',*,*,#1410,.T.);
#3427 = ORIENTED_EDGE('',*,*,#3428,.T.);
#3428 = EDGE_CURVE('',#1403,#3429,#3431,.T.);
#3429 = VERTEX_POINT('',#3430);
#3430 = CARTESIAN_POINT('',(18.160913459936,-23.,5.));
#3431 = LINE('',#3432,#3433);
#3432 = CARTESIAN_POINT('',(18.160913459936,-27.,5.));
#3433 = VECTOR('',#3434,1.);
#3434 = DIRECTION('',(-5.26259214418E-17,-1.,1.972152263053E-31));
#3435 = ORIENTED_EDGE('',*,*,#3436,.T.);
#3436 = EDGE_CURVE('',#3429,#3437,#3439,.T.);
#3437 = VERTEX_POINT('',#3438);
#3438 = CARTESIAN_POINT('',(19.14818230644,-23.,9.165584468085));
#3439 = LINE('',#3440,#3441);
#3440 = CARTESIAN_POINT('',(20.832084733288,-23.,16.270475724296));
#3441 = VECTOR('',#3442,1.);
#3442 = DIRECTION('',(0.230617461287,1.479114197289E-31,0.973044493613)
  );
#3443 = ORIENTED_EDGE('',*,*,#3444,.F.);
#3444 = EDGE_CURVE('',#1015,#3437,#3445,.T.);
#3445 = LINE('',#3446,#3447);
#3446 = CARTESIAN_POINT('',(19.148182306439,-31.,9.165584468083));
#3447 = VECTOR('',#3448,1.);
#3448 = DIRECTION('',(0.,1.,-2.22044604925E-16));
#3449 = PLANE('',#3450);
#3450 = AXIS2_PLACEMENT_3D('',#3451,#3452,#3453);
#3451 = CARTESIAN_POINT('',(17.995095,-31.,4.300362));
#3452 = DIRECTION('',(0.973044493613,-5.120736308023E-17,-0.230617461287
    ));
#3453 = DIRECTION('',(0.230617461287,2.160592801587E-16,0.973044493613)
  );
#3454 = ADVANCED_FACE('',(#3455),#3474,.F.);
#3455 = FACE_BOUND('',#3456,.T.);
#3456 = EDGE_LOOP('',(#3457,#3465,#3472,#3473));
#3457 = ORIENTED_EDGE('',*,*,#3458,.T.);
#3458 = EDGE_CURVE('',#1007,#3459,#3461,.T.);
#3459 = VERTEX_POINT('',#3460);
#3460 = CARTESIAN_POINT('',(24.099999999999,-23.,8.580276292657));
#3461 = LINE('',#3462,#3463);
#3462 = CARTESIAN_POINT('',(24.099999999999,-31.,8.580276292657));
#3463 = VECTOR('',#3464,1.);
#3464 = DIRECTION('',(0.,1.,-2.22044604925E-16));
#3465 = ORIENTED_EDGE('',*,*,#3466,.T.);
#3466 = EDGE_CURVE('',#3459,#3437,#3467,.T.);
#3467 = CIRCLE('',#3468,28.867513459481);
#3468 = AXIS2_PLACEMENT_3D('',#3469,#3470,#3471);
#3469 = CARTESIAN_POINT('',(24.999999999999,-23.,37.433756729743));
#3470 = DIRECTION('',(0.,1.,-2.22044604925E-16));
#3471 = DIRECTION('',(1.,0.,0.));
#3472 = ORIENTED_EDGE('',*,*,#3444,.F.);
#3473 = ORIENTED_EDGE('',*,*,#1014,.F.);
#3474 = CYLINDRICAL_SURFACE('',#3475,28.867513459481);
#3475 = AXIS2_PLACEMENT_3D('',#3476,#3477,#3478);
#3476 = CARTESIAN_POINT('',(24.999999999999,8.311963723916E-15,
    37.433756729743));
#3477 = DIRECTION('',(0.,1.,-2.22044604925E-16));
#3478 = DIRECTION('',(1.,0.,0.));
#3479 = ADVANCED_FACE('',(#3480),#3505,.F.);
#3480 = FACE_BOUND('',#3481,.F.);
#3481 = EDGE_LOOP('',(#3482,#3483,#3484,#3492,#3498,#3499));
#3482 = ORIENTED_EDGE('',*,*,#1006,.F.);
#3483 = ORIENTED_EDGE('',*,*,#3458,.T.);
#3484 = ORIENTED_EDGE('',*,*,#3485,.T.);
#3485 = EDGE_CURVE('',#3459,#3486,#3488,.T.);
#3486 = VERTEX_POINT('',#3487);
#3487 = CARTESIAN_POINT('',(24.099999999999,-23.,5.));
#3488 = LINE('',#3489,#3490);
#3489 = CARTESIAN_POINT('',(24.099999999999,-23.,15.290138146328));
#3490 = VECTOR('',#3491,1.);
#3491 = DIRECTION('',(0.,-1.479114197289E-31,-1.));
#3492 = ORIENTED_EDGE('',*,*,#3493,.T.);
#3493 = EDGE_CURVE('',#3486,#1395,#3494,.T.);
#3494 = LINE('',#3495,#3496);
#3495 = CARTESIAN_POINT('',(24.099999999999,-27.,5.));
#3496 = VECTOR('',#3497,1.);
#3497 = DIRECTION('',(0.,1.,-1.479114197289E-31));
#3498 = ORIENTED_EDGE('',*,*,#1394,.T.);
#3499 = ORIENTED_EDGE('',*,*,#3500,.F.);
#3500 = EDGE_CURVE('',#999,#1387,#3501,.T.);
#3501 = LINE('',#3502,#3503);
#3502 = CARTESIAN_POINT('',(24.099999999999,-31.,3.580276292657));
#3503 = VECTOR('',#3504,1.);
#3504 = DIRECTION('',(0.,1.,-2.22044604925E-16));
#3505 = PLANE('',#3506);
#3506 = AXIS2_PLACEMENT_3D('',#3507,#3508,#3509);
#3507 = CARTESIAN_POINT('',(24.099999999999,-31.,8.580276292657));
#3508 = DIRECTION('',(-1.,0.,-0.));
#3509 = DIRECTION('',(0.,-2.22044604925E-16,-1.));
#3510 = ADVANCED_FACE('',(#3511),#3522,.F.);
#3511 = FACE_BOUND('',#3512,.F.);
#3512 = EDGE_LOOP('',(#3513,#3514,#3515,#3516));
#3513 = ORIENTED_EDGE('',*,*,#998,.F.);
#3514 = ORIENTED_EDGE('',*,*,#3500,.T.);
#3515 = ORIENTED_EDGE('',*,*,#1386,.T.);
#3516 = ORIENTED_EDGE('',*,*,#3517,.F.);
#3517 = EDGE_CURVE('',#991,#1379,#3518,.T.);
#3518 = LINE('',#3519,#3520);
#3519 = CARTESIAN_POINT('',(25.899999999999,-31.,3.580276292657));
#3520 = VECTOR('',#3521,1.);
#3521 = DIRECTION('',(0.,1.,-2.22044604925E-16));
#3522 = PLANE('',#3523);
#3523 = AXIS2_PLACEMENT_3D('',#3524,#3525,#3526);
#3524 = CARTESIAN_POINT('',(24.099999999999,-31.,3.580276292657));
#3525 = DIRECTION('',(0.,-2.22044604925E-16,-1.));
#3526 = DIRECTION('',(1.,0.,0.));
#3527 = ADVANCED_FACE('',(#3528),#3555,.F.);
#3528 = FACE_BOUND('',#3529,.F.);
#3529 = EDGE_LOOP('',(#3530,#3531,#3532,#3533,#3541,#3549));
#3530 = ORIENTED_EDGE('',*,*,#990,.F.);
#3531 = ORIENTED_EDGE('',*,*,#3517,.T.);
#3532 = ORIENTED_EDGE('',*,*,#1378,.T.);
#3533 = ORIENTED_EDGE('',*,*,#3534,.T.);
#3534 = EDGE_CURVE('',#1371,#3535,#3537,.T.);
#3535 = VERTEX_POINT('',#3536);
#3536 = CARTESIAN_POINT('',(25.899999999999,-23.,5.));
#3537 = LINE('',#3538,#3539);
#3538 = CARTESIAN_POINT('',(25.899999999999,-27.,5.));
#3539 = VECTOR('',#3540,1.);
#3540 = DIRECTION('',(0.,-1.,1.479114197289E-31));
#3541 = ORIENTED_EDGE('',*,*,#3542,.T.);
#3542 = EDGE_CURVE('',#3535,#3543,#3545,.T.);
#3543 = VERTEX_POINT('',#3544);
#3544 = CARTESIAN_POINT('',(25.899999999999,-23.,8.580276292657));
#3545 = LINE('',#3546,#3547);
#3546 = CARTESIAN_POINT('',(25.899999999999,-23.,12.790138146328));
#3547 = VECTOR('',#3548,1.);
#3548 = DIRECTION('',(0.,1.479114197289E-31,1.));
#3549 = ORIENTED_EDGE('',*,*,#3550,.F.);
#3550 = EDGE_CURVE('',#982,#3543,#3551,.T.);
#3551 = LINE('',#3552,#3553);
#3552 = CARTESIAN_POINT('',(25.899999999999,-31.,8.580276292657));
#3553 = VECTOR('',#3554,1.);
#3554 = DIRECTION('',(0.,1.,-2.22044604925E-16));
#3555 = PLANE('',#3556);
#3556 = AXIS2_PLACEMENT_3D('',#3557,#3558,#3559);
#3557 = CARTESIAN_POINT('',(25.899999999999,-31.,3.580276292657));
#3558 = DIRECTION('',(1.,0.,0.));
#3559 = DIRECTION('',(0.,2.22044604925E-16,1.));
#3560 = ADVANCED_FACE('',(#3561),#3580,.F.);
#3561 = FACE_BOUND('',#3562,.T.);
#3562 = EDGE_LOOP('',(#3563,#3571,#3578,#3579));
#3563 = ORIENTED_EDGE('',*,*,#3564,.T.);
#3564 = EDGE_CURVE('',#974,#3565,#3567,.T.);
#3565 = VERTEX_POINT('',#3566);
#3566 = CARTESIAN_POINT('',(31.109553517873,-23.,9.220166225421));
#3567 = LINE('',#3568,#3569);
#3568 = CARTESIAN_POINT('',(31.109553517874,-31.,9.220166225421));
#3569 = VECTOR('',#3570,1.);
#3570 = DIRECTION('',(0.,1.,-2.22044604925E-16));
#3571 = ORIENTED_EDGE('',*,*,#3572,.T.);
#3572 = EDGE_CURVE('',#3565,#3543,#3573,.T.);
#3573 = CIRCLE('',#3574,28.867513459481);
#3574 = AXIS2_PLACEMENT_3D('',#3575,#3576,#3577);
#3575 = CARTESIAN_POINT('',(24.999999999999,-23.,37.433756729743));
#3576 = DIRECTION('',(0.,1.,-2.22044604925E-16));
#3577 = DIRECTION('',(1.,0.,0.));
#3578 = ORIENTED_EDGE('',*,*,#3550,.F.);
#3579 = ORIENTED_EDGE('',*,*,#981,.F.);
#3580 = CYLINDRICAL_SURFACE('',#3581,28.867513459481);
#3581 = AXIS2_PLACEMENT_3D('',#3582,#3583,#3584);
#3582 = CARTESIAN_POINT('',(24.999999999999,8.311963723916E-15,
    37.433756729743));
#3583 = DIRECTION('',(0.,1.,-2.22044604925E-16));
#3584 = DIRECTION('',(1.,0.,0.));
#3585 = ADVANCED_FACE('',(#3586),#3611,.F.);
#3586 = FACE_BOUND('',#3587,.F.);
#3587 = EDGE_LOOP('',(#3588,#3589,#3590,#3598,#3604,#3605));
#3588 = ORIENTED_EDGE('',*,*,#973,.F.);
#3589 = ORIENTED_EDGE('',*,*,#3564,.T.);
#3590 = ORIENTED_EDGE('',*,*,#3591,.T.);
#3591 = EDGE_CURVE('',#3565,#3592,#3594,.T.);
#3592 = VERTEX_POINT('',#3593);
#3593 = CARTESIAN_POINT('',(32.109515961505,-23.,5.));
#3594 = LINE('',#3595,#3596);
#3595 = CARTESIAN_POINT('',(30.178068224711,-23.,13.151336639592));
#3596 = VECTOR('',#3597,1.);
#3597 = DIRECTION('',(0.230564496425,-1.479114197289E-31,-0.973057045084
    ));
#3598 = ORIENTED_EDGE('',*,*,#3599,.T.);
#3599 = EDGE_CURVE('',#3592,#1363,#3600,.T.);
#3600 = LINE('',#3601,#3602);
#3601 = CARTESIAN_POINT('',(32.109515961505,-27.,5.));
#3602 = VECTOR('',#3603,1.);
#3603 = DIRECTION('',(-5.261315641987E-17,1.,-1.479114197289E-31));
#3604 = ORIENTED_EDGE('',*,*,#1362,.T.);
#3605 = ORIENTED_EDGE('',*,*,#3606,.F.);
#3606 = EDGE_CURVE('',#966,#1355,#3607,.T.);
#3607 = LINE('',#3608,#3609);
#3608 = CARTESIAN_POINT('',(32.262376,-31.,4.354881));
#3609 = VECTOR('',#3610,1.);
#3610 = DIRECTION('',(0.,1.,-2.22044604925E-16));
#3611 = PLANE('',#3612);
#3612 = AXIS2_PLACEMENT_3D('',#3613,#3614,#3615);
#3613 = CARTESIAN_POINT('',(31.109553517874,-31.,9.220166225421));
#3614 = DIRECTION('',(-0.973057045084,-5.119560251848E-17,
    -0.230564496425));
#3615 = DIRECTION('',(0.230564496425,-2.160620671453E-16,-0.973057045084
    ));
#3616 = ADVANCED_FACE('',(#3617),#3628,.F.);
#3617 = FACE_BOUND('',#3618,.F.);
#3618 = EDGE_LOOP('',(#3619,#3620,#3621,#3622));
#3619 = ORIENTED_EDGE('',*,*,#965,.F.);
#3620 = ORIENTED_EDGE('',*,*,#3606,.T.);
#3621 = ORIENTED_EDGE('',*,*,#1354,.T.);
#3622 = ORIENTED_EDGE('',*,*,#3623,.F.);
#3623 = EDGE_CURVE('',#958,#1347,#3624,.T.);
#3624 = LINE('',#3625,#3626);
#3625 = CARTESIAN_POINT('',(34.008869236382,-31.,4.79049708702));
#3626 = VECTOR('',#3627,1.);
#3627 = DIRECTION('',(0.,1.,-2.22044604925E-16));
#3628 = PLANE('',#3629);
#3629 = AXIS2_PLACEMENT_3D('',#3630,#3631,#3632);
#3630 = CARTESIAN_POINT('',(32.262376,-31.,4.354881));
#3631 = DIRECTION('',(0.242008937233,-2.154441114871E-16,-0.970274020212
    ));
#3632 = DIRECTION('',(0.970274020212,5.373677885633E-17,0.242008937233)
  );
#3633 = ADVANCED_FACE('',(#3634),#3652,.F.);
#3634 = FACE_BOUND('',#3635,.F.);
#3635 = EDGE_LOOP('',(#3636,#3637,#3638,#3639,#3645,#3646));
#3636 = ORIENTED_EDGE('',*,*,#957,.F.);
#3637 = ORIENTED_EDGE('',*,*,#3623,.T.);
#3638 = ORIENTED_EDGE('',*,*,#1346,.T.);
#3639 = ORIENTED_EDGE('',*,*,#3640,.T.);
#3640 = EDGE_CURVE('',#1339,#3174,#3641,.T.);
#3641 = LINE('',#3642,#3643);
#3642 = CARTESIAN_POINT('',(33.959227816206,-27.,5.));
#3643 = VECTOR('',#3644,1.);
#3644 = DIRECTION('',(5.261315641987E-17,-1.,1.479114197289E-31));
#3645 = ORIENTED_EDGE('',*,*,#3173,.T.);
#3646 = ORIENTED_EDGE('',*,*,#3647,.F.);
#3647 = EDGE_CURVE('',#949,#3165,#3648,.T.);
#3648 = LINE('',#3649,#3650);
#3649 = CARTESIAN_POINT('',(32.856046754256,-31.,9.655782312442));
#3650 = VECTOR('',#3651,1.);
#3651 = DIRECTION('',(0.,1.,-2.22044604925E-16));
#3652 = PLANE('',#3653);
#3653 = AXIS2_PLACEMENT_3D('',#3654,#3655,#3656);
#3654 = CARTESIAN_POINT('',(34.008869236382,-31.,4.79049708702));
#3655 = DIRECTION('',(0.973057045084,5.119560251848E-17,0.230564496425)
  );
#3656 = DIRECTION('',(-0.230564496425,2.160620671453E-16,0.973057045084)
  );
#3657 = ADVANCED_FACE('',(#3658),#3669,.F.);
#3658 = FACE_BOUND('',#3659,.T.);
#3659 = EDGE_LOOP('',(#3660,#3666,#3667,#3668));
#3660 = ORIENTED_EDGE('',*,*,#3661,.T.);
#3661 = EDGE_CURVE('',#941,#3157,#3662,.T.);
#3662 = LINE('',#3663,#3664);
#3663 = CARTESIAN_POINT('',(37.212913699599,-31.,11.276958907768));
#3664 = VECTOR('',#3665,1.);
#3665 = DIRECTION('',(0.,1.,-2.22044604925E-16));
#3666 = ORIENTED_EDGE('',*,*,#3164,.T.);
#3667 = ORIENTED_EDGE('',*,*,#3647,.F.);
#3668 = ORIENTED_EDGE('',*,*,#948,.F.);
#3669 = CYLINDRICAL_SURFACE('',#3670,28.867513459481);
#3670 = AXIS2_PLACEMENT_3D('',#3671,#3672,#3673);
#3671 = CARTESIAN_POINT('',(24.999999999999,8.311963723916E-15,
    37.433756729743));
#3672 = DIRECTION('',(0.,1.,-2.22044604925E-16));
#3673 = DIRECTION('',(1.,0.,0.));
#3674 = ADVANCED_FACE('',(#3675),#3686,.F.);
#3675 = FACE_BOUND('',#3676,.F.);
#3676 = EDGE_LOOP('',(#3677,#3678,#3679,#3680));
#3677 = ORIENTED_EDGE('',*,*,#940,.F.);
#3678 = ORIENTED_EDGE('',*,*,#3661,.T.);
#3679 = ORIENTED_EDGE('',*,*,#3156,.T.);
#3680 = ORIENTED_EDGE('',*,*,#3681,.F.);
#3681 = EDGE_CURVE('',#933,#3149,#3682,.T.);
#3682 = LINE('',#3683,#3684);
#3683 = CARTESIAN_POINT('',(39.457173,-31.,6.808928));
#3684 = VECTOR('',#3685,1.);
#3685 = DIRECTION('',(0.,1.,-2.22044604925E-16));
#3686 = PLANE('',#3687);
#3687 = AXIS2_PLACEMENT_3D('',#3688,#3689,#3690);
#3688 = CARTESIAN_POINT('',(37.212913699599,-31.,11.276958907768));
#3689 = DIRECTION('',(-0.89360618155,-9.966513394097E-17,-0.448851860078
    ));
#3690 = DIRECTION('',(0.448851860078,-1.984204315408E-16,-0.89360618155)
  );
#3691 = ADVANCED_FACE('',(#3692),#3703,.F.);
#3692 = FACE_BOUND('',#3693,.F.);
#3693 = EDGE_LOOP('',(#3694,#3695,#3696,#3697));
#3694 = ORIENTED_EDGE('',*,*,#932,.F.);
#3695 = ORIENTED_EDGE('',*,*,#3681,.T.);
#3696 = ORIENTED_EDGE('',*,*,#3148,.T.);
#3697 = ORIENTED_EDGE('',*,*,#3698,.F.);
#3698 = EDGE_CURVE('',#925,#3141,#3699,.T.);
#3699 = LINE('',#3700,#3701);
#3700 = CARTESIAN_POINT('',(41.063614748955,-31.,7.62092855863));
#3701 = VECTOR('',#3702,1.);
#3702 = DIRECTION('',(0.,1.,-2.22044604925E-16));
#3703 = PLANE('',#3704);
#3704 = AXIS2_PLACEMENT_3D('',#3705,#3706,#3707);
#3705 = CARTESIAN_POINT('',(39.457173,-31.,6.808928));
#3706 = DIRECTION('',(0.451111421461,-1.981676241565E-16,-0.892467638308
    ));
#3707 = DIRECTION('',(0.892467638308,1.001668573555E-16,0.451111421461)
  );
#3708 = ADVANCED_FACE('',(#3709),#3720,.F.);
#3709 = FACE_BOUND('',#3710,.F.);
#3710 = EDGE_LOOP('',(#3711,#3712,#3713,#3714));
#3711 = ORIENTED_EDGE('',*,*,#924,.F.);
#3712 = ORIENTED_EDGE('',*,*,#3698,.T.);
#3713 = ORIENTED_EDGE('',*,*,#3140,.T.);
#3714 = ORIENTED_EDGE('',*,*,#3715,.F.);
#3715 = EDGE_CURVE('',#916,#3132,#3716,.T.);
#3716 = LINE('',#3717,#3718);
#3717 = CARTESIAN_POINT('',(38.819355448553,-31.,12.088959466398));
#3718 = VECTOR('',#3719,1.);
#3719 = DIRECTION('',(0.,1.,-2.22044604925E-16));
#3720 = PLANE('',#3721);
#3721 = AXIS2_PLACEMENT_3D('',#3722,#3723,#3724);
#3722 = CARTESIAN_POINT('',(41.063614748955,-31.,7.62092855863));
#3723 = DIRECTION('',(0.89360618155,9.966513394097E-17,0.448851860078));
#3724 = DIRECTION('',(-0.448851860078,1.984204315408E-16,0.89360618155)
  );
#3725 = ADVANCED_FACE('',(#3726),#3737,.F.);
#3726 = FACE_BOUND('',#3727,.T.);
#3727 = EDGE_LOOP('',(#3728,#3734,#3735,#3736));
#3728 = ORIENTED_EDGE('',*,*,#3729,.T.);
#3729 = EDGE_CURVE('',#908,#3124,#3730,.T.);
#3730 = LINE('',#3731,#3732);
#3731 = CARTESIAN_POINT('',(42.916115764366,-31.,14.798692575839));
#3732 = VECTOR('',#3733,1.);
#3733 = DIRECTION('',(0.,1.,-2.22044604925E-16));
#3734 = ORIENTED_EDGE('',*,*,#3131,.T.);
#3735 = ORIENTED_EDGE('',*,*,#3715,.F.);
#3736 = ORIENTED_EDGE('',*,*,#915,.F.);
#3737 = CYLINDRICAL_SURFACE('',#3738,28.867513459481);
#3738 = AXIS2_PLACEMENT_3D('',#3739,#3740,#3741);
#3739 = CARTESIAN_POINT('',(24.999999999999,8.311963723916E-15,
    37.433756729743));
#3740 = DIRECTION('',(0.,1.,-2.22044604925E-16));
#3741 = DIRECTION('',(1.,0.,0.));
#3742 = ADVANCED_FACE('',(#3743),#3754,.F.);
#3743 = FACE_BOUND('',#3744,.F.);
#3744 = EDGE_LOOP('',(#3745,#3746,#3747,#3748));
#3745 = ORIENTED_EDGE('',*,*,#907,.F.);
#3746 = ORIENTED_EDGE('',*,*,#3729,.T.);
#3747 = ORIENTED_EDGE('',*,*,#3123,.T.);
#3748 = ORIENTED_EDGE('',*,*,#3749,.F.);
#3749 = EDGE_CURVE('',#900,#3116,#3750,.T.);
#3750 = LINE('',#3751,#3752);
#3751 = CARTESIAN_POINT('',(46.130051,-31.,10.968468));
#3752 = VECTOR('',#3753,1.);
#3753 = DIRECTION('',(0.,1.,-2.22044604925E-16));
#3754 = PLANE('',#3755);
#3755 = AXIS2_PLACEMENT_3D('',#3756,#3757,#3758);
#3756 = CARTESIAN_POINT('',(42.916115764366,-31.,14.798692575839));
#3757 = DIRECTION('',(-0.766044915165,-1.427273959296E-16,
    -0.642787047124));
#3758 = DIRECTION('',(0.642787047124,-1.700961405425E-16,-0.766044915165
    ));
#3759 = ADVANCED_FACE('',(#3760),#3771,.F.);
#3760 = FACE_BOUND('',#3761,.F.);
#3761 = EDGE_LOOP('',(#3762,#3763,#3764,#3765));
#3762 = ORIENTED_EDGE('',*,*,#899,.F.);
#3763 = ORIENTED_EDGE('',*,*,#3749,.T.);
#3764 = ORIENTED_EDGE('',*,*,#3115,.T.);
#3765 = ORIENTED_EDGE('',*,*,#3766,.F.);
#3766 = EDGE_CURVE('',#892,#3108,#3767,.T.);
#3767 = LINE('',#3768,#3769);
#3768 = CARTESIAN_POINT('',(47.505918893389,-31.,12.129065923461));
#3769 = VECTOR('',#3770,1.);
#3770 = DIRECTION('',(0.,1.,-2.22044604925E-16));
#3771 = PLANE('',#3772);
#3772 = AXIS2_PLACEMENT_3D('',#3773,#3774,#3775);
#3773 = CARTESIAN_POINT('',(46.130051,-31.,10.968468));
#3774 = DIRECTION('',(0.644776624145,-1.697244682314E-16,-0.764371051883
    ));
#3775 = DIRECTION('',(0.764371051883,1.431691707732E-16,0.644776624145)
  );
#3776 = ADVANCED_FACE('',(#3777),#3788,.F.);
#3777 = FACE_BOUND('',#3778,.F.);
#3778 = EDGE_LOOP('',(#3779,#3780,#3781,#3782));
#3779 = ORIENTED_EDGE('',*,*,#891,.F.);
#3780 = ORIENTED_EDGE('',*,*,#3766,.T.);
#3781 = ORIENTED_EDGE('',*,*,#3107,.T.);
#3782 = ORIENTED_EDGE('',*,*,#3783,.F.);
#3783 = EDGE_CURVE('',#883,#3099,#3784,.T.);
#3784 = LINE('',#3785,#3786);
#3785 = CARTESIAN_POINT('',(44.291983657755,-31.,15.9592904993));
#3786 = VECTOR('',#3787,1.);
#3787 = DIRECTION('',(0.,1.,-2.22044604925E-16));
#3788 = PLANE('',#3789);
#3789 = AXIS2_PLACEMENT_3D('',#3790,#3791,#3792);
#3790 = CARTESIAN_POINT('',(47.505918893389,-31.,12.129065923461));
#3791 = DIRECTION('',(0.766044915165,1.427273959296E-16,0.642787047124)
  );
#3792 = DIRECTION('',(-0.642787047124,1.700961405425E-16,0.766044915165)
  );
#3793 = ADVANCED_FACE('',(#3794),#3800,.F.);
#3794 = FACE_BOUND('',#3795,.T.);
#3795 = EDGE_LOOP('',(#3796,#3797,#3798,#3799));
#3796 = ORIENTED_EDGE('',*,*,#3202,.F.);
#3797 = ORIENTED_EDGE('',*,*,#3098,.T.);
#3798 = ORIENTED_EDGE('',*,*,#3783,.F.);
#3799 = ORIENTED_EDGE('',*,*,#882,.F.);
#3800 = CYLINDRICAL_SURFACE('',#3801,28.867513459481);
#3801 = AXIS2_PLACEMENT_3D('',#3802,#3803,#3804);
#3802 = CARTESIAN_POINT('',(24.999999999999,8.311963723916E-15,
    37.433756729743));
#3803 = DIRECTION('',(0.,1.,-2.22044604925E-16));
#3804 = DIRECTION('',(1.,0.,0.));
#3805 = ADVANCED_FACE('',(#3806),#3824,.F.);
#3806 = FACE_BOUND('',#3807,.F.);
#3807 = EDGE_LOOP('',(#3808,#3809,#3815,#3816,#3817,#3823));
#3808 = ORIENTED_EDGE('',*,*,#1266,.F.);
#3809 = ORIENTED_EDGE('',*,*,#3810,.T.);
#3810 = EDGE_CURVE('',#1267,#1667,#3811,.T.);
#3811 = LINE('',#3812,#3813);
#3812 = CARTESIAN_POINT('',(24.099999999999,-31.,3.580276292657));
#3813 = VECTOR('',#3814,1.);
#3814 = DIRECTION('',(0.,1.,-2.22044604925E-16));
#3815 = ORIENTED_EDGE('',*,*,#1674,.F.);
#3816 = ORIENTED_EDGE('',*,*,#1698,.F.);
#3817 = ORIENTED_EDGE('',*,*,#3818,.F.);
#3818 = EDGE_CURVE('',#1235,#1699,#3819,.T.);
#3819 = LINE('',#3820,#3821);
#3820 = CARTESIAN_POINT('',(25.899999999999,-31.,3.580276292657));
#3821 = VECTOR('',#3822,1.);
#3822 = DIRECTION('',(0.,1.,-2.22044604925E-16));
#3823 = ORIENTED_EDGE('',*,*,#1242,.F.);
#3824 = PLANE('',#3825);
#3825 = AXIS2_PLACEMENT_3D('',#3826,#3827,#3828);
#3826 = CARTESIAN_POINT('',(24.099999999999,-31.,3.580276292657));
#3827 = DIRECTION('',(0.,-2.22044604925E-16,-1.));
#3828 = DIRECTION('',(1.,0.,0.));
#3829 = ADVANCED_FACE('',(#3830),#3841,.F.);
#3830 = FACE_BOUND('',#3831,.F.);
#3831 = EDGE_LOOP('',(#3832,#3833,#3834,#3835));
#3832 = ORIENTED_EDGE('',*,*,#1234,.F.);
#3833 = ORIENTED_EDGE('',*,*,#3818,.T.);
#3834 = ORIENTED_EDGE('',*,*,#1706,.F.);
#3835 = ORIENTED_EDGE('',*,*,#3836,.T.);
#3836 = EDGE_CURVE('',#1707,#1227,#3837,.T.);
#3837 = LINE('',#3838,#3839);
#3838 = CARTESIAN_POINT('',(25.899999999999,-27.,5.));
#3839 = VECTOR('',#3840,1.);
#3840 = DIRECTION('',(0.,-1.,1.479114197289E-31));
#3841 = PLANE('',#3842);
#3842 = AXIS2_PLACEMENT_3D('',#3843,#3844,#3845);
#3843 = CARTESIAN_POINT('',(25.899999999999,-31.,3.580276292657));
#3844 = DIRECTION('',(1.,0.,0.));
#3845 = DIRECTION('',(0.,2.22044604925E-16,1.));
#3846 = ADVANCED_FACE('',(#3847),#3866,.F.);
#3847 = FACE_BOUND('',#3848,.F.);
#3848 = EDGE_LOOP('',(#3849,#3850,#3856,#3857,#3858,#3859,#3865));
#3849 = ORIENTED_EDGE('',*,*,#2001,.F.);
#3850 = ORIENTED_EDGE('',*,*,#3851,.F.);
#3851 = EDGE_CURVE('',#1219,#1994,#3852,.T.);
#3852 = LINE('',#3853,#3854);
#3853 = CARTESIAN_POINT('',(32.109515961505,-27.,5.));
#3854 = VECTOR('',#3855,1.);
#3855 = DIRECTION('',(-5.261315641987E-17,1.,-1.479114197289E-31));
#3856 = ORIENTED_EDGE('',*,*,#1226,.T.);
#3857 = ORIENTED_EDGE('',*,*,#3836,.F.);
#3858 = ORIENTED_EDGE('',*,*,#1714,.T.);
#3859 = ORIENTED_EDGE('',*,*,#3860,.F.);
#3860 = EDGE_CURVE('',#1923,#1715,#3861,.T.);
#3861 = LINE('',#3862,#3863);
#3862 = CARTESIAN_POINT('',(32.109515961505,-27.,5.));
#3863 = VECTOR('',#3864,1.);
#3864 = DIRECTION('',(-5.261315641987E-17,1.,-1.479114197289E-31));
#3865 = ORIENTED_EDGE('',*,*,#1930,.T.);
#3866 = PLANE('',#3867);
#3867 = AXIS2_PLACEMENT_3D('',#3868,#3869,#3870);
#3868 = CARTESIAN_POINT('',(49.999999999996,-23.,5.));
#3869 = DIRECTION('',(-2.22044604925E-16,-1.479114197289E-31,-1.));
#3870 = DIRECTION('',(0.,1.,-1.479114197289E-31));
#3871 = ADVANCED_FACE('',(#3872),#3883,.F.);
#3872 = FACE_BOUND('',#3873,.F.);
#3873 = EDGE_LOOP('',(#3874,#3880,#3881,#3882));
#3874 = ORIENTED_EDGE('',*,*,#3875,.F.);
#3875 = EDGE_CURVE('',#1211,#1986,#3876,.T.);
#3876 = LINE('',#3877,#3878);
#3877 = CARTESIAN_POINT('',(32.262376,-31.,4.354881));
#3878 = VECTOR('',#3879,1.);
#3879 = DIRECTION('',(0.,1.,-2.22044604925E-16));
#3880 = ORIENTED_EDGE('',*,*,#1218,.F.);
#3881 = ORIENTED_EDGE('',*,*,#3851,.T.);
#3882 = ORIENTED_EDGE('',*,*,#1993,.T.);
#3883 = PLANE('',#3884);
#3884 = AXIS2_PLACEMENT_3D('',#3885,#3886,#3887);
#3885 = CARTESIAN_POINT('',(31.109553517874,-31.,9.220166225421));
#3886 = DIRECTION('',(-0.973057045084,-5.119560251848E-17,
    -0.230564496425));
#3887 = DIRECTION('',(0.230564496425,-2.160620671453E-16,-0.973057045084
    ));
#3888 = ADVANCED_FACE('',(#3889),#3900,.F.);
#3889 = FACE_BOUND('',#3890,.F.);
#3890 = EDGE_LOOP('',(#3891,#3892,#3893,#3894));
#3891 = ORIENTED_EDGE('',*,*,#1210,.F.);
#3892 = ORIENTED_EDGE('',*,*,#3875,.T.);
#3893 = ORIENTED_EDGE('',*,*,#1985,.T.);
#3894 = ORIENTED_EDGE('',*,*,#3895,.F.);
#3895 = EDGE_CURVE('',#1203,#1978,#3896,.T.);
#3896 = LINE('',#3897,#3898);
#3897 = CARTESIAN_POINT('',(34.008869236382,-31.,4.79049708702));
#3898 = VECTOR('',#3899,1.);
#3899 = DIRECTION('',(0.,1.,-2.22044604925E-16));
#3900 = PLANE('',#3901);
#3901 = AXIS2_PLACEMENT_3D('',#3902,#3903,#3904);
#3902 = CARTESIAN_POINT('',(32.262376,-31.,4.354881));
#3903 = DIRECTION('',(0.242008937233,-2.154441114871E-16,-0.970274020212
    ));
#3904 = DIRECTION('',(0.970274020212,5.373677885633E-17,0.242008937233)
  );
#3905 = ADVANCED_FACE('',(#3906),#3917,.F.);
#3906 = FACE_BOUND('',#3907,.F.);
#3907 = EDGE_LOOP('',(#3908,#3909,#3910,#3911));
#3908 = ORIENTED_EDGE('',*,*,#1202,.F.);
#3909 = ORIENTED_EDGE('',*,*,#3895,.T.);
#3910 = ORIENTED_EDGE('',*,*,#1977,.T.);
#3911 = ORIENTED_EDGE('',*,*,#3912,.T.);
#3912 = EDGE_CURVE('',#1970,#1195,#3913,.T.);
#3913 = LINE('',#3914,#3915);
#3914 = CARTESIAN_POINT('',(33.959227816206,-27.,5.));
#3915 = VECTOR('',#3916,1.);
#3916 = DIRECTION('',(5.261315641987E-17,-1.,1.479114197289E-31));
#3917 = PLANE('',#3918);
#3918 = AXIS2_PLACEMENT_3D('',#3919,#3920,#3921);
#3919 = CARTESIAN_POINT('',(34.008869236382,-31.,4.79049708702));
#3920 = DIRECTION('',(0.973057045084,5.119560251848E-17,0.230564496425)
  );
#3921 = DIRECTION('',(-0.230564496425,2.160620671453E-16,0.973057045084)
  );
#3922 = ADVANCED_FACE('',(#3923),#3931,.F.);
#3923 = FACE_BOUND('',#3924,.F.);
#3924 = EDGE_LOOP('',(#3925,#3926,#3927,#3928,#3929,#3930));
#3925 = ORIENTED_EDGE('',*,*,#1969,.F.);
#3926 = ORIENTED_EDGE('',*,*,#3181,.T.);
#3927 = ORIENTED_EDGE('',*,*,#3640,.F.);
#3928 = ORIENTED_EDGE('',*,*,#1338,.F.);
#3929 = ORIENTED_EDGE('',*,*,#1194,.T.);
#3930 = ORIENTED_EDGE('',*,*,#3912,.F.);
#3931 = PLANE('',#3932);
#3932 = AXIS2_PLACEMENT_3D('',#3933,#3934,#3935);
#3933 = CARTESIAN_POINT('',(49.999999999996,-23.,5.));
#3934 = DIRECTION('',(-2.22044604925E-16,-1.479114197289E-31,-1.));
#3935 = DIRECTION('',(0.,1.,-1.479114197289E-31));
#3936 = ADVANCED_FACE('',(#3937),#3950,.F.);
#3937 = FACE_BOUND('',#3938,.F.);
#3938 = EDGE_LOOP('',(#3939,#3940,#3941,#3942,#3948,#3949));
#3939 = ORIENTED_EDGE('',*,*,#3387,.F.);
#3940 = ORIENTED_EDGE('',*,*,#2202,.T.);
#3941 = ORIENTED_EDGE('',*,*,#1466,.T.);
#3942 = ORIENTED_EDGE('',*,*,#3943,.F.);
#3943 = EDGE_CURVE('',#1307,#1467,#3944,.T.);
#3944 = LINE('',#3945,#3946);
#3945 = CARTESIAN_POINT('',(16.311055678175,-27.,5.));
#3946 = VECTOR('',#3947,1.);
#3947 = DIRECTION('',(5.26259214418E-17,1.,-1.972152263053E-31));
#3948 = ORIENTED_EDGE('',*,*,#1314,.T.);
#3949 = ORIENTED_EDGE('',*,*,#1434,.F.);
#3950 = PLANE('',#3951);
#3951 = AXIS2_PLACEMENT_3D('',#3952,#3953,#3954);
#3952 = CARTESIAN_POINT('',(49.999999999996,-23.,5.));
#3953 = DIRECTION('',(-2.22044604925E-16,-1.479114197289E-31,-1.));
#3954 = DIRECTION('',(0.,1.,-1.479114197289E-31));
#3955 = ADVANCED_FACE('',(#3956),#3967,.F.);
#3956 = FACE_BOUND('',#3957,.F.);
#3957 = EDGE_LOOP('',(#3958,#3964,#3965,#3966));
#3958 = ORIENTED_EDGE('',*,*,#3959,.F.);
#3959 = EDGE_CURVE('',#1299,#1475,#3960,.T.);
#3960 = LINE('',#3961,#3962);
#3961 = CARTESIAN_POINT('',(16.244698998053,-31.,4.720021190737));
#3962 = VECTOR('',#3963,1.);
#3963 = DIRECTION('',(0.,1.,-2.22044604925E-16));
#3964 = ORIENTED_EDGE('',*,*,#1306,.F.);
#3965 = ORIENTED_EDGE('',*,*,#3943,.T.);
#3966 = ORIENTED_EDGE('',*,*,#1474,.F.);
#3967 = PLANE('',#3968);
#3968 = AXIS2_PLACEMENT_3D('',#3969,#3970,#3971);
#3969 = CARTESIAN_POINT('',(17.397786304492,-31.,9.58524365882));
#3970 = DIRECTION('',(-0.973044493613,5.120736308023E-17,0.230617461287)
  );
#3971 = DIRECTION('',(-0.230617461287,-2.160592801587E-16,
    -0.973044493613));
#3972 = ADVANCED_FACE('',(#3973),#3984,.F.);
#3973 = FACE_BOUND('',#3974,.F.);
#3974 = EDGE_LOOP('',(#3975,#3976,#3977,#3978));
#3975 = ORIENTED_EDGE('',*,*,#1298,.F.);
#3976 = ORIENTED_EDGE('',*,*,#3959,.T.);
#3977 = ORIENTED_EDGE('',*,*,#1482,.F.);
#3978 = ORIENTED_EDGE('',*,*,#3979,.F.);
#3979 = EDGE_CURVE('',#1291,#1483,#3980,.T.);
#3980 = LINE('',#3981,#3982);
#3981 = CARTESIAN_POINT('',(17.995095,-31.,4.300362));
#3982 = VECTOR('',#3983,1.);
#3983 = DIRECTION('',(0.,1.,-2.22044604925E-16));
#3984 = PLANE('',#3985);
#3985 = AXIS2_PLACEMENT_3D('',#3986,#3987,#3988);
#3986 = CARTESIAN_POINT('',(16.244698998053,-31.,4.720021190737));
#3987 = DIRECTION('',(-0.233143994854,-2.159255492859E-16,
    -0.972442223304));
#3988 = DIRECTION('',(0.972442223304,-5.176836622791E-17,-0.233143994854
    ));
#3989 = ADVANCED_FACE('',(#3990),#4001,.F.);
#3990 = FACE_BOUND('',#3991,.F.);
#3991 = EDGE_LOOP('',(#3992,#3993,#3994,#3995));
#3992 = ORIENTED_EDGE('',*,*,#1290,.F.);
#3993 = ORIENTED_EDGE('',*,*,#3979,.T.);
#3994 = ORIENTED_EDGE('',*,*,#1490,.F.);
#3995 = ORIENTED_EDGE('',*,*,#3996,.T.);
#3996 = EDGE_CURVE('',#1491,#1283,#3997,.T.);
#3997 = LINE('',#3998,#3999);
#3998 = CARTESIAN_POINT('',(18.160913459936,-27.,5.));
#3999 = VECTOR('',#4000,1.);
#4000 = DIRECTION('',(-5.26259214418E-17,-1.,1.972152263053E-31));
#4001 = PLANE('',#4002);
#4002 = AXIS2_PLACEMENT_3D('',#4003,#4004,#4005);
#4003 = CARTESIAN_POINT('',(17.995095,-31.,4.300362));
#4004 = DIRECTION('',(0.973044493613,-5.120736308023E-17,-0.230617461287
    ));
#4005 = DIRECTION('',(0.230617461287,2.160592801587E-16,0.973044493613)
  );
#4006 = ADVANCED_FACE('',(#4007),#4026,.F.);
#4007 = FACE_BOUND('',#4008,.F.);
#4008 = EDGE_LOOP('',(#4009,#4015,#4016,#4017,#4018,#4019,#4025));
#4009 = ORIENTED_EDGE('',*,*,#4010,.F.);
#4010 = EDGE_CURVE('',#1275,#1659,#4011,.T.);
#4011 = LINE('',#4012,#4013);
#4012 = CARTESIAN_POINT('',(24.099999999999,-27.,5.));
#4013 = VECTOR('',#4014,1.);
#4014 = DIRECTION('',(0.,1.,-1.479114197289E-31));
#4015 = ORIENTED_EDGE('',*,*,#1282,.T.);
#4016 = ORIENTED_EDGE('',*,*,#3996,.F.);
#4017 = ORIENTED_EDGE('',*,*,#1498,.T.);
#4018 = ORIENTED_EDGE('',*,*,#1569,.F.);
#4019 = ORIENTED_EDGE('',*,*,#4020,.F.);
#4020 = EDGE_CURVE('',#1651,#1562,#4021,.T.);
#4021 = LINE('',#4022,#4023);
#4022 = CARTESIAN_POINT('',(18.160913459936,-27.,5.));
#4023 = VECTOR('',#4024,1.);
#4024 = DIRECTION('',(-5.26259214418E-17,-1.,1.972152263053E-31));
#4025 = ORIENTED_EDGE('',*,*,#1658,.T.);
#4026 = PLANE('',#4027);
#4027 = AXIS2_PLACEMENT_3D('',#4028,#4029,#4030);
#4028 = CARTESIAN_POINT('',(49.999999999996,-23.,5.));
#4029 = DIRECTION('',(-2.22044604925E-16,-1.479114197289E-31,-1.));
#4030 = DIRECTION('',(0.,1.,-1.479114197289E-31));
#4031 = ADVANCED_FACE('',(#4032),#4038,.F.);
#4032 = FACE_BOUND('',#4033,.F.);
#4033 = EDGE_LOOP('',(#4034,#4035,#4036,#4037));
#4034 = ORIENTED_EDGE('',*,*,#3810,.F.);
#4035 = ORIENTED_EDGE('',*,*,#1274,.F.);
#4036 = ORIENTED_EDGE('',*,*,#4010,.T.);
#4037 = ORIENTED_EDGE('',*,*,#1666,.F.);
#4038 = PLANE('',#4039);
#4039 = AXIS2_PLACEMENT_3D('',#4040,#4041,#4042);
#4040 = CARTESIAN_POINT('',(24.099999999999,-31.,8.580276292657));
#4041 = DIRECTION('',(-1.,0.,-0.));
#4042 = DIRECTION('',(0.,-2.22044604925E-16,-1.));
#4043 = ADVANCED_FACE('',(#4044),#4055,.F.);
#4044 = FACE_BOUND('',#4045,.F.);
#4045 = EDGE_LOOP('',(#4046,#4047,#4053,#4054));
#4046 = ORIENTED_EDGE('',*,*,#3493,.F.);
#4047 = ORIENTED_EDGE('',*,*,#4048,.T.);
#4048 = EDGE_CURVE('',#3486,#3429,#4049,.T.);
#4049 = LINE('',#4050,#4051);
#4050 = CARTESIAN_POINT('',(49.999999999996,-23.,5.));
#4051 = VECTOR('',#4052,1.);
#4052 = DIRECTION('',(-1.,3.284293275761E-47,2.22044604925E-16));
#4053 = ORIENTED_EDGE('',*,*,#3428,.F.);
#4054 = ORIENTED_EDGE('',*,*,#1402,.F.);
#4055 = PLANE('',#4056);
#4056 = AXIS2_PLACEMENT_3D('',#4057,#4058,#4059);
#4057 = CARTESIAN_POINT('',(49.999999999996,-23.,5.));
#4058 = DIRECTION('',(-2.22044604925E-16,-1.479114197289E-31,-1.));
#4059 = DIRECTION('',(0.,1.,-1.479114197289E-31));
#4060 = ADVANCED_FACE('',(#4061),#4072,.F.);
#4061 = FACE_BOUND('',#4062,.F.);
#4062 = EDGE_LOOP('',(#4063,#4064,#4070,#4071));
#4063 = ORIENTED_EDGE('',*,*,#3599,.F.);
#4064 = ORIENTED_EDGE('',*,*,#4065,.T.);
#4065 = EDGE_CURVE('',#3592,#3535,#4066,.T.);
#4066 = LINE('',#4067,#4068);
#4067 = CARTESIAN_POINT('',(49.999999999996,-23.,5.));
#4068 = VECTOR('',#4069,1.);
#4069 = DIRECTION('',(-1.,3.284293275761E-47,2.22044604925E-16));
#4070 = ORIENTED_EDGE('',*,*,#3534,.F.);
#4071 = ORIENTED_EDGE('',*,*,#1370,.F.);
#4072 = PLANE('',#4073);
#4073 = AXIS2_PLACEMENT_3D('',#4074,#4075,#4076);
#4074 = CARTESIAN_POINT('',(49.999999999996,-23.,5.));
#4075 = DIRECTION('',(-2.22044604925E-16,-1.479114197289E-31,-1.));
#4076 = DIRECTION('',(0.,1.,-1.479114197289E-31));
#4077 = ADVANCED_FACE('',(#4078),#4083,.F.);
#4078 = FACE_BOUND('',#4079,.F.);
#4079 = EDGE_LOOP('',(#4080,#4081,#4082));
#4080 = ORIENTED_EDGE('',*,*,#1585,.F.);
#4081 = ORIENTED_EDGE('',*,*,#1458,.T.);
#4082 = ORIENTED_EDGE('',*,*,#2302,.T.);
#4083 = PLANE('',#4084);
#4084 = AXIS2_PLACEMENT_3D('',#4085,#4086,#4087);
#4085 = CARTESIAN_POINT('',(24.999999999998,-15.5,5.));
#4086 = DIRECTION('',(0.,9.860761315263E-32,1.));
#4087 = DIRECTION('',(1.,0.,0.));
#4088 = ADVANCED_FACE('',(#4089),#4100,.F.);
#4089 = FACE_BOUND('',#4090,.F.);
#4090 = EDGE_LOOP('',(#4091,#4092,#4098,#4099));
#4091 = ORIENTED_EDGE('',*,*,#1561,.T.);
#4092 = ORIENTED_EDGE('',*,*,#4093,.T.);
#4093 = EDGE_CURVE('',#1554,#1643,#4094,.T.);
#4094 = LINE('',#4095,#4096);
#4095 = CARTESIAN_POINT('',(17.995095,-31.,4.300362));
#4096 = VECTOR('',#4097,1.);
#4097 = DIRECTION('',(0.,1.,-2.22044604925E-16));
#4098 = ORIENTED_EDGE('',*,*,#1650,.F.);
#4099 = ORIENTED_EDGE('',*,*,#4020,.T.);
#4100 = PLANE('',#4101);
#4101 = AXIS2_PLACEMENT_3D('',#4102,#4103,#4104);
#4102 = CARTESIAN_POINT('',(17.995095,-31.,4.300362));
#4103 = DIRECTION('',(0.973044493613,-5.120736308023E-17,-0.230617461287
    ));
#4104 = DIRECTION('',(0.230617461287,2.160592801587E-16,0.973044493613)
  );
#4105 = ADVANCED_FACE('',(#4106),#4117,.F.);
#4106 = FACE_BOUND('',#4107,.F.);
#4107 = EDGE_LOOP('',(#4108,#4109,#4115,#4116));
#4108 = ORIENTED_EDGE('',*,*,#1553,.T.);
#4109 = ORIENTED_EDGE('',*,*,#4110,.T.);
#4110 = EDGE_CURVE('',#1546,#1635,#4111,.T.);
#4111 = LINE('',#4112,#4113);
#4112 = CARTESIAN_POINT('',(16.244698998053,-31.,4.720021190737));
#4113 = VECTOR('',#4114,1.);
#4114 = DIRECTION('',(0.,1.,-2.22044604925E-16));
#4115 = ORIENTED_EDGE('',*,*,#1642,.F.);
#4116 = ORIENTED_EDGE('',*,*,#4093,.F.);
#4117 = PLANE('',#4118);
#4118 = AXIS2_PLACEMENT_3D('',#4119,#4120,#4121);
#4119 = CARTESIAN_POINT('',(16.244698998053,-31.,4.720021190737));
#4120 = DIRECTION('',(-0.233143994854,-2.159255492859E-16,
    -0.972442223304));
#4121 = DIRECTION('',(0.972442223304,-5.176836622791E-17,-0.233143994854
    ));
#4122 = ADVANCED_FACE('',(#4123),#4134,.F.);
#4123 = FACE_BOUND('',#4124,.F.);
#4124 = EDGE_LOOP('',(#4125,#4126,#4127,#4133));
#4125 = ORIENTED_EDGE('',*,*,#4110,.F.);
#4126 = ORIENTED_EDGE('',*,*,#1545,.T.);
#4127 = ORIENTED_EDGE('',*,*,#4128,.T.);
#4128 = EDGE_CURVE('',#1538,#1627,#4129,.T.);
#4129 = LINE('',#4130,#4131);
#4130 = CARTESIAN_POINT('',(16.311055678175,-27.,5.));
#4131 = VECTOR('',#4132,1.);
#4132 = DIRECTION('',(5.26259214418E-17,1.,-1.972152263053E-31));
#4133 = ORIENTED_EDGE('',*,*,#1634,.F.);
#4134 = PLANE('',#4135);
#4135 = AXIS2_PLACEMENT_3D('',#4136,#4137,#4138);
#4136 = CARTESIAN_POINT('',(17.397786304492,-31.,9.58524365882));
#4137 = DIRECTION('',(-0.973044493613,5.120736308023E-17,0.230617461287)
  );
#4138 = DIRECTION('',(-0.230617461287,-2.160592801587E-16,
    -0.973044493613));
#4139 = ADVANCED_FACE('',(#4140),#4148,.F.);
#4140 = FACE_BOUND('',#4141,.F.);
#4141 = EDGE_LOOP('',(#4142,#4143,#4144,#4145,#4146,#4147));
#4142 = ORIENTED_EDGE('',*,*,#1626,.T.);
#4143 = ORIENTED_EDGE('',*,*,#4128,.F.);
#4144 = ORIENTED_EDGE('',*,*,#1537,.F.);
#4145 = ORIENTED_EDGE('',*,*,#2084,.F.);
#4146 = ORIENTED_EDGE('',*,*,#2871,.F.);
#4147 = ORIENTED_EDGE('',*,*,#1770,.F.);
#4148 = PLANE('',#4149);
#4149 = AXIS2_PLACEMENT_3D('',#4150,#4151,#4152);
#4150 = CARTESIAN_POINT('',(49.999999999996,-23.,5.));
#4151 = DIRECTION('',(-2.22044604925E-16,-1.479114197289E-31,-1.));
#4152 = DIRECTION('',(0.,1.,-1.479114197289E-31));
#4153 = ADVANCED_FACE('',(#4154),#4159,.F.);
#4154 = FACE_BOUND('',#4155,.F.);
#4155 = EDGE_LOOP('',(#4156,#4157,#4158));
#4156 = ORIENTED_EDGE('',*,*,#1601,.F.);
#4157 = ORIENTED_EDGE('',*,*,#2090,.F.);
#4158 = ORIENTED_EDGE('',*,*,#1529,.F.);
#4159 = PLANE('',#4160);
#4160 = AXIS2_PLACEMENT_3D('',#4161,#4162,#4163);
#4161 = CARTESIAN_POINT('',(24.999999999998,-15.5,5.));
#4162 = DIRECTION('',(0.,9.860761315263E-32,1.));
#4163 = DIRECTION('',(1.,0.,0.));
#4164 = ADVANCED_FACE('',(#4165),#4178,.F.);
#4165 = FACE_BOUND('',#4166,.F.);
#4166 = EDGE_LOOP('',(#4167,#4168,#4174,#4175,#4176,#4177));
#4167 = ORIENTED_EDGE('',*,*,#1898,.T.);
#4168 = ORIENTED_EDGE('',*,*,#4169,.F.);
#4169 = EDGE_CURVE('',#1739,#1899,#4170,.T.);
#4170 = LINE('',#4171,#4172);
#4171 = CARTESIAN_POINT('',(33.959227816206,-27.,5.));
#4172 = VECTOR('',#4173,1.);
#4173 = DIRECTION('',(5.261315641987E-17,-1.,1.479114197289E-31));
#4174 = ORIENTED_EDGE('',*,*,#1746,.T.);
#4175 = ORIENTED_EDGE('',*,*,#1866,.F.);
#4176 = ORIENTED_EDGE('',*,*,#2610,.F.);
#4177 = ORIENTED_EDGE('',*,*,#3046,.F.);
#4178 = PLANE('',#4179);
#4179 = AXIS2_PLACEMENT_3D('',#4180,#4181,#4182);
#4180 = CARTESIAN_POINT('',(49.999999999996,-23.,5.));
#4181 = DIRECTION('',(-2.22044604925E-16,-1.479114197289E-31,-1.));
#4182 = DIRECTION('',(0.,1.,-1.479114197289E-31));
#4183 = ADVANCED_FACE('',(#4184),#4195,.F.);
#4184 = FACE_BOUND('',#4185,.F.);
#4185 = EDGE_LOOP('',(#4186,#4187,#4193,#4194));
#4186 = ORIENTED_EDGE('',*,*,#1906,.F.);
#4187 = ORIENTED_EDGE('',*,*,#4188,.T.);
#4188 = EDGE_CURVE('',#1907,#1731,#4189,.T.);
#4189 = LINE('',#4190,#4191);
#4190 = CARTESIAN_POINT('',(34.008869236382,-31.,4.79049708702));
#4191 = VECTOR('',#4192,1.);
#4192 = DIRECTION('',(0.,1.,-2.22044604925E-16));
#4193 = ORIENTED_EDGE('',*,*,#1738,.F.);
#4194 = ORIENTED_EDGE('',*,*,#4169,.T.);
#4195 = PLANE('',#4196);
#4196 = AXIS2_PLACEMENT_3D('',#4197,#4198,#4199);
#4197 = CARTESIAN_POINT('',(34.008869236382,-31.,4.79049708702));
#4198 = DIRECTION('',(0.973057045084,5.119560251848E-17,0.230564496425)
  );
#4199 = DIRECTION('',(-0.230564496425,2.160620671453E-16,0.973057045084)
  );
#4200 = ADVANCED_FACE('',(#4201),#4212,.F.);
#4201 = FACE_BOUND('',#4202,.F.);
#4202 = EDGE_LOOP('',(#4203,#4204,#4210,#4211));
#4203 = ORIENTED_EDGE('',*,*,#1914,.F.);
#4204 = ORIENTED_EDGE('',*,*,#4205,.T.);
#4205 = EDGE_CURVE('',#1915,#1723,#4206,.T.);
#4206 = LINE('',#4207,#4208);
#4207 = CARTESIAN_POINT('',(32.262376,-31.,4.354881));
#4208 = VECTOR('',#4209,1.);
#4209 = DIRECTION('',(0.,1.,-2.22044604925E-16));
#4210 = ORIENTED_EDGE('',*,*,#1730,.F.);
#4211 = ORIENTED_EDGE('',*,*,#4188,.F.);
#4212 = PLANE('',#4213);
#4213 = AXIS2_PLACEMENT_3D('',#4214,#4215,#4216);
#4214 = CARTESIAN_POINT('',(32.262376,-31.,4.354881));
#4215 = DIRECTION('',(0.242008937233,-2.154441114871E-16,-0.970274020212
    ));
#4216 = DIRECTION('',(0.970274020212,5.373677885633E-17,0.242008937233)
  );
#4217 = ADVANCED_FACE('',(#4218),#4224,.F.);
#4218 = FACE_BOUND('',#4219,.F.);
#4219 = EDGE_LOOP('',(#4220,#4221,#4222,#4223));
#4220 = ORIENTED_EDGE('',*,*,#4205,.F.);
#4221 = ORIENTED_EDGE('',*,*,#1922,.F.);
#4222 = ORIENTED_EDGE('',*,*,#3860,.T.);
#4223 = ORIENTED_EDGE('',*,*,#1722,.F.);
#4224 = PLANE('',#4225);
#4225 = AXIS2_PLACEMENT_3D('',#4226,#4227,#4228);
#4226 = CARTESIAN_POINT('',(31.109553517874,-31.,9.220166225421));
#4227 = DIRECTION('',(-0.973057045084,-5.119560251848E-17,
    -0.230564496425));
#4228 = DIRECTION('',(0.230564496425,-2.160620671453E-16,-0.973057045084
    ));
#4229 = ADVANCED_FACE('',(#4230),#4241,.F.);
#4230 = FACE_BOUND('',#4231,.F.);
#4231 = EDGE_LOOP('',(#4232,#4238,#4239,#4240));
#4232 = ORIENTED_EDGE('',*,*,#4233,.F.);
#4233 = EDGE_CURVE('',#2650,#2709,#4234,.T.);
#4234 = LINE('',#4235,#4236);
#4235 = CARTESIAN_POINT('',(49.999999999996,-8.,5.));
#4236 = VECTOR('',#4237,1.);
#4237 = DIRECTION('',(-1.,3.284293275761E-47,2.22044604925E-16));
#4238 = ORIENTED_EDGE('',*,*,#2668,.F.);
#4239 = ORIENTED_EDGE('',*,*,#1834,.F.);
#4240 = ORIENTED_EDGE('',*,*,#2716,.F.);
#4241 = PLANE('',#4242);
#4242 = AXIS2_PLACEMENT_3D('',#4243,#4244,#4245);
#4243 = CARTESIAN_POINT('',(49.999999999996,-23.,5.));
#4244 = DIRECTION('',(-2.22044604925E-16,-1.479114197289E-31,-1.));
#4245 = DIRECTION('',(0.,1.,-1.479114197289E-31));
#4246 = ADVANCED_FACE('',(#4247),#4258,.F.);
#4247 = FACE_BOUND('',#4248,.F.);
#4248 = EDGE_LOOP('',(#4249,#4255,#4256,#4257));
#4249 = ORIENTED_EDGE('',*,*,#4250,.F.);
#4250 = EDGE_CURVE('',#2756,#2815,#4251,.T.);
#4251 = LINE('',#4252,#4253);
#4252 = CARTESIAN_POINT('',(49.999999999996,-8.,5.));
#4253 = VECTOR('',#4254,1.);
#4254 = DIRECTION('',(-1.,3.284293275761E-47,2.22044604925E-16));
#4255 = ORIENTED_EDGE('',*,*,#2774,.F.);
#4256 = ORIENTED_EDGE('',*,*,#1802,.F.);
#4257 = ORIENTED_EDGE('',*,*,#2822,.F.);
#4258 = PLANE('',#4259);
#4259 = AXIS2_PLACEMENT_3D('',#4260,#4261,#4262);
#4260 = CARTESIAN_POINT('',(49.999999999996,-23.,5.));
#4261 = DIRECTION('',(-2.22044604925E-16,-1.479114197289E-31,-1.));
#4262 = DIRECTION('',(0.,1.,-1.479114197289E-31));
#4263 = ADVANCED_FACE('',(#4264),#4269,.F.);
#4264 = FACE_BOUND('',#4265,.F.);
#4265 = EDGE_LOOP('',(#4266,#4267,#4268));
#4266 = ORIENTED_EDGE('',*,*,#2017,.F.);
#4267 = ORIENTED_EDGE('',*,*,#1890,.T.);
#4268 = ORIENTED_EDGE('',*,*,#3040,.F.);
#4269 = PLANE('',#4270);
#4270 = AXIS2_PLACEMENT_3D('',#4271,#4272,#4273);
#4271 = CARTESIAN_POINT('',(24.999999999998,-15.5,5.));
#4272 = DIRECTION('',(0.,9.860761315263E-32,1.));
#4273 = DIRECTION('',(1.,0.,0.));
#4274 = ADVANCED_FACE('',(#4275),#4280,.F.);
#4275 = FACE_BOUND('',#4276,.F.);
#4276 = EDGE_LOOP('',(#4277,#4278,#4279));
#4277 = ORIENTED_EDGE('',*,*,#2033,.F.);
#4278 = ORIENTED_EDGE('',*,*,#3187,.T.);
#4279 = ORIENTED_EDGE('',*,*,#1961,.F.);
#4280 = PLANE('',#4281);
#4281 = AXIS2_PLACEMENT_3D('',#4282,#4283,#4284);
#4282 = CARTESIAN_POINT('',(24.999999999998,-15.5,5.));
#4283 = DIRECTION('',(0.,9.860761315263E-32,1.));
#4284 = DIRECTION('',(1.,0.,0.));
#4285 = ADVANCED_FACE('',(#4286),#4292,.F.);
#4286 = FACE_BOUND('',#4287,.F.);
#4287 = EDGE_LOOP('',(#4288,#4289,#4290,#4291));
#4288 = ORIENTED_EDGE('',*,*,#2649,.F.);
#4289 = ORIENTED_EDGE('',*,*,#4233,.T.);
#4290 = ORIENTED_EDGE('',*,*,#2708,.F.);
#4291 = ORIENTED_EDGE('',*,*,#2692,.F.);
#4292 = PLANE('',#4293);
#4293 = AXIS2_PLACEMENT_3D('',#4294,#4295,#4296);
#4294 = CARTESIAN_POINT('',(49.999999999996,-8.,5.));
#4295 = DIRECTION('',(0.,1.,-1.479114197289E-31));
#4296 = DIRECTION('',(2.22044604925E-16,1.479114197289E-31,1.));
#4297 = ADVANCED_FACE('',(#4298),#4304,.F.);
#4298 = FACE_BOUND('',#4299,.F.);
#4299 = EDGE_LOOP('',(#4300,#4301,#4302,#4303));
#4300 = ORIENTED_EDGE('',*,*,#2755,.F.);
#4301 = ORIENTED_EDGE('',*,*,#4250,.T.);
#4302 = ORIENTED_EDGE('',*,*,#2814,.F.);
#4303 = ORIENTED_EDGE('',*,*,#2798,.F.);
#4304 = PLANE('',#4305);
#4305 = AXIS2_PLACEMENT_3D('',#4306,#4307,#4308);
#4306 = CARTESIAN_POINT('',(49.999999999996,-8.,5.));
#4307 = DIRECTION('',(0.,1.,-1.479114197289E-31));
#4308 = DIRECTION('',(2.22044604925E-16,1.479114197289E-31,1.));
#4309 = ADVANCED_FACE('',(#4310),#4316,.F.);
#4310 = FACE_BOUND('',#4311,.F.);
#4311 = EDGE_LOOP('',(#4312,#4313,#4314,#4315));
#4312 = ORIENTED_EDGE('',*,*,#4048,.F.);
#4313 = ORIENTED_EDGE('',*,*,#3485,.F.);
#4314 = ORIENTED_EDGE('',*,*,#3466,.T.);
#4315 = ORIENTED_EDGE('',*,*,#3436,.F.);
#4316 = PLANE('',#4317);
#4317 = AXIS2_PLACEMENT_3D('',#4318,#4319,#4320);
#4318 = CARTESIAN_POINT('',(49.999999999996,-23.,22.));
#4319 = DIRECTION('',(0.,-1.,1.479114197289E-31));
#4320 = DIRECTION('',(-2.22044604925E-16,-1.479114197289E-31,-1.));
#4321 = ADVANCED_FACE('',(#4322),#4328,.F.);
#4322 = FACE_BOUND('',#4323,.F.);
#4323 = EDGE_LOOP('',(#4324,#4325,#4326,#4327));
#4324 = ORIENTED_EDGE('',*,*,#4065,.F.);
#4325 = ORIENTED_EDGE('',*,*,#3591,.F.);
#4326 = ORIENTED_EDGE('',*,*,#3572,.T.);
#4327 = ORIENTED_EDGE('',*,*,#3542,.F.);
#4328 = PLANE('',#4329);
#4329 = AXIS2_PLACEMENT_3D('',#4330,#4331,#4332);
#4330 = CARTESIAN_POINT('',(49.999999999996,-23.,22.));
#4331 = DIRECTION('',(0.,-1.,1.479114197289E-31));
#4332 = DIRECTION('',(-2.22044604925E-16,-1.479114197289E-31,-1.));
#4333 = ( GEOMETRIC_REPRESENTATION_CONTEXT(3) 
GLOBAL_UNCERTAINTY_ASSIGNED_CONTEXT((#4337)) 
GLOBAL_UNIT_ASSIGNED_CONTEXT((#4334,#4335,#4336)) REPRESENTATION_CONTEXT
('Context #1','3D Context with UNIT and UNCERTAINTY') );
#4334 = ( LENGTH_UNIT() NAMED_UNIT(*) SI_UNIT(.MILLI.,.METRE.) );
#4335 = ( NAMED_UNIT(*) PLANE_ANGLE_UNIT() SI_UNIT($,.RADIAN.) );
#4336 = ( NAMED_UNIT(*) SI_UNIT($,.STERADIAN.) SOLID_ANGLE_UNIT() );
#4337 = UNCERTAINTY_MEASURE_WITH_UNIT(LENGTH_MEASURE(5.E-05),#4334,
  'distance_accuracy_value','confusion accuracy');
#4338 = PRODUCT_RELATED_PRODUCT_CATEGORY('part',$,(#7));
#4339 = MECHANICAL_DESIGN_GEOMETRIC_PRESENTATION_REPRESENTATION('',(
    #4340),#4333);
#4340 = STYLED_ITEM('color',(#4341),#15);
#4341 = PRESENTATION_STYLE_ASSIGNMENT((#4342,#4348));
#4342 = SURFACE_STYLE_USAGE(.BOTH.,#4343);
#4343 = SURFACE_SIDE_STYLE('',(#4344));
#4344 = SURFACE_STYLE_FILL_AREA(#4345);
#4345 = FILL_AREA_STYLE('',(#4346));
#4346 = FILL_AREA_STYLE_COLOUR('',#4347);
#4347 = COLOUR_RGB('',0.678431390124,0.709803936702,0.741176476869);
#4348 = CURVE_STYLE('',#4349,POSITIVE_LENGTH_MEASURE(0.1),#4350);
#4349 = DRAUGHTING_PRE_DEFINED_CURVE_FONT('continuous');
#4350 = COLOUR_RGB('',9.803921802644E-02,9.803921802644E-02,
  9.803921802644E-02);
ENDSEC;
END-ISO-10303-21;
