ISO-10303-21;
HEADER;
FILE_DESCRIPTION(('FreeCAD Model'),'2;1');
FILE_NAME('Open CASCADE Shape Model','2026-08-08T23:39:21',(''),(''),
  'Open CASCADE STEP processor 7.8','FreeCAD','Unknown');
FILE_SCHEMA(('AUTOMOTIVE_DESIGN { 1 0 10303 214 1 1 1 1 }'));
ENDSEC;
DATA;
#1 = APPLICATION_PROTOCOL_DEFINITION('international standard',
  'automotive_design',2000,#2);
#2 = APPLICATION_CONTEXT(
  'core data for automotive mechanical design processes');
#3 = SHAPE_DEFINITION_REPRESENTATION(#4,#10);
#4 = PRODUCT_DEFINITION_SHAPE('','',#5);
#5 = PRODUCT_DEFINITION('design','',#6,#9);
#6 = PRODUCT_DEFINITION_FORMATION('','',#7);
#7 = PRODUCT('Body','Body','',(#8));
#8 = PRODUCT_CONTEXT('',#2,'mechanical');
#9 = PRODUCT_DEFINITION_CONTEXT('part definition',#2,'design');
#10 = ADVANCED_BREP_SHAPE_REPRESENTATION('',(#11,#15),#2783);
#11 = AXIS2_PLACEMENT_3D('',#12,#13,#14);
#12 = CARTESIAN_POINT('',(0.,0.,0.));
#13 = DIRECTION('',(0.,0.,1.));
#14 = DIRECTION('',(1.,0.,-0.));
#15 = MANIFOLD_SOLID_BREP('',#16);
#16 = CLOSED_SHELL('',(#17,#97,#128,#152,#176,#200,#224,#248,#505,#529,
    #546,#563,#596,#653,#695,#753,#778,#817,#842,#881,#906,#945,#970,
    #1002,#1081,#1145,#1169,#1226,#1259,#1284,#1315,#1340,#1371,#1395,
    #1419,#1436,#1461,#1486,#1510,#1604,#1621,#1645,#1819,#1836,#1848,
    #1865,#1882,#1899,#1916,#1933,#1950,#1967,#1979,#1995,#2026,#2050,
    #2074,#2090,#2107,#2124,#2141,#2158,#2175,#2187,#2204,#2216,#2236,
    #2248,#2332,#2370,#2408,#2425,#2457,#2481,#2506,#2528,#2540,#2559,
    #2576,#2588,#2612,#2630,#2660,#2678,#2708,#2720,#2745,#2765));
#17 = ADVANCED_FACE('',(#18),#92,.F.);
#18 = FACE_BOUND('',#19,.F.);
#19 = EDGE_LOOP('',(#20,#30,#38,#46,#54,#62,#70,#78,#86));
#20 = ORIENTED_EDGE('',*,*,#21,.T.);
#21 = EDGE_CURVE('',#22,#24,#26,.T.);
#22 = VERTEX_POINT('',#23);
#23 = CARTESIAN_POINT('',(-3.749999999993,1.25,6.6));
#24 = VERTEX_POINT('',#25);
#25 = CARTESIAN_POINT('',(-3.749999999993,1.25,7.));
#26 = LINE('',#27,#28);
#27 = CARTESIAN_POINT('',(-3.749999999993,1.25,1.5));
#28 = VECTOR('',#29,1.);
#29 = DIRECTION('',(0.,0.,1.));
#30 = ORIENTED_EDGE('',*,*,#31,.T.);
#31 = EDGE_CURVE('',#24,#32,#34,.T.);
#32 = VERTEX_POINT('',#33);
#33 = CARTESIAN_POINT('',(-5.999999999993,-1.,7.));
#34 = LINE('',#35,#36);
#35 = CARTESIAN_POINT('',(-3.749999999993,1.25,7.));
#36 = VECTOR('',#37,1.);
#37 = DIRECTION('',(-0.707106781187,-0.707106781187,0.));
#38 = ORIENTED_EDGE('',*,*,#39,.F.);
#39 = EDGE_CURVE('',#40,#32,#42,.T.);
#40 = VERTEX_POINT('',#41);
#41 = CARTESIAN_POINT('',(-5.999999999993,-1.,1.5));
#42 = LINE('',#43,#44);
#43 = CARTESIAN_POINT('',(-5.999999999993,-1.,1.5));
#44 = VECTOR('',#45,1.);
#45 = DIRECTION('',(0.,0.,1.));
#46 = ORIENTED_EDGE('',*,*,#47,.F.);
#47 = EDGE_CURVE('',#48,#40,#50,.T.);
#48 = VERTEX_POINT('',#49);
#49 = CARTESIAN_POINT('',(-3.749999999993,1.25,1.5));
#50 = LINE('',#51,#52);
#51 = CARTESIAN_POINT('',(-3.749999999993,1.25,1.5));
#52 = VECTOR('',#53,1.);
#53 = DIRECTION('',(-0.707106781187,-0.707106781187,0.));
#54 = ORIENTED_EDGE('',*,*,#55,.T.);
#55 = EDGE_CURVE('',#48,#56,#58,.T.);
#56 = VERTEX_POINT('',#57);
#57 = CARTESIAN_POINT('',(-3.749999999993,1.25,4.1));
#58 = LINE('',#59,#60);
#59 = CARTESIAN_POINT('',(-3.749999999993,1.25,1.5));
#60 = VECTOR('',#61,1.);
#61 = DIRECTION('',(0.,0.,1.));
#62 = ORIENTED_EDGE('',*,*,#63,.T.);
#63 = EDGE_CURVE('',#56,#64,#66,.T.);
#64 = VERTEX_POINT('',#65);
#65 = CARTESIAN_POINT('',(-4.599999999993,0.4,4.1));
#66 = LINE('',#67,#68);
#67 = CARTESIAN_POINT('',(-0.374999999995,4.624999999998,4.1));
#68 = VECTOR('',#69,1.);
#69 = DIRECTION('',(-0.707106781187,-0.707106781187,0.));
#70 = ORIENTED_EDGE('',*,*,#71,.T.);
#71 = EDGE_CURVE('',#64,#72,#74,.T.);
#72 = VERTEX_POINT('',#73);
#73 = CARTESIAN_POINT('',(-4.599999999993,0.4,5.8));
#74 = LINE('',#75,#76);
#75 = CARTESIAN_POINT('',(-4.599999999993,0.4,2.8));
#76 = VECTOR('',#77,1.);
#77 = DIRECTION('',(0.,0.,1.));
#78 = ORIENTED_EDGE('',*,*,#79,.F.);
#79 = EDGE_CURVE('',#80,#72,#82,.T.);
#80 = VERTEX_POINT('',#81);
#81 = CARTESIAN_POINT('',(-4.549999999993,0.45,5.8));
#82 = LINE('',#83,#84);
#83 = CARTESIAN_POINT('',(-0.374999999995,4.624999999998,5.8));
#84 = VECTOR('',#85,1.);
#85 = DIRECTION('',(-0.707106781187,-0.707106781187,0.));
#86 = ORIENTED_EDGE('',*,*,#87,.F.);
#87 = EDGE_CURVE('',#22,#80,#88,.T.);
#88 = LINE('',#89,#90);
#89 = CARTESIAN_POINT('',(-4.733333333326,0.266666666667,5.616666666667)
  );
#90 = VECTOR('',#91,1.);
#91 = DIRECTION('',(-0.57735026919,-0.57735026919,-0.57735026919));
#92 = PLANE('',#93);
#93 = AXIS2_PLACEMENT_3D('',#94,#95,#96);
#94 = CARTESIAN_POINT('',(-3.749999999993,1.25,1.5));
#95 = DIRECTION('',(0.707106781187,-0.707106781187,0.));
#96 = DIRECTION('',(-0.707106781187,-0.707106781187,0.));
#97 = ADVANCED_FACE('',(#98),#123,.T.);
#98 = FACE_BOUND('',#99,.T.);
#99 = EDGE_LOOP('',(#100,#110,#116,#117));
#100 = ORIENTED_EDGE('',*,*,#101,.F.);
#101 = EDGE_CURVE('',#102,#104,#106,.T.);
#102 = VERTEX_POINT('',#103);
#103 = CARTESIAN_POINT('',(8.250000000007,1.25,6.6));
#104 = VERTEX_POINT('',#105);
#105 = CARTESIAN_POINT('',(8.250000000007,1.25,7.));
#106 = LINE('',#107,#108);
#107 = CARTESIAN_POINT('',(8.250000000007,1.25,1.5));
#108 = VECTOR('',#109,1.);
#109 = DIRECTION('',(0.,0.,1.));
#110 = ORIENTED_EDGE('',*,*,#111,.F.);
#111 = EDGE_CURVE('',#22,#102,#112,.T.);
#112 = LINE('',#113,#114);
#113 = CARTESIAN_POINT('',(-3.749999999993,1.25,6.6));
#114 = VECTOR('',#115,1.);
#115 = DIRECTION('',(1.,0.,0.));
#116 = ORIENTED_EDGE('',*,*,#21,.T.);
#117 = ORIENTED_EDGE('',*,*,#118,.T.);
#118 = EDGE_CURVE('',#24,#104,#119,.T.);
#119 = LINE('',#120,#121);
#120 = CARTESIAN_POINT('',(-3.749999999993,1.25,7.));
#121 = VECTOR('',#122,1.);
#122 = DIRECTION('',(1.,0.,0.));
#123 = PLANE('',#124);
#124 = AXIS2_PLACEMENT_3D('',#125,#126,#127);
#125 = CARTESIAN_POINT('',(-3.749999999993,1.25,1.5));
#126 = DIRECTION('',(0.,1.,0.));
#127 = DIRECTION('',(1.,0.,0.));
#128 = ADVANCED_FACE('',(#129),#147,.F.);
#129 = FACE_BOUND('',#130,.T.);
#130 = EDGE_LOOP('',(#131,#132,#133,#141));
#131 = ORIENTED_EDGE('',*,*,#87,.F.);
#132 = ORIENTED_EDGE('',*,*,#111,.T.);
#133 = ORIENTED_EDGE('',*,*,#134,.T.);
#134 = EDGE_CURVE('',#102,#135,#137,.T.);
#135 = VERTEX_POINT('',#136);
#136 = CARTESIAN_POINT('',(9.050000000004,0.45,5.8));
#137 = LINE('',#138,#139);
#138 = CARTESIAN_POINT('',(7.983333333345,1.516666666663,6.866666666663)
  );
#139 = VECTOR('',#140,1.);
#140 = DIRECTION('',(0.577350269188,-0.57735026919,-0.57735026919));
#141 = ORIENTED_EDGE('',*,*,#142,.F.);
#142 = EDGE_CURVE('',#80,#135,#143,.T.);
#143 = LINE('',#144,#145);
#144 = CARTESIAN_POINT('',(-3.749999999993,0.45,5.8));
#145 = VECTOR('',#146,1.);
#146 = DIRECTION('',(1.,0.,0.));
#147 = PLANE('',#148);
#148 = AXIS2_PLACEMENT_3D('',#149,#150,#151);
#149 = CARTESIAN_POINT('',(-3.749999999993,0.85,6.2));
#150 = DIRECTION('',(-6.983161618628E-18,-0.707106781187,0.707106781187)
  );
#151 = DIRECTION('',(-1.,4.937840934654E-18,-4.937840934654E-18));
#152 = ADVANCED_FACE('',(#153),#171,.T.);
#153 = FACE_BOUND('',#154,.T.);
#154 = EDGE_LOOP('',(#155,#156,#164,#170));
#155 = ORIENTED_EDGE('',*,*,#31,.T.);
#156 = ORIENTED_EDGE('',*,*,#157,.T.);
#157 = EDGE_CURVE('',#32,#158,#160,.T.);
#158 = VERTEX_POINT('',#159);
#159 = CARTESIAN_POINT('',(10.499999999999,-1.,7.));
#160 = LINE('',#161,#162);
#161 = CARTESIAN_POINT('',(-5.999999999993,-1.,7.));
#162 = VECTOR('',#163,1.);
#163 = DIRECTION('',(1.,0.,0.));
#164 = ORIENTED_EDGE('',*,*,#165,.T.);
#165 = EDGE_CURVE('',#158,#104,#166,.T.);
#166 = LINE('',#167,#168);
#167 = CARTESIAN_POINT('',(10.499999999999,-1.,7.));
#168 = VECTOR('',#169,1.);
#169 = DIRECTION('',(-0.707106781185,0.707106781188,0.));
#170 = ORIENTED_EDGE('',*,*,#118,.F.);
#171 = PLANE('',#172);
#172 = AXIS2_PLACEMENT_3D('',#173,#174,#175);
#173 = CARTESIAN_POINT('',(-0.316258398779,9.5,7.));
#174 = DIRECTION('',(0.,0.,1.));
#175 = DIRECTION('',(1.,0.,0.));
#176 = ADVANCED_FACE('',(#177),#195,.F.);
#177 = FACE_BOUND('',#178,.F.);
#178 = EDGE_LOOP('',(#179,#180,#188,#194));
#179 = ORIENTED_EDGE('',*,*,#79,.T.);
#180 = ORIENTED_EDGE('',*,*,#181,.T.);
#181 = EDGE_CURVE('',#72,#182,#184,.T.);
#182 = VERTEX_POINT('',#183);
#183 = CARTESIAN_POINT('',(9.100000000004,0.4,5.8));
#184 = LINE('',#185,#186);
#185 = CARTESIAN_POINT('',(-7.5,0.4,5.8));
#186 = VECTOR('',#187,1.);
#187 = DIRECTION('',(1.,0.,0.));
#188 = ORIENTED_EDGE('',*,*,#189,.T.);
#189 = EDGE_CURVE('',#182,#135,#190,.T.);
#190 = LINE('',#191,#192);
#191 = CARTESIAN_POINT('',(5.625000000007,3.875000000009,5.8));
#192 = VECTOR('',#193,1.);
#193 = DIRECTION('',(-0.707106781185,0.707106781188,0.));
#194 = ORIENTED_EDGE('',*,*,#142,.F.);
#195 = PLANE('',#196);
#196 = AXIS2_PLACEMENT_3D('',#197,#198,#199);
#197 = CARTESIAN_POINT('',(1.5,9.5,5.8));
#198 = DIRECTION('',(0.,0.,1.));
#199 = DIRECTION('',(1.,0.,0.));
#200 = ADVANCED_FACE('',(#201),#219,.F.);
#201 = FACE_BOUND('',#202,.F.);
#202 = EDGE_LOOP('',(#203,#204,#205,#213));
#203 = ORIENTED_EDGE('',*,*,#39,.T.);
#204 = ORIENTED_EDGE('',*,*,#157,.T.);
#205 = ORIENTED_EDGE('',*,*,#206,.F.);
#206 = EDGE_CURVE('',#207,#158,#209,.T.);
#207 = VERTEX_POINT('',#208);
#208 = CARTESIAN_POINT('',(10.499999999999,-1.,1.5));
#209 = LINE('',#210,#211);
#210 = CARTESIAN_POINT('',(10.499999999999,-1.,1.5));
#211 = VECTOR('',#212,1.);
#212 = DIRECTION('',(0.,0.,1.));
#213 = ORIENTED_EDGE('',*,*,#214,.F.);
#214 = EDGE_CURVE('',#40,#207,#215,.T.);
#215 = LINE('',#216,#217);
#216 = CARTESIAN_POINT('',(-5.999999999993,-1.,1.5));
#217 = VECTOR('',#218,1.);
#218 = DIRECTION('',(1.,0.,0.));
#219 = PLANE('',#220);
#220 = AXIS2_PLACEMENT_3D('',#221,#222,#223);
#221 = CARTESIAN_POINT('',(-5.999999999993,-1.,1.5));
#222 = DIRECTION('',(0.,1.,0.));
#223 = DIRECTION('',(1.,0.,0.));
#224 = ADVANCED_FACE('',(#225),#243,.T.);
#225 = FACE_BOUND('',#226,.T.);
#226 = EDGE_LOOP('',(#227,#235,#236,#237));
#227 = ORIENTED_EDGE('',*,*,#228,.F.);
#228 = EDGE_CURVE('',#64,#229,#231,.T.);
#229 = VERTEX_POINT('',#230);
#230 = CARTESIAN_POINT('',(9.100000000004,0.4,4.1));
#231 = LINE('',#232,#233);
#232 = CARTESIAN_POINT('',(-7.5,0.4,4.1));
#233 = VECTOR('',#234,1.);
#234 = DIRECTION('',(1.,0.,0.));
#235 = ORIENTED_EDGE('',*,*,#71,.T.);
#236 = ORIENTED_EDGE('',*,*,#181,.T.);
#237 = ORIENTED_EDGE('',*,*,#238,.T.);
#238 = EDGE_CURVE('',#182,#229,#239,.T.);
#239 = LINE('',#240,#241);
#240 = CARTESIAN_POINT('',(9.100000000004,0.4,2.8));
#241 = VECTOR('',#242,1.);
#242 = DIRECTION('',(0.,0.,-1.));
#243 = PLANE('',#244);
#244 = AXIS2_PLACEMENT_3D('',#245,#246,#247);
#245 = CARTESIAN_POINT('',(-7.5,0.4,4.1));
#246 = DIRECTION('',(0.,1.,0.));
#247 = DIRECTION('',(1.,0.,0.));
#248 = ADVANCED_FACE('',(#249,#415,#426,#460,#478,#489),#500,.T.);
#249 = FACE_BOUND('',#250,.T.);
#250 = EDGE_LOOP('',(#251,#261,#270,#278,#286,#294,#302,#310,#318,#326,
    #334,#342,#351,#359,#368,#376,#385,#393,#401,#409));
#251 = ORIENTED_EDGE('',*,*,#252,.T.);
#252 = EDGE_CURVE('',#253,#255,#257,.T.);
#253 = VERTEX_POINT('',#254);
#254 = CARTESIAN_POINT('',(13.599999999999,14.5,1.5));
#255 = VERTEX_POINT('',#256);
#256 = CARTESIAN_POINT('',(13.599999999999,21.,1.5));
#257 = LINE('',#258,#259);
#258 = CARTESIAN_POINT('',(13.599999999999,-21.,1.5));
#259 = VECTOR('',#260,1.);
#260 = DIRECTION('',(0.,1.,0.));
#261 = ORIENTED_EDGE('',*,*,#262,.T.);
#262 = EDGE_CURVE('',#255,#263,#265,.T.);
#263 = VERTEX_POINT('',#264);
#264 = CARTESIAN_POINT('',(13.499999999999,21.1,1.5));
#265 = CIRCLE('',#266,0.1);
#266 = AXIS2_PLACEMENT_3D('',#267,#268,#269);
#267 = CARTESIAN_POINT('',(13.499999999999,21.,1.5));
#268 = DIRECTION('',(0.,0.,1.));
#269 = DIRECTION('',(1.,0.,0.));
#270 = ORIENTED_EDGE('',*,*,#271,.T.);
#271 = EDGE_CURVE('',#263,#272,#274,.T.);
#272 = VERTEX_POINT('',#273);
#273 = CARTESIAN_POINT('',(2.5,21.1,1.5));
#274 = LINE('',#275,#276);
#275 = CARTESIAN_POINT('',(13.499999999999,21.1,1.5));
#276 = VECTOR('',#277,1.);
#277 = DIRECTION('',(-1.,0.,0.));
#278 = ORIENTED_EDGE('',*,*,#279,.F.);
#279 = EDGE_CURVE('',#280,#272,#282,.T.);
#280 = VERTEX_POINT('',#281);
#281 = CARTESIAN_POINT('',(2.5,20.,1.5));
#282 = LINE('',#283,#284);
#283 = CARTESIAN_POINT('',(2.5,9.5,1.5));
#284 = VECTOR('',#285,1.);
#285 = DIRECTION('',(0.,1.,0.));
#286 = ORIENTED_EDGE('',*,*,#287,.T.);
#287 = EDGE_CURVE('',#280,#288,#290,.T.);
#288 = VERTEX_POINT('',#289);
#289 = CARTESIAN_POINT('',(10.499999999999,20.,1.5));
#290 = LINE('',#291,#292);
#291 = CARTESIAN_POINT('',(-5.999999999993,20.,1.5));
#292 = VECTOR('',#293,1.);
#293 = DIRECTION('',(1.,0.,0.));
#294 = ORIENTED_EDGE('',*,*,#295,.T.);
#295 = EDGE_CURVE('',#288,#296,#298,.T.);
#296 = VERTEX_POINT('',#297);
#297 = CARTESIAN_POINT('',(8.250000000007,17.75,1.5));
#298 = LINE('',#299,#300);
#299 = CARTESIAN_POINT('',(10.499999999999,20.,1.5));
#300 = VECTOR('',#301,1.);
#301 = DIRECTION('',(-0.707106781185,-0.707106781188,0.));
#302 = ORIENTED_EDGE('',*,*,#303,.F.);
#303 = EDGE_CURVE('',#304,#296,#306,.T.);
#304 = VERTEX_POINT('',#305);
#305 = CARTESIAN_POINT('',(-3.749999999993,17.75,1.5));
#306 = LINE('',#307,#308);
#307 = CARTESIAN_POINT('',(-3.749999999993,17.75,1.5));
#308 = VECTOR('',#309,1.);
#309 = DIRECTION('',(1.,0.,0.));
#310 = ORIENTED_EDGE('',*,*,#311,.T.);
#311 = EDGE_CURVE('',#304,#312,#314,.T.);
#312 = VERTEX_POINT('',#313);
#313 = CARTESIAN_POINT('',(-5.999999999993,20.,1.5));
#314 = LINE('',#315,#316);
#315 = CARTESIAN_POINT('',(-3.749999999993,17.75,1.5));
#316 = VECTOR('',#317,1.);
#317 = DIRECTION('',(-0.707106781187,0.707106781187,0.));
#318 = ORIENTED_EDGE('',*,*,#319,.T.);
#319 = EDGE_CURVE('',#312,#320,#322,.T.);
#320 = VERTEX_POINT('',#321);
#321 = CARTESIAN_POINT('',(-2.5,20.,1.5));
#322 = LINE('',#323,#324);
#323 = CARTESIAN_POINT('',(-5.999999999993,20.,1.5));
#324 = VECTOR('',#325,1.);
#325 = DIRECTION('',(1.,0.,0.));
#326 = ORIENTED_EDGE('',*,*,#327,.F.);
#327 = EDGE_CURVE('',#328,#320,#330,.T.);
#328 = VERTEX_POINT('',#329);
#329 = CARTESIAN_POINT('',(-2.5,21.1,1.5));
#330 = LINE('',#331,#332);
#331 = CARTESIAN_POINT('',(-2.5,10.75,1.5));
#332 = VECTOR('',#333,1.);
#333 = DIRECTION('',(0.,-1.,0.));
#334 = ORIENTED_EDGE('',*,*,#335,.T.);
#335 = EDGE_CURVE('',#328,#336,#338,.T.);
#336 = VERTEX_POINT('',#337);
#337 = CARTESIAN_POINT('',(-13.49999999999,21.1,1.5));
#338 = LINE('',#339,#340);
#339 = CARTESIAN_POINT('',(13.499999999999,21.1,1.5));
#340 = VECTOR('',#341,1.);
#341 = DIRECTION('',(-1.,0.,0.));
#342 = ORIENTED_EDGE('',*,*,#343,.T.);
#343 = EDGE_CURVE('',#336,#344,#346,.T.);
#344 = VERTEX_POINT('',#345);
#345 = CARTESIAN_POINT('',(-13.59999999999,21.,1.5));
#346 = CIRCLE('',#347,0.1);
#347 = AXIS2_PLACEMENT_3D('',#348,#349,#350);
#348 = CARTESIAN_POINT('',(-13.49999999999,21.,1.5));
#349 = DIRECTION('',(0.,-0.,1.));
#350 = DIRECTION('',(3.553E-14,1.,0.));
#351 = ORIENTED_EDGE('',*,*,#352,.T.);
#352 = EDGE_CURVE('',#344,#353,#355,.T.);
#353 = VERTEX_POINT('',#354);
#354 = CARTESIAN_POINT('',(-13.59999999999,-21.,1.5));
#355 = LINE('',#356,#357);
#356 = CARTESIAN_POINT('',(-13.59999999999,21.,1.5));
#357 = VECTOR('',#358,1.);
#358 = DIRECTION('',(0.,-1.,0.));
#359 = ORIENTED_EDGE('',*,*,#360,.T.);
#360 = EDGE_CURVE('',#353,#361,#363,.T.);
#361 = VERTEX_POINT('',#362);
#362 = CARTESIAN_POINT('',(-13.49999999999,-21.1,1.5));
#363 = CIRCLE('',#364,0.1);
#364 = AXIS2_PLACEMENT_3D('',#365,#366,#367);
#365 = CARTESIAN_POINT('',(-13.49999999999,-21.,1.5));
#366 = DIRECTION('',(0.,0.,1.));
#367 = DIRECTION('',(-1.,0.,0.));
#368 = ORIENTED_EDGE('',*,*,#369,.T.);
#369 = EDGE_CURVE('',#361,#370,#372,.T.);
#370 = VERTEX_POINT('',#371);
#371 = CARTESIAN_POINT('',(13.499999999999,-21.1,1.5));
#372 = LINE('',#373,#374);
#373 = CARTESIAN_POINT('',(-13.49999999999,-21.1,1.5));
#374 = VECTOR('',#375,1.);
#375 = DIRECTION('',(1.,0.,0.));
#376 = ORIENTED_EDGE('',*,*,#377,.T.);
#377 = EDGE_CURVE('',#370,#378,#380,.T.);
#378 = VERTEX_POINT('',#379);
#379 = CARTESIAN_POINT('',(13.599999999999,-21.,1.5));
#380 = CIRCLE('',#381,0.1);
#381 = AXIS2_PLACEMENT_3D('',#382,#383,#384);
#382 = CARTESIAN_POINT('',(13.499999999999,-21.,1.5));
#383 = DIRECTION('',(0.,0.,1.));
#384 = DIRECTION('',(-3.553E-14,-1.,0.));
#385 = ORIENTED_EDGE('',*,*,#386,.T.);
#386 = EDGE_CURVE('',#378,#387,#389,.T.);
#387 = VERTEX_POINT('',#388);
#388 = CARTESIAN_POINT('',(13.599999999999,4.5,1.5));
#389 = LINE('',#390,#391);
#390 = CARTESIAN_POINT('',(13.599999999999,-21.,1.5));
#391 = VECTOR('',#392,1.);
#392 = DIRECTION('',(0.,1.,0.));
#393 = ORIENTED_EDGE('',*,*,#394,.F.);
#394 = EDGE_CURVE('',#395,#387,#397,.T.);
#395 = VERTEX_POINT('',#396);
#396 = CARTESIAN_POINT('',(6.999999999999,4.5,1.5));
#397 = LINE('',#398,#399);
#398 = CARTESIAN_POINT('',(7.75,4.5,1.5));
#399 = VECTOR('',#400,1.);
#400 = DIRECTION('',(1.,0.,0.));
#401 = ORIENTED_EDGE('',*,*,#402,.T.);
#402 = EDGE_CURVE('',#395,#403,#405,.T.);
#403 = VERTEX_POINT('',#404);
#404 = CARTESIAN_POINT('',(6.999999999999,14.5,1.5));
#405 = LINE('',#406,#407);
#406 = CARTESIAN_POINT('',(6.999999999999,4.75,1.5));
#407 = VECTOR('',#408,1.);
#408 = DIRECTION('',(0.,1.,0.));
#409 = ORIENTED_EDGE('',*,*,#410,.F.);
#410 = EDGE_CURVE('',#253,#403,#411,.T.);
#411 = LINE('',#412,#413);
#412 = CARTESIAN_POINT('',(7.75,14.5,1.5));
#413 = VECTOR('',#414,1.);
#414 = DIRECTION('',(-1.,0.,0.));
#415 = FACE_BOUND('',#416,.T.);
#416 = EDGE_LOOP('',(#417));
#417 = ORIENTED_EDGE('',*,*,#418,.T.);
#418 = EDGE_CURVE('',#419,#419,#421,.T.);
#419 = VERTEX_POINT('',#420);
#420 = CARTESIAN_POINT('',(4.5,-16.5,1.5));
#421 = CIRCLE('',#422,4.5);
#422 = AXIS2_PLACEMENT_3D('',#423,#424,#425);
#423 = CARTESIAN_POINT('',(0.,-16.5,1.5));
#424 = DIRECTION('',(0.,0.,-1.));
#425 = DIRECTION('',(1.,0.,0.));
#426 = FACE_BOUND('',#427,.T.);
#427 = EDGE_LOOP('',(#428,#438,#446,#454));
#428 = ORIENTED_EDGE('',*,*,#429,.F.);
#429 = EDGE_CURVE('',#430,#432,#434,.T.);
#430 = VERTEX_POINT('',#431);
#431 = CARTESIAN_POINT('',(-12.5,12.5,1.5));
#432 = VERTEX_POINT('',#433);
#433 = CARTESIAN_POINT('',(-12.5,6.5,1.5));
#434 = LINE('',#435,#436);
#435 = CARTESIAN_POINT('',(-12.5,12.5,1.5));
#436 = VECTOR('',#437,1.);
#437 = DIRECTION('',(0.,-1.,0.));
#438 = ORIENTED_EDGE('',*,*,#439,.F.);
#439 = EDGE_CURVE('',#440,#430,#442,.T.);
#440 = VERTEX_POINT('',#441);
#441 = CARTESIAN_POINT('',(-10.5,12.5,1.5));
#442 = LINE('',#443,#444);
#443 = CARTESIAN_POINT('',(-10.5,12.5,1.5));
#444 = VECTOR('',#445,1.);
#445 = DIRECTION('',(-1.,0.,0.));
#446 = ORIENTED_EDGE('',*,*,#447,.F.);
#447 = EDGE_CURVE('',#448,#440,#450,.T.);
#448 = VERTEX_POINT('',#449);
#449 = CARTESIAN_POINT('',(-10.5,6.5,1.5));
#450 = LINE('',#451,#452);
#451 = CARTESIAN_POINT('',(-10.5,6.5,1.5));
#452 = VECTOR('',#453,1.);
#453 = DIRECTION('',(0.,1.,0.));
#454 = ORIENTED_EDGE('',*,*,#455,.F.);
#455 = EDGE_CURVE('',#432,#448,#456,.T.);
#456 = LINE('',#457,#458);
#457 = CARTESIAN_POINT('',(-12.5,6.5,1.5));
#458 = VECTOR('',#459,1.);
#459 = DIRECTION('',(1.,0.,0.));
#460 = FACE_BOUND('',#461,.T.);
#461 = EDGE_LOOP('',(#462,#463,#471,#477));
#462 = ORIENTED_EDGE('',*,*,#47,.F.);
#463 = ORIENTED_EDGE('',*,*,#464,.T.);
#464 = EDGE_CURVE('',#48,#465,#467,.T.);
#465 = VERTEX_POINT('',#466);
#466 = CARTESIAN_POINT('',(8.250000000007,1.25,1.5));
#467 = LINE('',#468,#469);
#468 = CARTESIAN_POINT('',(-3.749999999993,1.25,1.5));
#469 = VECTOR('',#470,1.);
#470 = DIRECTION('',(1.,0.,0.));
#471 = ORIENTED_EDGE('',*,*,#472,.F.);
#472 = EDGE_CURVE('',#207,#465,#473,.T.);
#473 = LINE('',#474,#475);
#474 = CARTESIAN_POINT('',(10.499999999999,-1.,1.5));
#475 = VECTOR('',#476,1.);
#476 = DIRECTION('',(-0.707106781185,0.707106781188,0.));
#477 = ORIENTED_EDGE('',*,*,#214,.F.);
#478 = FACE_BOUND('',#479,.T.);
#479 = EDGE_LOOP('',(#480));
#480 = ORIENTED_EDGE('',*,*,#481,.T.);
#481 = EDGE_CURVE('',#482,#482,#484,.T.);
#482 = VERTEX_POINT('',#483);
#483 = CARTESIAN_POINT('',(6.75,7.,1.5));
#484 = CIRCLE('',#485,2.25);
#485 = AXIS2_PLACEMENT_3D('',#486,#487,#488);
#486 = CARTESIAN_POINT('',(4.5,7.,1.5));
#487 = DIRECTION('',(0.,0.,-1.));
#488 = DIRECTION('',(1.,0.,0.));
#489 = FACE_BOUND('',#490,.T.);
#490 = EDGE_LOOP('',(#491));
#491 = ORIENTED_EDGE('',*,*,#492,.T.);
#492 = EDGE_CURVE('',#493,#493,#495,.T.);
#493 = VERTEX_POINT('',#494);
#494 = CARTESIAN_POINT('',(4.25,14.2,1.5));
#495 = CIRCLE('',#496,1.75);
#496 = AXIS2_PLACEMENT_3D('',#497,#498,#499);
#497 = CARTESIAN_POINT('',(2.5,14.2,1.5));
#498 = DIRECTION('',(0.,0.,-1.));
#499 = DIRECTION('',(1.,0.,0.));
#500 = PLANE('',#501);
#501 = AXIS2_PLACEMENT_3D('',#502,#503,#504);
#502 = CARTESIAN_POINT('',(1.7E-16,1.52E-15,1.5));
#503 = DIRECTION('',(0.,0.,1.));
#504 = DIRECTION('',(1.,0.,0.));
#505 = ADVANCED_FACE('',(#506),#524,.T.);
#506 = FACE_BOUND('',#507,.T.);
#507 = EDGE_LOOP('',(#508,#509,#510,#518));
#508 = ORIENTED_EDGE('',*,*,#63,.T.);
#509 = ORIENTED_EDGE('',*,*,#228,.T.);
#510 = ORIENTED_EDGE('',*,*,#511,.T.);
#511 = EDGE_CURVE('',#229,#512,#514,.T.);
#512 = VERTEX_POINT('',#513);
#513 = CARTESIAN_POINT('',(8.250000000007,1.25,4.1));
#514 = LINE('',#515,#516);
#515 = CARTESIAN_POINT('',(5.625000000007,3.875000000009,4.1));
#516 = VECTOR('',#517,1.);
#517 = DIRECTION('',(-0.707106781185,0.707106781188,0.));
#518 = ORIENTED_EDGE('',*,*,#519,.F.);
#519 = EDGE_CURVE('',#56,#512,#520,.T.);
#520 = LINE('',#521,#522);
#521 = CARTESIAN_POINT('',(-1.124999999996,1.25,4.1));
#522 = VECTOR('',#523,1.);
#523 = DIRECTION('',(1.,0.,0.));
#524 = PLANE('',#525);
#525 = AXIS2_PLACEMENT_3D('',#526,#527,#528);
#526 = CARTESIAN_POINT('',(1.5,9.5,4.1));
#527 = DIRECTION('',(0.,0.,1.));
#528 = DIRECTION('',(1.,0.,0.));
#529 = ADVANCED_FACE('',(#530),#541,.T.);
#530 = FACE_BOUND('',#531,.T.);
#531 = EDGE_LOOP('',(#532,#533,#534,#535));
#532 = ORIENTED_EDGE('',*,*,#464,.F.);
#533 = ORIENTED_EDGE('',*,*,#55,.T.);
#534 = ORIENTED_EDGE('',*,*,#519,.T.);
#535 = ORIENTED_EDGE('',*,*,#536,.F.);
#536 = EDGE_CURVE('',#465,#512,#537,.T.);
#537 = LINE('',#538,#539);
#538 = CARTESIAN_POINT('',(8.250000000007,1.25,1.5));
#539 = VECTOR('',#540,1.);
#540 = DIRECTION('',(0.,0.,1.));
#541 = PLANE('',#542);
#542 = AXIS2_PLACEMENT_3D('',#543,#544,#545);
#543 = CARTESIAN_POINT('',(-3.749999999993,1.25,1.5));
#544 = DIRECTION('',(0.,1.,0.));
#545 = DIRECTION('',(1.,0.,0.));
#546 = ADVANCED_FACE('',(#547),#558,.F.);
#547 = FACE_BOUND('',#548,.F.);
#548 = EDGE_LOOP('',(#549,#550,#551,#552,#553,#554,#555,#556,#557));
#549 = ORIENTED_EDGE('',*,*,#189,.F.);
#550 = ORIENTED_EDGE('',*,*,#238,.T.);
#551 = ORIENTED_EDGE('',*,*,#511,.T.);
#552 = ORIENTED_EDGE('',*,*,#536,.F.);
#553 = ORIENTED_EDGE('',*,*,#472,.F.);
#554 = ORIENTED_EDGE('',*,*,#206,.T.);
#555 = ORIENTED_EDGE('',*,*,#165,.T.);
#556 = ORIENTED_EDGE('',*,*,#101,.F.);
#557 = ORIENTED_EDGE('',*,*,#134,.T.);
#558 = PLANE('',#559);
#559 = AXIS2_PLACEMENT_3D('',#560,#561,#562);
#560 = CARTESIAN_POINT('',(10.499999999999,-1.,1.5));
#561 = DIRECTION('',(-0.707106781188,-0.707106781185,0.));
#562 = DIRECTION('',(-0.707106781185,0.707106781188,0.));
#563 = ADVANCED_FACE('',(#564),#591,.F.);
#564 = FACE_BOUND('',#565,.F.);
#565 = EDGE_LOOP('',(#566,#576,#583,#584));
#566 = ORIENTED_EDGE('',*,*,#567,.F.);
#567 = EDGE_CURVE('',#568,#570,#572,.T.);
#568 = VERTEX_POINT('',#569);
#569 = CARTESIAN_POINT('',(13.999999999999,14.5,1.9));
#570 = VERTEX_POINT('',#571);
#571 = CARTESIAN_POINT('',(13.999999999999,21.,1.9));
#572 = LINE('',#573,#574);
#573 = CARTESIAN_POINT('',(13.999999999999,-21.,1.9));
#574 = VECTOR('',#575,1.);
#575 = DIRECTION('',(0.,1.,0.));
#576 = ORIENTED_EDGE('',*,*,#577,.T.);
#577 = EDGE_CURVE('',#568,#253,#578,.T.);
#578 = CIRCLE('',#579,0.4);
#579 = AXIS2_PLACEMENT_3D('',#580,#581,#582);
#580 = CARTESIAN_POINT('',(13.599999999999,14.5,1.9));
#581 = DIRECTION('',(-0.,1.,0.));
#582 = DIRECTION('',(1.,0.,0.));
#583 = ORIENTED_EDGE('',*,*,#252,.T.);
#584 = ORIENTED_EDGE('',*,*,#585,.F.);
#585 = EDGE_CURVE('',#570,#255,#586,.T.);
#586 = CIRCLE('',#587,0.4);
#587 = AXIS2_PLACEMENT_3D('',#588,#589,#590);
#588 = CARTESIAN_POINT('',(13.599999999999,21.,1.9));
#589 = DIRECTION('',(-0.,1.,0.));
#590 = DIRECTION('',(1.,0.,0.));
#591 = CYLINDRICAL_SURFACE('',#592,0.4);
#592 = AXIS2_PLACEMENT_3D('',#593,#594,#595);
#593 = CARTESIAN_POINT('',(13.599999999999,-21.,1.9));
#594 = DIRECTION('',(0.,1.,0.));
#595 = DIRECTION('',(1.,0.,0.));
#596 = ADVANCED_FACE('',(#597),#648,.F.);
#597 = FACE_BOUND('',#598,.F.);
#598 = EDGE_LOOP('',(#599,#610,#618,#624,#625,#626,#634,#642));
#599 = ORIENTED_EDGE('',*,*,#600,.T.);
#600 = EDGE_CURVE('',#601,#603,#605,.T.);
#601 = VERTEX_POINT('',#602);
#602 = CARTESIAN_POINT('',(15.499999999999,14.5,1.9));
#603 = VERTEX_POINT('',#604);
#604 = CARTESIAN_POINT('',(15.366352173265,14.5,1.2));
#605 = CIRCLE('',#606,1.9);
#606 = AXIS2_PLACEMENT_3D('',#607,#608,#609);
#607 = CARTESIAN_POINT('',(13.599999999999,14.5,1.9));
#608 = DIRECTION('',(-0.,1.,0.));
#609 = DIRECTION('',(1.,0.,0.));
#610 = ORIENTED_EDGE('',*,*,#611,.T.);
#611 = EDGE_CURVE('',#603,#612,#614,.T.);
#612 = VERTEX_POINT('',#613);
#613 = CARTESIAN_POINT('',(6.999999999999,14.5,1.2));
#614 = LINE('',#615,#616);
#615 = CARTESIAN_POINT('',(15.073091986265,14.5,1.2));
#616 = VECTOR('',#617,1.);
#617 = DIRECTION('',(-1.,-0.,-0.));
#618 = ORIENTED_EDGE('',*,*,#619,.T.);
#619 = EDGE_CURVE('',#612,#403,#620,.T.);
#620 = LINE('',#621,#622);
#621 = CARTESIAN_POINT('',(6.999999999999,14.5,0.7));
#622 = VECTOR('',#623,1.);
#623 = DIRECTION('',(0.,0.,1.));
#624 = ORIENTED_EDGE('',*,*,#410,.F.);
#625 = ORIENTED_EDGE('',*,*,#577,.F.);
#626 = ORIENTED_EDGE('',*,*,#627,.F.);
#627 = EDGE_CURVE('',#628,#568,#630,.T.);
#628 = VERTEX_POINT('',#629);
#629 = CARTESIAN_POINT('',(13.999999999999,14.5,2.5));
#630 = LINE('',#631,#632);
#631 = CARTESIAN_POINT('',(13.999999999999,14.5,0.35));
#632 = VECTOR('',#633,1.);
#633 = DIRECTION('',(0.,0.,-1.));
#634 = ORIENTED_EDGE('',*,*,#635,.F.);
#635 = EDGE_CURVE('',#636,#628,#638,.T.);
#636 = VERTEX_POINT('',#637);
#637 = CARTESIAN_POINT('',(15.499999999999,14.5,2.5));
#638 = LINE('',#639,#640);
#639 = CARTESIAN_POINT('',(15.499999999999,14.5,2.5));
#640 = VECTOR('',#641,1.);
#641 = DIRECTION('',(-1.,-0.,-0.));
#642 = ORIENTED_EDGE('',*,*,#643,.F.);
#643 = EDGE_CURVE('',#601,#636,#644,.T.);
#644 = LINE('',#645,#646);
#645 = CARTESIAN_POINT('',(15.499999999999,14.5,0.7));
#646 = VECTOR('',#647,1.);
#647 = DIRECTION('',(0.,0.,1.));
#648 = PLANE('',#649);
#649 = AXIS2_PLACEMENT_3D('',#650,#651,#652);
#650 = CARTESIAN_POINT('',(15.499999999999,14.5,0.7));
#651 = DIRECTION('',(0.,1.,0.));
#652 = DIRECTION('',(0.,0.,1.));
#653 = ADVANCED_FACE('',(#654),#690,.T.);
#654 = FACE_BOUND('',#655,.T.);
#655 = EDGE_LOOP('',(#656,#666,#673,#674,#675,#683));
#656 = ORIENTED_EDGE('',*,*,#657,.T.);
#657 = EDGE_CURVE('',#658,#660,#662,.T.);
#658 = VERTEX_POINT('',#659);
#659 = CARTESIAN_POINT('',(6.999999999999,5.,0.7));
#660 = VERTEX_POINT('',#661);
#661 = CARTESIAN_POINT('',(6.999999999999,14.,0.7));
#662 = LINE('',#663,#664);
#663 = CARTESIAN_POINT('',(6.999999999999,4.5,0.7));
#664 = VECTOR('',#665,1.);
#665 = DIRECTION('',(0.,1.,0.));
#666 = ORIENTED_EDGE('',*,*,#667,.T.);
#667 = EDGE_CURVE('',#660,#612,#668,.T.);
#668 = CIRCLE('',#669,0.5);
#669 = AXIS2_PLACEMENT_3D('',#670,#671,#672);
#670 = CARTESIAN_POINT('',(6.999999999999,14.,1.2));
#671 = DIRECTION('',(1.,-0.,0.));
#672 = DIRECTION('',(0.,0.,-1.));
#673 = ORIENTED_EDGE('',*,*,#619,.T.);
#674 = ORIENTED_EDGE('',*,*,#402,.F.);
#675 = ORIENTED_EDGE('',*,*,#676,.T.);
#676 = EDGE_CURVE('',#395,#677,#679,.T.);
#677 = VERTEX_POINT('',#678);
#678 = CARTESIAN_POINT('',(6.999999999999,4.5,1.2));
#679 = LINE('',#680,#681);
#680 = CARTESIAN_POINT('',(6.999999999999,4.5,2.5));
#681 = VECTOR('',#682,1.);
#682 = DIRECTION('',(0.,0.,-1.));
#683 = ORIENTED_EDGE('',*,*,#684,.T.);
#684 = EDGE_CURVE('',#677,#658,#685,.T.);
#685 = CIRCLE('',#686,0.5);
#686 = AXIS2_PLACEMENT_3D('',#687,#688,#689);
#687 = CARTESIAN_POINT('',(6.999999999999,5.,1.2));
#688 = DIRECTION('',(1.,-0.,0.));
#689 = DIRECTION('',(0.,0.,-1.));
#690 = PLANE('',#691);
#691 = AXIS2_PLACEMENT_3D('',#692,#693,#694);
#692 = CARTESIAN_POINT('',(6.999999999999,9.5,1.6));
#693 = DIRECTION('',(1.,0.,0.));
#694 = DIRECTION('',(0.,0.,1.));
#695 = ADVANCED_FACE('',(#696),#748,.F.);
#696 = FACE_BOUND('',#697,.F.);
#697 = EDGE_LOOP('',(#698,#709,#717,#725,#733,#740,#741,#742));
#698 = ORIENTED_EDGE('',*,*,#699,.F.);
#699 = EDGE_CURVE('',#700,#702,#704,.T.);
#700 = VERTEX_POINT('',#701);
#701 = CARTESIAN_POINT('',(15.499999999999,4.5,1.9));
#702 = VERTEX_POINT('',#703);
#703 = CARTESIAN_POINT('',(15.366352173265,4.5,1.2));
#704 = CIRCLE('',#705,1.9);
#705 = AXIS2_PLACEMENT_3D('',#706,#707,#708);
#706 = CARTESIAN_POINT('',(13.599999999999,4.5,1.9));
#707 = DIRECTION('',(-0.,1.,0.));
#708 = DIRECTION('',(1.,0.,0.));
#709 = ORIENTED_EDGE('',*,*,#710,.F.);
#710 = EDGE_CURVE('',#711,#700,#713,.T.);
#711 = VERTEX_POINT('',#712);
#712 = CARTESIAN_POINT('',(15.499999999999,4.5,2.5));
#713 = LINE('',#714,#715);
#714 = CARTESIAN_POINT('',(15.499999999999,4.5,2.5));
#715 = VECTOR('',#716,1.);
#716 = DIRECTION('',(0.,0.,-1.));
#717 = ORIENTED_EDGE('',*,*,#718,.T.);
#718 = EDGE_CURVE('',#711,#719,#721,.T.);
#719 = VERTEX_POINT('',#720);
#720 = CARTESIAN_POINT('',(13.999999999999,4.5,2.5));
#721 = LINE('',#722,#723);
#722 = CARTESIAN_POINT('',(15.499999999999,4.5,2.5));
#723 = VECTOR('',#724,1.);
#724 = DIRECTION('',(-1.,-0.,-0.));
#725 = ORIENTED_EDGE('',*,*,#726,.F.);
#726 = EDGE_CURVE('',#727,#719,#729,.T.);
#727 = VERTEX_POINT('',#728);
#728 = CARTESIAN_POINT('',(13.999999999999,4.5,1.9));
#729 = LINE('',#730,#731);
#730 = CARTESIAN_POINT('',(13.999999999999,4.5,1.25));
#731 = VECTOR('',#732,1.);
#732 = DIRECTION('',(0.,0.,1.));
#733 = ORIENTED_EDGE('',*,*,#734,.T.);
#734 = EDGE_CURVE('',#727,#387,#735,.T.);
#735 = CIRCLE('',#736,0.4);
#736 = AXIS2_PLACEMENT_3D('',#737,#738,#739);
#737 = CARTESIAN_POINT('',(13.599999999999,4.5,1.9));
#738 = DIRECTION('',(-0.,1.,0.));
#739 = DIRECTION('',(1.,0.,0.));
#740 = ORIENTED_EDGE('',*,*,#394,.F.);
#741 = ORIENTED_EDGE('',*,*,#676,.T.);
#742 = ORIENTED_EDGE('',*,*,#743,.F.);
#743 = EDGE_CURVE('',#702,#677,#744,.T.);
#744 = LINE('',#745,#746);
#745 = CARTESIAN_POINT('',(15.073091986265,4.5,1.2));
#746 = VECTOR('',#747,1.);
#747 = DIRECTION('',(-1.,-0.,-0.));
#748 = PLANE('',#749);
#749 = AXIS2_PLACEMENT_3D('',#750,#751,#752);
#750 = CARTESIAN_POINT('',(15.499999999999,4.5,2.5));
#751 = DIRECTION('',(0.,-1.,0.));
#752 = DIRECTION('',(0.,0.,-1.));
#753 = ADVANCED_FACE('',(#754),#773,.F.);
#754 = FACE_BOUND('',#755,.F.);
#755 = EDGE_LOOP('',(#756,#764,#771,#772));
#756 = ORIENTED_EDGE('',*,*,#757,.F.);
#757 = EDGE_CURVE('',#758,#727,#760,.T.);
#758 = VERTEX_POINT('',#759);
#759 = CARTESIAN_POINT('',(13.999999999999,-21.,1.9));
#760 = LINE('',#761,#762);
#761 = CARTESIAN_POINT('',(13.999999999999,-21.,1.9));
#762 = VECTOR('',#763,1.);
#763 = DIRECTION('',(0.,1.,0.));
#764 = ORIENTED_EDGE('',*,*,#765,.T.);
#765 = EDGE_CURVE('',#758,#378,#766,.T.);
#766 = CIRCLE('',#767,0.4);
#767 = AXIS2_PLACEMENT_3D('',#768,#769,#770);
#768 = CARTESIAN_POINT('',(13.599999999999,-21.,1.9));
#769 = DIRECTION('',(-0.,1.,0.));
#770 = DIRECTION('',(1.,0.,0.));
#771 = ORIENTED_EDGE('',*,*,#386,.T.);
#772 = ORIENTED_EDGE('',*,*,#734,.F.);
#773 = CYLINDRICAL_SURFACE('',#774,0.4);
#774 = AXIS2_PLACEMENT_3D('',#775,#776,#777);
#775 = CARTESIAN_POINT('',(13.599999999999,-21.,1.9));
#776 = DIRECTION('',(0.,1.,0.));
#777 = DIRECTION('',(1.,0.,0.));
#778 = ADVANCED_FACE('',(#779),#799,.T.);
#779 = FACE_BOUND('',#780,.T.);
#780 = EDGE_LOOP('',(#781,#790,#797,#798));
#781 = ORIENTED_EDGE('',*,*,#782,.F.);
#782 = EDGE_CURVE('',#783,#370,#785,.T.);
#783 = VERTEX_POINT('',#784);
#784 = CARTESIAN_POINT('',(13.499999999999,-21.5,1.9));
#785 = CIRCLE('',#786,0.4);
#786 = AXIS2_PLACEMENT_3D('',#787,#788,#789);
#787 = CARTESIAN_POINT('',(13.499999999999,-21.1,1.9));
#788 = DIRECTION('',(1.,0.,0.));
#789 = DIRECTION('',(0.,-1.,0.));
#790 = ORIENTED_EDGE('',*,*,#791,.T.);
#791 = EDGE_CURVE('',#783,#758,#792,.T.);
#792 = CIRCLE('',#793,0.5);
#793 = AXIS2_PLACEMENT_3D('',#794,#795,#796);
#794 = CARTESIAN_POINT('',(13.499999999999,-21.,1.9));
#795 = DIRECTION('',(0.,0.,1.));
#796 = DIRECTION('',(-3.753E-14,-1.,0.));
#797 = ORIENTED_EDGE('',*,*,#765,.T.);
#798 = ORIENTED_EDGE('',*,*,#377,.F.);
#799 = OFFSET_SURFACE('',#800,1.5,.F.);
#800 = SURFACE_OF_REVOLUTION('',#801,#814);
#801 = B_SPLINE_CURVE_WITH_KNOTS('',6,(#802,#803,#804,#805,#806,#807,
    #808,#809,#810,#811,#812,#813),.UNSPECIFIED.,.F.,.F.,(7,5,7),(0.,
    0.785398163397,1.570796326795),.UNSPECIFIED.);
#802 = CARTESIAN_POINT('',(13.499999999999,-23.,1.9));
#803 = CARTESIAN_POINT('',(13.499999999999,-23.,1.651290581591));
#804 = CARTESIAN_POINT('',(13.499999999999,-22.96093296915,
    1.402581578595));
#805 = CARTESIAN_POINT('',(13.499999999999,-22.8827978897,1.161540935116
    ));
#806 = CARTESIAN_POINT('',(13.499999999999,-22.76760626068,0.93584961704
    ));
#807 = CARTESIAN_POINT('',(13.499999999999,-22.61936700055,
    0.732361232048));
#808 = CARTESIAN_POINT('',(13.499999999999,-22.26763876795,
    0.380632999443));
#809 = CARTESIAN_POINT('',(13.499999999999,-22.06415038296,
    0.232393739314));
#810 = CARTESIAN_POINT('',(13.499999999999,-21.83845906488,
    0.117202110299));
#811 = CARTESIAN_POINT('',(13.499999999999,-21.5974184214,
    3.906703084475E-02));
#812 = CARTESIAN_POINT('',(13.499999999999,-21.3487094184,
    3.101260744808E-17));
#813 = CARTESIAN_POINT('',(13.499999999999,-21.1,-1.26983314481E-31));
#814 = AXIS1_PLACEMENT('',#815,#816);
#815 = CARTESIAN_POINT('',(13.499999999999,-21.,1.9));
#816 = DIRECTION('',(0.,0.,1.));
#817 = ADVANCED_FACE('',(#818),#837,.F.);
#818 = FACE_BOUND('',#819,.F.);
#819 = EDGE_LOOP('',(#820,#829,#830,#831));
#820 = ORIENTED_EDGE('',*,*,#821,.T.);
#821 = EDGE_CURVE('',#822,#361,#824,.T.);
#822 = VERTEX_POINT('',#823);
#823 = CARTESIAN_POINT('',(-13.49999999999,-21.5,1.9));
#824 = CIRCLE('',#825,0.4);
#825 = AXIS2_PLACEMENT_3D('',#826,#827,#828);
#826 = CARTESIAN_POINT('',(-13.49999999999,-21.1,1.9));
#827 = DIRECTION('',(1.,0.,0.));
#828 = DIRECTION('',(0.,-1.,0.));
#829 = ORIENTED_EDGE('',*,*,#369,.T.);
#830 = ORIENTED_EDGE('',*,*,#782,.F.);
#831 = ORIENTED_EDGE('',*,*,#832,.F.);
#832 = EDGE_CURVE('',#822,#783,#833,.T.);
#833 = LINE('',#834,#835);
#834 = CARTESIAN_POINT('',(-13.49999999999,-21.5,1.9));
#835 = VECTOR('',#836,1.);
#836 = DIRECTION('',(1.,0.,0.));
#837 = CYLINDRICAL_SURFACE('',#838,0.4);
#838 = AXIS2_PLACEMENT_3D('',#839,#840,#841);
#839 = CARTESIAN_POINT('',(-13.49999999999,-21.1,1.9));
#840 = DIRECTION('',(1.,0.,0.));
#841 = DIRECTION('',(0.,-1.,0.));
#842 = ADVANCED_FACE('',(#843),#863,.T.);
#843 = FACE_BOUND('',#844,.T.);
#844 = EDGE_LOOP('',(#845,#854,#861,#862));
#845 = ORIENTED_EDGE('',*,*,#846,.F.);
#846 = EDGE_CURVE('',#847,#353,#849,.T.);
#847 = VERTEX_POINT('',#848);
#848 = CARTESIAN_POINT('',(-13.99999999999,-21.,1.9));
#849 = CIRCLE('',#850,0.4);
#850 = AXIS2_PLACEMENT_3D('',#851,#852,#853);
#851 = CARTESIAN_POINT('',(-13.59999999999,-21.,1.9));
#852 = DIRECTION('',(0.,-1.,0.));
#853 = DIRECTION('',(-1.,0.,0.));
#854 = ORIENTED_EDGE('',*,*,#855,.T.);
#855 = EDGE_CURVE('',#847,#822,#856,.T.);
#856 = CIRCLE('',#857,0.5);
#857 = AXIS2_PLACEMENT_3D('',#858,#859,#860);
#858 = CARTESIAN_POINT('',(-13.49999999999,-21.,1.9));
#859 = DIRECTION('',(0.,0.,1.));
#860 = DIRECTION('',(-1.,-6.09E-15,0.));
#861 = ORIENTED_EDGE('',*,*,#821,.T.);
#862 = ORIENTED_EDGE('',*,*,#360,.F.);
#863 = OFFSET_SURFACE('',#864,1.5,.F.);
#864 = SURFACE_OF_REVOLUTION('',#865,#878);
#865 = B_SPLINE_CURVE_WITH_KNOTS('',6,(#866,#867,#868,#869,#870,#871,
    #872,#873,#874,#875,#876,#877),.UNSPECIFIED.,.F.,.F.,(7,5,7),(0.,
    0.785398163397,1.570796326795),.UNSPECIFIED.);
#866 = CARTESIAN_POINT('',(-15.49999999999,-21.,1.9));
#867 = CARTESIAN_POINT('',(-15.49999999999,-21.,1.651290581591));
#868 = CARTESIAN_POINT('',(-15.46093296915,-21.,1.402581578595));
#869 = CARTESIAN_POINT('',(-15.3827978897,-21.,1.161540935116));
#870 = CARTESIAN_POINT('',(-15.26760626068,-21.,0.93584961704));
#871 = CARTESIAN_POINT('',(-15.11936700055,-21.,0.732361232048));
#872 = CARTESIAN_POINT('',(-14.76763876795,-21.,0.380632999443));
#873 = CARTESIAN_POINT('',(-14.56415038296,-21.,0.232393739314));
#874 = CARTESIAN_POINT('',(-14.33845906488,-21.,0.117202110299));
#875 = CARTESIAN_POINT('',(-14.0974184214,-21.,3.906703084475E-02));
#876 = CARTESIAN_POINT('',(-13.8487094184,-21.,3.101260744808E-17));
#877 = CARTESIAN_POINT('',(-13.59999999999,-21.,-1.26983314481E-31));
#878 = AXIS1_PLACEMENT('',#879,#880);
#879 = CARTESIAN_POINT('',(-13.49999999999,-21.,1.9));
#880 = DIRECTION('',(0.,0.,1.));
#881 = ADVANCED_FACE('',(#882),#901,.F.);
#882 = FACE_BOUND('',#883,.F.);
#883 = EDGE_LOOP('',(#884,#893,#894,#895));
#884 = ORIENTED_EDGE('',*,*,#885,.T.);
#885 = EDGE_CURVE('',#886,#344,#888,.T.);
#886 = VERTEX_POINT('',#887);
#887 = CARTESIAN_POINT('',(-13.99999999999,21.,1.9));
#888 = CIRCLE('',#889,0.4);
#889 = AXIS2_PLACEMENT_3D('',#890,#891,#892);
#890 = CARTESIAN_POINT('',(-13.59999999999,21.,1.9));
#891 = DIRECTION('',(0.,-1.,0.));
#892 = DIRECTION('',(-1.,0.,0.));
#893 = ORIENTED_EDGE('',*,*,#352,.T.);
#894 = ORIENTED_EDGE('',*,*,#846,.F.);
#895 = ORIENTED_EDGE('',*,*,#896,.F.);
#896 = EDGE_CURVE('',#886,#847,#897,.T.);
#897 = LINE('',#898,#899);
#898 = CARTESIAN_POINT('',(-13.99999999999,21.,1.9));
#899 = VECTOR('',#900,1.);
#900 = DIRECTION('',(0.,-1.,0.));
#901 = CYLINDRICAL_SURFACE('',#902,0.4);
#902 = AXIS2_PLACEMENT_3D('',#903,#904,#905);
#903 = CARTESIAN_POINT('',(-13.59999999999,21.,1.9));
#904 = DIRECTION('',(0.,-1.,0.));
#905 = DIRECTION('',(-1.,0.,0.));
#906 = ADVANCED_FACE('',(#907),#927,.T.);
#907 = FACE_BOUND('',#908,.T.);
#908 = EDGE_LOOP('',(#909,#918,#925,#926));
#909 = ORIENTED_EDGE('',*,*,#910,.F.);
#910 = EDGE_CURVE('',#911,#336,#913,.T.);
#911 = VERTEX_POINT('',#912);
#912 = CARTESIAN_POINT('',(-13.49999999999,21.5,1.9));
#913 = CIRCLE('',#914,0.4);
#914 = AXIS2_PLACEMENT_3D('',#915,#916,#917);
#915 = CARTESIAN_POINT('',(-13.49999999999,21.1,1.9));
#916 = DIRECTION('',(-1.,0.,0.));
#917 = DIRECTION('',(0.,1.,0.));
#918 = ORIENTED_EDGE('',*,*,#919,.T.);
#919 = EDGE_CURVE('',#911,#886,#920,.T.);
#920 = CIRCLE('',#921,0.5);
#921 = AXIS2_PLACEMENT_3D('',#922,#923,#924);
#922 = CARTESIAN_POINT('',(-13.49999999999,21.,1.9));
#923 = DIRECTION('',(0.,-0.,1.));
#924 = DIRECTION('',(3.653E-14,1.,0.));
#925 = ORIENTED_EDGE('',*,*,#885,.T.);
#926 = ORIENTED_EDGE('',*,*,#343,.F.);
#927 = OFFSET_SURFACE('',#928,1.5,.F.);
#928 = SURFACE_OF_REVOLUTION('',#929,#942);
#929 = B_SPLINE_CURVE_WITH_KNOTS('',6,(#930,#931,#932,#933,#934,#935,
    #936,#937,#938,#939,#940,#941),.UNSPECIFIED.,.F.,.F.,(7,5,7),(0.,
    0.785398163397,1.570796326795),.UNSPECIFIED.);
#930 = CARTESIAN_POINT('',(-13.49999999999,23.,1.9));
#931 = CARTESIAN_POINT('',(-13.49999999999,23.,1.651290581591));
#932 = CARTESIAN_POINT('',(-13.49999999999,22.960932969155,
    1.402581578595));
#933 = CARTESIAN_POINT('',(-13.49999999999,22.882797889701,
    1.161540935116));
#934 = CARTESIAN_POINT('',(-13.49999999999,22.767606260686,0.93584961704
    ));
#935 = CARTESIAN_POINT('',(-13.49999999999,22.619367000557,
    0.732361232048));
#936 = CARTESIAN_POINT('',(-13.49999999999,22.267638767952,
    0.380632999443));
#937 = CARTESIAN_POINT('',(-13.49999999999,22.06415038296,0.232393739314
    ));
#938 = CARTESIAN_POINT('',(-13.49999999999,21.838459064884,
    0.117202110299));
#939 = CARTESIAN_POINT('',(-13.49999999999,21.597418421405,
    3.906703084475E-02));
#940 = CARTESIAN_POINT('',(-13.49999999999,21.348709418409,
    3.101260744808E-17));
#941 = CARTESIAN_POINT('',(-13.49999999999,21.1,-1.26983314481E-31));
#942 = AXIS1_PLACEMENT('',#943,#944);
#943 = CARTESIAN_POINT('',(-13.49999999999,21.,1.9));
#944 = DIRECTION('',(0.,0.,1.));
#945 = ADVANCED_FACE('',(#946),#965,.F.);
#946 = FACE_BOUND('',#947,.F.);
#947 = EDGE_LOOP('',(#948,#956,#963,#964));
#948 = ORIENTED_EDGE('',*,*,#949,.F.);
#949 = EDGE_CURVE('',#950,#911,#952,.T.);
#950 = VERTEX_POINT('',#951);
#951 = CARTESIAN_POINT('',(-2.5,21.5,1.9));
#952 = LINE('',#953,#954);
#953 = CARTESIAN_POINT('',(13.499999999999,21.5,1.9));
#954 = VECTOR('',#955,1.);
#955 = DIRECTION('',(-1.,0.,0.));
#956 = ORIENTED_EDGE('',*,*,#957,.T.);
#957 = EDGE_CURVE('',#950,#328,#958,.T.);
#958 = CIRCLE('',#959,0.4);
#959 = AXIS2_PLACEMENT_3D('',#960,#961,#962);
#960 = CARTESIAN_POINT('',(-2.5,21.1,1.9));
#961 = DIRECTION('',(-1.,0.,0.));
#962 = DIRECTION('',(0.,1.,0.));
#963 = ORIENTED_EDGE('',*,*,#335,.T.);
#964 = ORIENTED_EDGE('',*,*,#910,.F.);
#965 = CYLINDRICAL_SURFACE('',#966,0.4);
#966 = AXIS2_PLACEMENT_3D('',#967,#968,#969);
#967 = CARTESIAN_POINT('',(13.499999999999,21.1,1.9));
#968 = DIRECTION('',(-1.,0.,0.));
#969 = DIRECTION('',(0.,1.,0.));
#970 = ADVANCED_FACE('',(#971),#997,.T.);
#971 = FACE_BOUND('',#972,.T.);
#972 = EDGE_LOOP('',(#973,#983,#989,#990,#991));
#973 = ORIENTED_EDGE('',*,*,#974,.T.);
#974 = EDGE_CURVE('',#975,#977,#979,.T.);
#975 = VERTEX_POINT('',#976);
#976 = CARTESIAN_POINT('',(-2.5,20.,2.5));
#977 = VERTEX_POINT('',#978);
#978 = CARTESIAN_POINT('',(-2.5,21.5,2.5));
#979 = LINE('',#980,#981);
#980 = CARTESIAN_POINT('',(-2.5,18.5,2.5));
#981 = VECTOR('',#982,1.);
#982 = DIRECTION('',(0.,1.,0.));
#983 = ORIENTED_EDGE('',*,*,#984,.T.);
#984 = EDGE_CURVE('',#977,#950,#985,.T.);
#985 = LINE('',#986,#987);
#986 = CARTESIAN_POINT('',(-2.5,21.5,6.5));
#987 = VECTOR('',#988,1.);
#988 = DIRECTION('',(-0.,-0.,-1.));
#989 = ORIENTED_EDGE('',*,*,#957,.T.);
#990 = ORIENTED_EDGE('',*,*,#327,.T.);
#991 = ORIENTED_EDGE('',*,*,#992,.T.);
#992 = EDGE_CURVE('',#320,#975,#993,.T.);
#993 = LINE('',#994,#995);
#994 = CARTESIAN_POINT('',(-2.5,20.,4.));
#995 = VECTOR('',#996,1.);
#996 = DIRECTION('',(0.,0.,1.));
#997 = PLANE('',#998);
#998 = AXIS2_PLACEMENT_3D('',#999,#1000,#1001);
#999 = CARTESIAN_POINT('',(-2.5,21.5,6.5));
#1000 = DIRECTION('',(-1.,0.,0.));
#1001 = DIRECTION('',(0.,-1.,0.));
#1002 = ADVANCED_FACE('',(#1003),#1076,.T.);
#1003 = FACE_BOUND('',#1004,.T.);
#1004 = EDGE_LOOP('',(#1005,#1006,#1014,#1022,#1028,#1029,#1037,#1045,
    #1053,#1061,#1069,#1075));
#1005 = ORIENTED_EDGE('',*,*,#319,.F.);
#1006 = ORIENTED_EDGE('',*,*,#1007,.T.);
#1007 = EDGE_CURVE('',#312,#1008,#1010,.T.);
#1008 = VERTEX_POINT('',#1009);
#1009 = CARTESIAN_POINT('',(-5.999999999993,20.,7.));
#1010 = LINE('',#1011,#1012);
#1011 = CARTESIAN_POINT('',(-5.999999999993,20.,1.5));
#1012 = VECTOR('',#1013,1.);
#1013 = DIRECTION('',(0.,0.,1.));
#1014 = ORIENTED_EDGE('',*,*,#1015,.T.);
#1015 = EDGE_CURVE('',#1008,#1016,#1018,.T.);
#1016 = VERTEX_POINT('',#1017);
#1017 = CARTESIAN_POINT('',(10.499999999999,20.,7.));
#1018 = LINE('',#1019,#1020);
#1019 = CARTESIAN_POINT('',(-5.999999999993,20.,7.));
#1020 = VECTOR('',#1021,1.);
#1021 = DIRECTION('',(1.,0.,0.));
#1022 = ORIENTED_EDGE('',*,*,#1023,.F.);
#1023 = EDGE_CURVE('',#288,#1016,#1024,.T.);
#1024 = LINE('',#1025,#1026);
#1025 = CARTESIAN_POINT('',(10.499999999999,20.,1.5));
#1026 = VECTOR('',#1027,1.);
#1027 = DIRECTION('',(0.,0.,1.));
#1028 = ORIENTED_EDGE('',*,*,#287,.F.);
#1029 = ORIENTED_EDGE('',*,*,#1030,.F.);
#1030 = EDGE_CURVE('',#1031,#280,#1033,.T.);
#1031 = VERTEX_POINT('',#1032);
#1032 = CARTESIAN_POINT('',(2.5,20.,2.5));
#1033 = LINE('',#1034,#1035);
#1034 = CARTESIAN_POINT('',(2.5,20.,4.));
#1035 = VECTOR('',#1036,1.);
#1036 = DIRECTION('',(0.,0.,-1.));
#1037 = ORIENTED_EDGE('',*,*,#1038,.F.);
#1038 = EDGE_CURVE('',#1039,#1031,#1041,.T.);
#1039 = VERTEX_POINT('',#1040);
#1040 = CARTESIAN_POINT('',(2.5,20.,3.500000000144));
#1041 = LINE('',#1042,#1043);
#1042 = CARTESIAN_POINT('',(2.5,20.,4.));
#1043 = VECTOR('',#1044,1.);
#1044 = DIRECTION('',(0.,0.,-1.));
#1045 = ORIENTED_EDGE('',*,*,#1046,.F.);
#1046 = EDGE_CURVE('',#1047,#1039,#1049,.T.);
#1047 = VERTEX_POINT('',#1048);
#1048 = CARTESIAN_POINT('',(2.5,20.,6.5));
#1049 = LINE('',#1050,#1051);
#1050 = CARTESIAN_POINT('',(2.5,20.,4.));
#1051 = VECTOR('',#1052,1.);
#1052 = DIRECTION('',(0.,0.,-1.));
#1053 = ORIENTED_EDGE('',*,*,#1054,.F.);
#1054 = EDGE_CURVE('',#1055,#1047,#1057,.T.);
#1055 = VERTEX_POINT('',#1056);
#1056 = CARTESIAN_POINT('',(-2.5,20.,6.5));
#1057 = LINE('',#1058,#1059);
#1058 = CARTESIAN_POINT('',(-2.999999999996,20.,6.5));
#1059 = VECTOR('',#1060,1.);
#1060 = DIRECTION('',(1.,0.,0.));
#1061 = ORIENTED_EDGE('',*,*,#1062,.F.);
#1062 = EDGE_CURVE('',#1063,#1055,#1065,.T.);
#1063 = VERTEX_POINT('',#1064);
#1064 = CARTESIAN_POINT('',(-2.5,20.,3.500000000144));
#1065 = LINE('',#1066,#1067);
#1066 = CARTESIAN_POINT('',(-2.5,20.,4.));
#1067 = VECTOR('',#1068,1.);
#1068 = DIRECTION('',(0.,0.,1.));
#1069 = ORIENTED_EDGE('',*,*,#1070,.F.);
#1070 = EDGE_CURVE('',#975,#1063,#1071,.T.);
#1071 = LINE('',#1072,#1073);
#1072 = CARTESIAN_POINT('',(-2.5,20.,4.));
#1073 = VECTOR('',#1074,1.);
#1074 = DIRECTION('',(0.,0.,1.));
#1075 = ORIENTED_EDGE('',*,*,#992,.F.);
#1076 = PLANE('',#1077);
#1077 = AXIS2_PLACEMENT_3D('',#1078,#1079,#1080);
#1078 = CARTESIAN_POINT('',(-5.999999999993,20.,1.5));
#1079 = DIRECTION('',(0.,1.,0.));
#1080 = DIRECTION('',(1.,0.,0.));
#1081 = ADVANCED_FACE('',(#1082),#1140,.T.);
#1082 = FACE_BOUND('',#1083,.T.);
#1083 = EDGE_LOOP('',(#1084,#1094,#1100,#1101,#1102,#1110,#1118,#1126,
    #1134));
#1084 = ORIENTED_EDGE('',*,*,#1085,.T.);
#1085 = EDGE_CURVE('',#1086,#1088,#1090,.T.);
#1086 = VERTEX_POINT('',#1087);
#1087 = CARTESIAN_POINT('',(-3.749999999993,17.75,6.6));
#1088 = VERTEX_POINT('',#1089);
#1089 = CARTESIAN_POINT('',(-3.749999999993,17.75,7.));
#1090 = LINE('',#1091,#1092);
#1091 = CARTESIAN_POINT('',(-3.749999999993,17.75,1.5));
#1092 = VECTOR('',#1093,1.);
#1093 = DIRECTION('',(0.,0.,1.));
#1094 = ORIENTED_EDGE('',*,*,#1095,.T.);
#1095 = EDGE_CURVE('',#1088,#1008,#1096,.T.);
#1096 = LINE('',#1097,#1098);
#1097 = CARTESIAN_POINT('',(-3.749999999993,17.75,7.));
#1098 = VECTOR('',#1099,1.);
#1099 = DIRECTION('',(-0.707106781187,0.707106781187,0.));
#1100 = ORIENTED_EDGE('',*,*,#1007,.F.);
#1101 = ORIENTED_EDGE('',*,*,#311,.F.);
#1102 = ORIENTED_EDGE('',*,*,#1103,.T.);
#1103 = EDGE_CURVE('',#304,#1104,#1106,.T.);
#1104 = VERTEX_POINT('',#1105);
#1105 = CARTESIAN_POINT('',(-3.749999999993,17.75,4.1));
#1106 = LINE('',#1107,#1108);
#1107 = CARTESIAN_POINT('',(-3.749999999993,17.75,1.5));
#1108 = VECTOR('',#1109,1.);
#1109 = DIRECTION('',(0.,0.,1.));
#1110 = ORIENTED_EDGE('',*,*,#1111,.T.);
#1111 = EDGE_CURVE('',#1104,#1112,#1114,.T.);
#1112 = VERTEX_POINT('',#1113);
#1113 = CARTESIAN_POINT('',(-4.599999999993,18.6,4.1));
#1114 = LINE('',#1115,#1116);
#1115 = CARTESIAN_POINT('',(-0.374999999995,14.375000000002,4.1));
#1116 = VECTOR('',#1117,1.);
#1117 = DIRECTION('',(-0.707106781187,0.707106781187,0.));
#1118 = ORIENTED_EDGE('',*,*,#1119,.T.);
#1119 = EDGE_CURVE('',#1112,#1120,#1122,.T.);
#1120 = VERTEX_POINT('',#1121);
#1121 = CARTESIAN_POINT('',(-4.599999999993,18.6,5.8));
#1122 = LINE('',#1123,#1124);
#1123 = CARTESIAN_POINT('',(-4.599999999993,18.6,2.8));
#1124 = VECTOR('',#1125,1.);
#1125 = DIRECTION('',(0.,0.,1.));
#1126 = ORIENTED_EDGE('',*,*,#1127,.F.);
#1127 = EDGE_CURVE('',#1128,#1120,#1130,.T.);
#1128 = VERTEX_POINT('',#1129);
#1129 = CARTESIAN_POINT('',(-4.549999999993,18.55,5.8));
#1130 = LINE('',#1131,#1132);
#1131 = CARTESIAN_POINT('',(-0.374999999995,14.375000000002,5.8));
#1132 = VECTOR('',#1133,1.);
#1133 = DIRECTION('',(-0.707106781187,0.707106781187,0.));
#1134 = ORIENTED_EDGE('',*,*,#1135,.F.);
#1135 = EDGE_CURVE('',#1086,#1128,#1136,.T.);
#1136 = LINE('',#1137,#1138);
#1137 = CARTESIAN_POINT('',(-4.733333333326,18.733333333333,
    5.616666666667));
#1138 = VECTOR('',#1139,1.);
#1139 = DIRECTION('',(-0.57735026919,0.57735026919,-0.57735026919));
#1140 = PLANE('',#1141);
#1141 = AXIS2_PLACEMENT_3D('',#1142,#1143,#1144);
#1142 = CARTESIAN_POINT('',(-3.749999999993,17.75,1.5));
#1143 = DIRECTION('',(-0.707106781187,-0.707106781187,0.));
#1144 = DIRECTION('',(-0.707106781187,0.707106781187,0.));
#1145 = ADVANCED_FACE('',(#1146),#1164,.F.);
#1146 = FACE_BOUND('',#1147,.F.);
#1147 = EDGE_LOOP('',(#1148,#1149,#1150,#1158));
#1148 = ORIENTED_EDGE('',*,*,#303,.F.);
#1149 = ORIENTED_EDGE('',*,*,#1103,.T.);
#1150 = ORIENTED_EDGE('',*,*,#1151,.T.);
#1151 = EDGE_CURVE('',#1104,#1152,#1154,.T.);
#1152 = VERTEX_POINT('',#1153);
#1153 = CARTESIAN_POINT('',(8.250000000007,17.75,4.1));
#1154 = LINE('',#1155,#1156);
#1155 = CARTESIAN_POINT('',(-1.124999999996,17.75,4.1));
#1156 = VECTOR('',#1157,1.);
#1157 = DIRECTION('',(1.,0.,0.));
#1158 = ORIENTED_EDGE('',*,*,#1159,.F.);
#1159 = EDGE_CURVE('',#296,#1152,#1160,.T.);
#1160 = LINE('',#1161,#1162);
#1161 = CARTESIAN_POINT('',(8.250000000007,17.75,1.5));
#1162 = VECTOR('',#1163,1.);
#1163 = DIRECTION('',(0.,0.,1.));
#1164 = PLANE('',#1165);
#1165 = AXIS2_PLACEMENT_3D('',#1166,#1167,#1168);
#1166 = CARTESIAN_POINT('',(-3.749999999993,17.75,1.5));
#1167 = DIRECTION('',(0.,1.,0.));
#1168 = DIRECTION('',(1.,0.,0.));
#1169 = ADVANCED_FACE('',(#1170),#1221,.T.);
#1170 = FACE_BOUND('',#1171,.T.);
#1171 = EDGE_LOOP('',(#1172,#1182,#1190,#1196,#1197,#1198,#1199,#1207,
    #1215));
#1172 = ORIENTED_EDGE('',*,*,#1173,.F.);
#1173 = EDGE_CURVE('',#1174,#1176,#1178,.T.);
#1174 = VERTEX_POINT('',#1175);
#1175 = CARTESIAN_POINT('',(9.100000000004,18.6,5.8));
#1176 = VERTEX_POINT('',#1177);
#1177 = CARTESIAN_POINT('',(9.050000000004,18.55,5.8));
#1178 = LINE('',#1179,#1180);
#1179 = CARTESIAN_POINT('',(5.625000000007,15.124999999991,5.8));
#1180 = VECTOR('',#1181,1.);
#1181 = DIRECTION('',(-0.707106781185,-0.707106781188,0.));
#1182 = ORIENTED_EDGE('',*,*,#1183,.T.);
#1183 = EDGE_CURVE('',#1174,#1184,#1186,.T.);
#1184 = VERTEX_POINT('',#1185);
#1185 = CARTESIAN_POINT('',(9.100000000004,18.6,4.1));
#1186 = LINE('',#1187,#1188);
#1187 = CARTESIAN_POINT('',(9.100000000004,18.6,2.8));
#1188 = VECTOR('',#1189,1.);
#1189 = DIRECTION('',(0.,0.,-1.));
#1190 = ORIENTED_EDGE('',*,*,#1191,.T.);
#1191 = EDGE_CURVE('',#1184,#1152,#1192,.T.);
#1192 = LINE('',#1193,#1194);
#1193 = CARTESIAN_POINT('',(5.625000000007,15.124999999991,4.1));
#1194 = VECTOR('',#1195,1.);
#1195 = DIRECTION('',(-0.707106781185,-0.707106781188,0.));
#1196 = ORIENTED_EDGE('',*,*,#1159,.F.);
#1197 = ORIENTED_EDGE('',*,*,#295,.F.);
#1198 = ORIENTED_EDGE('',*,*,#1023,.T.);
#1199 = ORIENTED_EDGE('',*,*,#1200,.T.);
#1200 = EDGE_CURVE('',#1016,#1201,#1203,.T.);
#1201 = VERTEX_POINT('',#1202);
#1202 = CARTESIAN_POINT('',(8.250000000007,17.75,7.));
#1203 = LINE('',#1204,#1205);
#1204 = CARTESIAN_POINT('',(10.499999999999,20.,7.));
#1205 = VECTOR('',#1206,1.);
#1206 = DIRECTION('',(-0.707106781185,-0.707106781188,0.));
#1207 = ORIENTED_EDGE('',*,*,#1208,.F.);
#1208 = EDGE_CURVE('',#1209,#1201,#1211,.T.);
#1209 = VERTEX_POINT('',#1210);
#1210 = CARTESIAN_POINT('',(8.250000000007,17.75,6.6));
#1211 = LINE('',#1212,#1213);
#1212 = CARTESIAN_POINT('',(8.250000000007,17.75,1.5));
#1213 = VECTOR('',#1214,1.);
#1214 = DIRECTION('',(0.,0.,1.));
#1215 = ORIENTED_EDGE('',*,*,#1216,.T.);
#1216 = EDGE_CURVE('',#1209,#1176,#1217,.T.);
#1217 = LINE('',#1218,#1219);
#1218 = CARTESIAN_POINT('',(7.983333333345,17.483333333337,
    6.866666666663));
#1219 = VECTOR('',#1220,1.);
#1220 = DIRECTION('',(0.577350269188,0.57735026919,-0.57735026919));
#1221 = PLANE('',#1222);
#1222 = AXIS2_PLACEMENT_3D('',#1223,#1224,#1225);
#1223 = CARTESIAN_POINT('',(10.499999999999,20.,1.5));
#1224 = DIRECTION('',(0.707106781188,-0.707106781185,0.));
#1225 = DIRECTION('',(-0.707106781185,-0.707106781188,0.));
#1226 = ADVANCED_FACE('',(#1227),#1254,.T.);
#1227 = FACE_BOUND('',#1228,.T.);
#1228 = EDGE_LOOP('',(#1229,#1237,#1238,#1239,#1248));
#1229 = ORIENTED_EDGE('',*,*,#1230,.F.);
#1230 = EDGE_CURVE('',#1031,#1231,#1233,.T.);
#1231 = VERTEX_POINT('',#1232);
#1232 = CARTESIAN_POINT('',(2.5,21.5,2.5));
#1233 = LINE('',#1234,#1235);
#1234 = CARTESIAN_POINT('',(2.5,18.5,2.5));
#1235 = VECTOR('',#1236,1.);
#1236 = DIRECTION('',(0.,1.,0.));
#1237 = ORIENTED_EDGE('',*,*,#1030,.T.);
#1238 = ORIENTED_EDGE('',*,*,#279,.T.);
#1239 = ORIENTED_EDGE('',*,*,#1240,.F.);
#1240 = EDGE_CURVE('',#1241,#272,#1243,.T.);
#1241 = VERTEX_POINT('',#1242);
#1242 = CARTESIAN_POINT('',(2.5,21.5,1.9));
#1243 = CIRCLE('',#1244,0.4);
#1244 = AXIS2_PLACEMENT_3D('',#1245,#1246,#1247);
#1245 = CARTESIAN_POINT('',(2.5,21.1,1.9));
#1246 = DIRECTION('',(-1.,0.,0.));
#1247 = DIRECTION('',(0.,1.,0.));
#1248 = ORIENTED_EDGE('',*,*,#1249,.F.);
#1249 = EDGE_CURVE('',#1231,#1241,#1250,.T.);
#1250 = LINE('',#1251,#1252);
#1251 = CARTESIAN_POINT('',(2.5,21.5,6.5));
#1252 = VECTOR('',#1253,1.);
#1253 = DIRECTION('',(-0.,-0.,-1.));
#1254 = PLANE('',#1255);
#1255 = AXIS2_PLACEMENT_3D('',#1256,#1257,#1258);
#1256 = CARTESIAN_POINT('',(2.5,19.,6.5));
#1257 = DIRECTION('',(1.,0.,0.));
#1258 = DIRECTION('',(0.,1.,0.));
#1259 = ADVANCED_FACE('',(#1260),#1279,.F.);
#1260 = FACE_BOUND('',#1261,.F.);
#1261 = EDGE_LOOP('',(#1262,#1270,#1277,#1278));
#1262 = ORIENTED_EDGE('',*,*,#1263,.F.);
#1263 = EDGE_CURVE('',#1264,#1241,#1266,.T.);
#1264 = VERTEX_POINT('',#1265);
#1265 = CARTESIAN_POINT('',(13.499999999999,21.5,1.9));
#1266 = LINE('',#1267,#1268);
#1267 = CARTESIAN_POINT('',(13.499999999999,21.5,1.9));
#1268 = VECTOR('',#1269,1.);
#1269 = DIRECTION('',(-1.,0.,0.));
#1270 = ORIENTED_EDGE('',*,*,#1271,.T.);
#1271 = EDGE_CURVE('',#1264,#263,#1272,.T.);
#1272 = CIRCLE('',#1273,0.4);
#1273 = AXIS2_PLACEMENT_3D('',#1274,#1275,#1276);
#1274 = CARTESIAN_POINT('',(13.499999999999,21.1,1.9));
#1275 = DIRECTION('',(-1.,0.,0.));
#1276 = DIRECTION('',(0.,1.,0.));
#1277 = ORIENTED_EDGE('',*,*,#271,.T.);
#1278 = ORIENTED_EDGE('',*,*,#1240,.F.);
#1279 = CYLINDRICAL_SURFACE('',#1280,0.4);
#1280 = AXIS2_PLACEMENT_3D('',#1281,#1282,#1283);
#1281 = CARTESIAN_POINT('',(13.499999999999,21.1,1.9));
#1282 = DIRECTION('',(-1.,0.,0.));
#1283 = DIRECTION('',(0.,1.,0.));
#1284 = ADVANCED_FACE('',(#1285),#1297,.T.);
#1285 = FACE_BOUND('',#1286,.T.);
#1286 = EDGE_LOOP('',(#1287,#1288,#1295,#1296));
#1287 = ORIENTED_EDGE('',*,*,#585,.F.);
#1288 = ORIENTED_EDGE('',*,*,#1289,.T.);
#1289 = EDGE_CURVE('',#570,#1264,#1290,.T.);
#1290 = CIRCLE('',#1291,0.5);
#1291 = AXIS2_PLACEMENT_3D('',#1292,#1293,#1294);
#1292 = CARTESIAN_POINT('',(13.499999999999,21.,1.9));
#1293 = DIRECTION('',(0.,-0.,1.));
#1294 = DIRECTION('',(1.,7.11E-15,0.));
#1295 = ORIENTED_EDGE('',*,*,#1271,.T.);
#1296 = ORIENTED_EDGE('',*,*,#262,.F.);
#1297 = OFFSET_SURFACE('',#1298,1.5,.F.);
#1298 = SURFACE_OF_REVOLUTION('',#1299,#1312);
#1299 = B_SPLINE_CURVE_WITH_KNOTS('',6,(#1300,#1301,#1302,#1303,#1304,
    #1305,#1306,#1307,#1308,#1309,#1310,#1311),.UNSPECIFIED.,.F.,.F.,(7,
    5,7),(0.,0.785398163397,1.570796326795),.UNSPECIFIED.);
#1300 = CARTESIAN_POINT('',(15.499999999999,21.,1.9));
#1301 = CARTESIAN_POINT('',(15.499999999999,21.,1.651290581591));
#1302 = CARTESIAN_POINT('',(15.460932969154,21.,1.402581578595));
#1303 = CARTESIAN_POINT('',(15.3827978897,21.,1.161540935116));
#1304 = CARTESIAN_POINT('',(15.267606260685,21.,0.93584961704));
#1305 = CARTESIAN_POINT('',(15.119367000556,21.,0.732361232048));
#1306 = CARTESIAN_POINT('',(14.767638767952,21.,0.380632999443));
#1307 = CARTESIAN_POINT('',(14.56415038296,21.,0.232393739314));
#1308 = CARTESIAN_POINT('',(14.338459064883,21.,0.117202110299));
#1309 = CARTESIAN_POINT('',(14.097418421405,21.,3.906703084475E-02));
#1310 = CARTESIAN_POINT('',(13.848709418408,21.,3.101260744808E-17));
#1311 = CARTESIAN_POINT('',(13.599999999999,21.,-1.26983314481E-31));
#1312 = AXIS1_PLACEMENT('',#1313,#1314);
#1313 = CARTESIAN_POINT('',(13.499999999999,21.,1.9));
#1314 = DIRECTION('',(0.,0.,1.));
#1315 = ADVANCED_FACE('',(#1316),#1335,.T.);
#1316 = FACE_BOUND('',#1317,.F.);
#1317 = EDGE_LOOP('',(#1318,#1319,#1327,#1334));
#1318 = ORIENTED_EDGE('',*,*,#418,.T.);
#1319 = ORIENTED_EDGE('',*,*,#1320,.T.);
#1320 = EDGE_CURVE('',#419,#1321,#1323,.T.);
#1321 = VERTEX_POINT('',#1322);
#1322 = CARTESIAN_POINT('',(4.5,-16.5,3.));
#1323 = LINE('',#1324,#1325);
#1324 = CARTESIAN_POINT('',(4.5,-16.5,1.));
#1325 = VECTOR('',#1326,1.);
#1326 = DIRECTION('',(0.,0.,1.));
#1327 = ORIENTED_EDGE('',*,*,#1328,.T.);
#1328 = EDGE_CURVE('',#1321,#1321,#1329,.T.);
#1329 = CIRCLE('',#1330,4.5);
#1330 = AXIS2_PLACEMENT_3D('',#1331,#1332,#1333);
#1331 = CARTESIAN_POINT('',(0.,-16.5,3.));
#1332 = DIRECTION('',(0.,0.,1.));
#1333 = DIRECTION('',(1.,0.,0.));
#1334 = ORIENTED_EDGE('',*,*,#1320,.F.);
#1335 = CYLINDRICAL_SURFACE('',#1336,4.5);
#1336 = AXIS2_PLACEMENT_3D('',#1337,#1338,#1339);
#1337 = CARTESIAN_POINT('',(0.,-16.5,1.));
#1338 = DIRECTION('',(-0.,-0.,-1.));
#1339 = DIRECTION('',(1.,0.,0.));
#1340 = ADVANCED_FACE('',(#1341),#1366,.F.);
#1341 = FACE_BOUND('',#1342,.F.);
#1342 = EDGE_LOOP('',(#1343,#1351,#1359,#1365));
#1343 = ORIENTED_EDGE('',*,*,#1344,.T.);
#1344 = EDGE_CURVE('',#430,#1345,#1347,.T.);
#1345 = VERTEX_POINT('',#1346);
#1346 = CARTESIAN_POINT('',(-12.5,12.5,7.));
#1347 = LINE('',#1348,#1349);
#1348 = CARTESIAN_POINT('',(-12.5,12.5,1.5));
#1349 = VECTOR('',#1350,1.);
#1350 = DIRECTION('',(0.,0.,1.));
#1351 = ORIENTED_EDGE('',*,*,#1352,.T.);
#1352 = EDGE_CURVE('',#1345,#1353,#1355,.T.);
#1353 = VERTEX_POINT('',#1354);
#1354 = CARTESIAN_POINT('',(-12.5,6.5,7.));
#1355 = LINE('',#1356,#1357);
#1356 = CARTESIAN_POINT('',(-12.5,12.5,7.));
#1357 = VECTOR('',#1358,1.);
#1358 = DIRECTION('',(0.,-1.,0.));
#1359 = ORIENTED_EDGE('',*,*,#1360,.F.);
#1360 = EDGE_CURVE('',#432,#1353,#1361,.T.);
#1361 = LINE('',#1362,#1363);
#1362 = CARTESIAN_POINT('',(-12.5,6.5,1.5));
#1363 = VECTOR('',#1364,1.);
#1364 = DIRECTION('',(0.,0.,1.));
#1365 = ORIENTED_EDGE('',*,*,#429,.F.);
#1366 = PLANE('',#1367);
#1367 = AXIS2_PLACEMENT_3D('',#1368,#1369,#1370);
#1368 = CARTESIAN_POINT('',(-12.5,12.5,1.5));
#1369 = DIRECTION('',(1.,0.,0.));
#1370 = DIRECTION('',(0.,-1.,0.));
#1371 = ADVANCED_FACE('',(#1372),#1390,.F.);
#1372 = FACE_BOUND('',#1373,.F.);
#1373 = EDGE_LOOP('',(#1374,#1382,#1388,#1389));
#1374 = ORIENTED_EDGE('',*,*,#1375,.T.);
#1375 = EDGE_CURVE('',#440,#1376,#1378,.T.);
#1376 = VERTEX_POINT('',#1377);
#1377 = CARTESIAN_POINT('',(-10.5,12.5,7.));
#1378 = LINE('',#1379,#1380);
#1379 = CARTESIAN_POINT('',(-10.5,12.5,1.5));
#1380 = VECTOR('',#1381,1.);
#1381 = DIRECTION('',(0.,0.,1.));
#1382 = ORIENTED_EDGE('',*,*,#1383,.T.);
#1383 = EDGE_CURVE('',#1376,#1345,#1384,.T.);
#1384 = LINE('',#1385,#1386);
#1385 = CARTESIAN_POINT('',(-10.5,12.5,7.));
#1386 = VECTOR('',#1387,1.);
#1387 = DIRECTION('',(-1.,0.,0.));
#1388 = ORIENTED_EDGE('',*,*,#1344,.F.);
#1389 = ORIENTED_EDGE('',*,*,#439,.F.);
#1390 = PLANE('',#1391);
#1391 = AXIS2_PLACEMENT_3D('',#1392,#1393,#1394);
#1392 = CARTESIAN_POINT('',(-10.5,12.5,1.5));
#1393 = DIRECTION('',(0.,-1.,0.));
#1394 = DIRECTION('',(-1.,0.,0.));
#1395 = ADVANCED_FACE('',(#1396),#1414,.F.);
#1396 = FACE_BOUND('',#1397,.F.);
#1397 = EDGE_LOOP('',(#1398,#1399,#1407,#1413));
#1398 = ORIENTED_EDGE('',*,*,#1360,.T.);
#1399 = ORIENTED_EDGE('',*,*,#1400,.T.);
#1400 = EDGE_CURVE('',#1353,#1401,#1403,.T.);
#1401 = VERTEX_POINT('',#1402);
#1402 = CARTESIAN_POINT('',(-10.5,6.5,7.));
#1403 = LINE('',#1404,#1405);
#1404 = CARTESIAN_POINT('',(-12.5,6.5,7.));
#1405 = VECTOR('',#1406,1.);
#1406 = DIRECTION('',(1.,0.,0.));
#1407 = ORIENTED_EDGE('',*,*,#1408,.F.);
#1408 = EDGE_CURVE('',#448,#1401,#1409,.T.);
#1409 = LINE('',#1410,#1411);
#1410 = CARTESIAN_POINT('',(-10.5,6.5,1.5));
#1411 = VECTOR('',#1412,1.);
#1412 = DIRECTION('',(0.,0.,1.));
#1413 = ORIENTED_EDGE('',*,*,#455,.F.);
#1414 = PLANE('',#1415);
#1415 = AXIS2_PLACEMENT_3D('',#1416,#1417,#1418);
#1416 = CARTESIAN_POINT('',(-12.5,6.5,1.5));
#1417 = DIRECTION('',(0.,1.,0.));
#1418 = DIRECTION('',(1.,0.,0.));
#1419 = ADVANCED_FACE('',(#1420),#1431,.F.);
#1420 = FACE_BOUND('',#1421,.F.);
#1421 = EDGE_LOOP('',(#1422,#1423,#1429,#1430));
#1422 = ORIENTED_EDGE('',*,*,#1408,.T.);
#1423 = ORIENTED_EDGE('',*,*,#1424,.T.);
#1424 = EDGE_CURVE('',#1401,#1376,#1425,.T.);
#1425 = LINE('',#1426,#1427);
#1426 = CARTESIAN_POINT('',(-10.5,6.5,7.));
#1427 = VECTOR('',#1428,1.);
#1428 = DIRECTION('',(0.,1.,0.));
#1429 = ORIENTED_EDGE('',*,*,#1375,.F.);
#1430 = ORIENTED_EDGE('',*,*,#447,.F.);
#1431 = PLANE('',#1432);
#1432 = AXIS2_PLACEMENT_3D('',#1433,#1434,#1435);
#1433 = CARTESIAN_POINT('',(-10.5,6.5,1.5));
#1434 = DIRECTION('',(-1.,0.,0.));
#1435 = DIRECTION('',(0.,1.,0.));
#1436 = ADVANCED_FACE('',(#1437),#1456,.F.);
#1437 = FACE_BOUND('',#1438,.T.);
#1438 = EDGE_LOOP('',(#1439,#1448,#1454,#1455));
#1439 = ORIENTED_EDGE('',*,*,#1440,.T.);
#1440 = EDGE_CURVE('',#1441,#1441,#1443,.T.);
#1441 = VERTEX_POINT('',#1442);
#1442 = CARTESIAN_POINT('',(6.75,7.,0.));
#1443 = CIRCLE('',#1444,2.25);
#1444 = AXIS2_PLACEMENT_3D('',#1445,#1446,#1447);
#1445 = CARTESIAN_POINT('',(4.5,7.,0.));
#1446 = DIRECTION('',(0.,0.,-1.));
#1447 = DIRECTION('',(1.,0.,0.));
#1448 = ORIENTED_EDGE('',*,*,#1449,.T.);
#1449 = EDGE_CURVE('',#1441,#482,#1450,.T.);
#1450 = LINE('',#1451,#1452);
#1451 = CARTESIAN_POINT('',(6.75,7.,-112.9394988478));
#1452 = VECTOR('',#1453,1.);
#1453 = DIRECTION('',(0.,0.,1.));
#1454 = ORIENTED_EDGE('',*,*,#481,.F.);
#1455 = ORIENTED_EDGE('',*,*,#1449,.F.);
#1456 = CYLINDRICAL_SURFACE('',#1457,2.25);
#1457 = AXIS2_PLACEMENT_3D('',#1458,#1459,#1460);
#1458 = CARTESIAN_POINT('',(4.5,7.,-112.9394988478));
#1459 = DIRECTION('',(-0.,-0.,-1.));
#1460 = DIRECTION('',(1.,0.,0.));
#1461 = ADVANCED_FACE('',(#1462),#1481,.F.);
#1462 = FACE_BOUND('',#1463,.T.);
#1463 = EDGE_LOOP('',(#1464,#1473,#1479,#1480));
#1464 = ORIENTED_EDGE('',*,*,#1465,.T.);
#1465 = EDGE_CURVE('',#1466,#1466,#1468,.T.);
#1466 = VERTEX_POINT('',#1467);
#1467 = CARTESIAN_POINT('',(4.25,14.2,0.));
#1468 = CIRCLE('',#1469,1.75);
#1469 = AXIS2_PLACEMENT_3D('',#1470,#1471,#1472);
#1470 = CARTESIAN_POINT('',(2.5,14.2,0.));
#1471 = DIRECTION('',(0.,0.,-1.));
#1472 = DIRECTION('',(1.,0.,0.));
#1473 = ORIENTED_EDGE('',*,*,#1474,.T.);
#1474 = EDGE_CURVE('',#1466,#493,#1475,.T.);
#1475 = LINE('',#1476,#1477);
#1476 = CARTESIAN_POINT('',(4.25,14.2,-112.9394988478));
#1477 = VECTOR('',#1478,1.);
#1478 = DIRECTION('',(0.,0.,1.));
#1479 = ORIENTED_EDGE('',*,*,#492,.F.);
#1480 = ORIENTED_EDGE('',*,*,#1474,.F.);
#1481 = CYLINDRICAL_SURFACE('',#1482,1.75);
#1482 = AXIS2_PLACEMENT_3D('',#1483,#1484,#1485);
#1483 = CARTESIAN_POINT('',(2.5,14.2,-112.9394988478));
#1484 = DIRECTION('',(-0.,-0.,-1.));
#1485 = DIRECTION('',(1.,0.,0.));
#1486 = ADVANCED_FACE('',(#1487),#1505,.T.);
#1487 = FACE_BOUND('',#1488,.T.);
#1488 = EDGE_LOOP('',(#1489,#1490,#1491,#1499));
#1489 = ORIENTED_EDGE('',*,*,#567,.F.);
#1490 = ORIENTED_EDGE('',*,*,#627,.F.);
#1491 = ORIENTED_EDGE('',*,*,#1492,.T.);
#1492 = EDGE_CURVE('',#628,#1493,#1495,.T.);
#1493 = VERTEX_POINT('',#1494);
#1494 = CARTESIAN_POINT('',(13.999999999999,21.,2.5));
#1495 = LINE('',#1496,#1497);
#1496 = CARTESIAN_POINT('',(13.999999999999,-21.,2.5));
#1497 = VECTOR('',#1498,1.);
#1498 = DIRECTION('',(0.,1.,0.));
#1499 = ORIENTED_EDGE('',*,*,#1500,.F.);
#1500 = EDGE_CURVE('',#570,#1493,#1501,.T.);
#1501 = LINE('',#1502,#1503);
#1502 = CARTESIAN_POINT('',(13.999999999999,21.,0.));
#1503 = VECTOR('',#1504,1.);
#1504 = DIRECTION('',(0.,0.,1.));
#1505 = PLANE('',#1506);
#1506 = AXIS2_PLACEMENT_3D('',#1507,#1508,#1509);
#1507 = CARTESIAN_POINT('',(13.999999999999,-21.,0.));
#1508 = DIRECTION('',(-1.,0.,0.));
#1509 = DIRECTION('',(0.,1.,0.));
#1510 = ADVANCED_FACE('',(#1511),#1599,.T.);
#1511 = FACE_BOUND('',#1512,.T.);
#1512 = EDGE_LOOP('',(#1513,#1523,#1540,#1541,#1549,#1558,#1566,#1575,
    #1581,#1582));
#1513 = ORIENTED_EDGE('',*,*,#1514,.F.);
#1514 = EDGE_CURVE('',#1515,#1517,#1519,.T.);
#1515 = VERTEX_POINT('',#1516);
#1516 = CARTESIAN_POINT('',(15.073091986265,5.,0.7));
#1517 = VERTEX_POINT('',#1518);
#1518 = CARTESIAN_POINT('',(15.073091986265,14.,0.7));
#1519 = LINE('',#1520,#1521);
#1520 = CARTESIAN_POINT('',(15.073091986265,-21.,0.7));
#1521 = VECTOR('',#1522,1.);
#1522 = DIRECTION('',(0.,1.,0.));
#1523 = ORIENTED_EDGE('',*,*,#1524,.F.);
#1524 = EDGE_CURVE('',#702,#1515,#1525,.T.);
#1525 = B_SPLINE_CURVE_WITH_KNOTS('',7,(#1526,#1527,#1528,#1529,#1530,
    #1531,#1532,#1533,#1534,#1535,#1536,#1537,#1538,#1539),
  .UNSPECIFIED.,.F.,.F.,(8,6,8),(0.,0.456131540056,1.),.UNSPECIFIED.);
#1526 = CARTESIAN_POINT('',(15.366352173265,4.5,1.2));
#1527 = CARTESIAN_POINT('',(15.345424316939,4.5,1.147191479282));
#1528 = CARTESIAN_POINT('',(15.322506371888,4.506507188596,
    1.094738195466));
#1529 = CARTESIAN_POINT('',(15.297967638714,4.519363101088,
    1.043714577486));
#1530 = CARTESIAN_POINT('',(15.272356845897,4.538154081992,
    0.995021470074));
#1531 = CARTESIAN_POINT('',(15.246346947355,4.562363941528,0.94937123108
    ));
#1532 = CARTESIAN_POINT('',(15.220687806548,4.591464563587,
    0.907319561376));
#1533 = CARTESIAN_POINT('',(15.166929104788,4.664864227188,0.82406398551
    ));
#1534 = CARTESIAN_POINT('',(15.139281950245,4.711046455348,
    0.784537068718));
#1535 = CARTESIAN_POINT('',(15.114588730684,4.762626354186,
    0.751612944598));
#1536 = CARTESIAN_POINT('',(15.094353339672,4.818622794695,
    0.726095068452));
#1537 = CARTESIAN_POINT('',(15.080180090521,4.877882935006,
    0.708702328706));
#1538 = CARTESIAN_POINT('',(15.073091986265,4.938929692722,0.7));
#1539 = CARTESIAN_POINT('',(15.073091986265,5.,0.7));
#1540 = ORIENTED_EDGE('',*,*,#699,.F.);
#1541 = ORIENTED_EDGE('',*,*,#1542,.F.);
#1542 = EDGE_CURVE('',#1543,#700,#1545,.T.);
#1543 = VERTEX_POINT('',#1544);
#1544 = CARTESIAN_POINT('',(15.499999999999,-21.,1.9));
#1545 = LINE('',#1546,#1547);
#1546 = CARTESIAN_POINT('',(15.499999999999,-21.,1.9));
#1547 = VECTOR('',#1548,1.);
#1548 = DIRECTION('',(0.,1.,0.));
#1549 = ORIENTED_EDGE('',*,*,#1550,.T.);
#1550 = EDGE_CURVE('',#1543,#1551,#1553,.T.);
#1551 = VERTEX_POINT('',#1552);
#1552 = CARTESIAN_POINT('',(13.599999999999,-21.,0.));
#1553 = CIRCLE('',#1554,1.9);
#1554 = AXIS2_PLACEMENT_3D('',#1555,#1556,#1557);
#1555 = CARTESIAN_POINT('',(13.599999999999,-21.,1.9));
#1556 = DIRECTION('',(5.39E-15,1.,0.));
#1557 = DIRECTION('',(1.,-5.39E-15,0.));
#1558 = ORIENTED_EDGE('',*,*,#1559,.T.);
#1559 = EDGE_CURVE('',#1551,#1560,#1562,.T.);
#1560 = VERTEX_POINT('',#1561);
#1561 = CARTESIAN_POINT('',(13.599999999999,21.,0.));
#1562 = LINE('',#1563,#1564);
#1563 = CARTESIAN_POINT('',(13.599999999999,-21.,-4.4E-16));
#1564 = VECTOR('',#1565,1.);
#1565 = DIRECTION('',(0.,1.,0.));
#1566 = ORIENTED_EDGE('',*,*,#1567,.F.);
#1567 = EDGE_CURVE('',#1568,#1560,#1570,.T.);
#1568 = VERTEX_POINT('',#1569);
#1569 = CARTESIAN_POINT('',(15.499999999999,21.,1.9));
#1570 = CIRCLE('',#1571,1.9);
#1571 = AXIS2_PLACEMENT_3D('',#1572,#1573,#1574);
#1572 = CARTESIAN_POINT('',(13.599999999999,21.,1.9));
#1573 = DIRECTION('',(-0.,1.,0.));
#1574 = DIRECTION('',(1.,0.,0.));
#1575 = ORIENTED_EDGE('',*,*,#1576,.F.);
#1576 = EDGE_CURVE('',#601,#1568,#1577,.T.);
#1577 = LINE('',#1578,#1579);
#1578 = CARTESIAN_POINT('',(15.499999999999,-21.,1.9));
#1579 = VECTOR('',#1580,1.);
#1580 = DIRECTION('',(0.,1.,0.));
#1581 = ORIENTED_EDGE('',*,*,#600,.T.);
#1582 = ORIENTED_EDGE('',*,*,#1583,.F.);
#1583 = EDGE_CURVE('',#1517,#603,#1584,.T.);
#1584 = B_SPLINE_CURVE_WITH_KNOTS('',7,(#1585,#1586,#1587,#1588,#1589,
    #1590,#1591,#1592,#1593,#1594,#1595,#1596,#1597,#1598),
  .UNSPECIFIED.,.F.,.F.,(8,6,8),(0.,0.54388206116,1.),.UNSPECIFIED.);
#1585 = CARTESIAN_POINT('',(15.073091986265,14.,0.7));
#1586 = CARTESIAN_POINT('',(15.073091986265,14.061075712683,0.7));
#1587 = CARTESIAN_POINT('',(15.080181250449,14.122122178104,
    0.708703870708));
#1588 = CARTESIAN_POINT('',(15.094354979771,14.181378096506,
    0.726096744484));
#1589 = CARTESIAN_POINT('',(15.114587711736,14.23737106244,0.75161232461
    ));
#1590 = CARTESIAN_POINT('',(15.13928022702,14.288950173693,
    0.784534529974));
#1591 = CARTESIAN_POINT('',(15.166927685588,14.335133835101,
    0.824061787609));
#1592 = CARTESIAN_POINT('',(15.220687652358,14.40853522589,
    0.907319322584));
#1593 = CARTESIAN_POINT('',(15.246346877621,14.437636049076,
    0.949371114452));
#1594 = CARTESIAN_POINT('',(15.272356868559,14.461845944115,
    0.995021495765));
#1595 = CARTESIAN_POINT('',(15.297967697158,14.480636935139,
    1.043714661593));
#1596 = CARTESIAN_POINT('',(15.322506456622,14.493492889048,
    1.094738365398));
#1597 = CARTESIAN_POINT('',(15.345424447243,14.5,1.147191808086));
#1598 = CARTESIAN_POINT('',(15.366352173265,14.5,1.2));
#1599 = CYLINDRICAL_SURFACE('',#1600,1.9);
#1600 = AXIS2_PLACEMENT_3D('',#1601,#1602,#1603);
#1601 = CARTESIAN_POINT('',(13.599999999999,-21.,1.9));
#1602 = DIRECTION('',(0.,1.,0.));
#1603 = DIRECTION('',(1.,0.,0.));
#1604 = ADVANCED_FACE('',(#1605),#1616,.F.);
#1605 = FACE_BOUND('',#1606,.T.);
#1606 = EDGE_LOOP('',(#1607,#1608,#1609,#1610));
#1607 = ORIENTED_EDGE('',*,*,#1583,.T.);
#1608 = ORIENTED_EDGE('',*,*,#611,.T.);
#1609 = ORIENTED_EDGE('',*,*,#667,.F.);
#1610 = ORIENTED_EDGE('',*,*,#1611,.F.);
#1611 = EDGE_CURVE('',#1517,#660,#1612,.T.);
#1612 = LINE('',#1613,#1614);
#1613 = CARTESIAN_POINT('',(15.073091986265,14.,0.7));
#1614 = VECTOR('',#1615,1.);
#1615 = DIRECTION('',(-1.,-0.,-0.));
#1616 = CYLINDRICAL_SURFACE('',#1617,0.5);
#1617 = AXIS2_PLACEMENT_3D('',#1618,#1619,#1620);
#1618 = CARTESIAN_POINT('',(15.073091986265,14.,1.2));
#1619 = DIRECTION('',(-1.,-0.,-0.));
#1620 = DIRECTION('',(0.,0.,-1.));
#1621 = ADVANCED_FACE('',(#1622),#1640,.F.);
#1622 = FACE_BOUND('',#1623,.F.);
#1623 = EDGE_LOOP('',(#1624,#1625,#1626,#1634));
#1624 = ORIENTED_EDGE('',*,*,#1576,.F.);
#1625 = ORIENTED_EDGE('',*,*,#643,.T.);
#1626 = ORIENTED_EDGE('',*,*,#1627,.T.);
#1627 = EDGE_CURVE('',#636,#1628,#1630,.T.);
#1628 = VERTEX_POINT('',#1629);
#1629 = CARTESIAN_POINT('',(15.499999999999,21.,2.5));
#1630 = LINE('',#1631,#1632);
#1631 = CARTESIAN_POINT('',(15.499999999999,-21.,2.5));
#1632 = VECTOR('',#1633,1.);
#1633 = DIRECTION('',(0.,1.,0.));
#1634 = ORIENTED_EDGE('',*,*,#1635,.F.);
#1635 = EDGE_CURVE('',#1568,#1628,#1636,.T.);
#1636 = LINE('',#1637,#1638);
#1637 = CARTESIAN_POINT('',(15.499999999999,21.,0.));
#1638 = VECTOR('',#1639,1.);
#1639 = DIRECTION('',(0.,0.,1.));
#1640 = PLANE('',#1641);
#1641 = AXIS2_PLACEMENT_3D('',#1642,#1643,#1644);
#1642 = CARTESIAN_POINT('',(15.499999999999,-21.,0.));
#1643 = DIRECTION('',(-1.,0.,0.));
#1644 = DIRECTION('',(0.,1.,0.));
#1645 = ADVANCED_FACE('',(#1646),#1814,.T.);
#1646 = FACE_BOUND('',#1647,.T.);
#1647 = EDGE_LOOP('',(#1648,#1659,#1667,#1676,#1684,#1693,#1699,#1700,
    #1708,#1717,#1725,#1734,#1742,#1751,#1757,#1758,#1766,#1774,#1780,
    #1781,#1789,#1796,#1797,#1798,#1799,#1808));
#1648 = ORIENTED_EDGE('',*,*,#1649,.T.);
#1649 = EDGE_CURVE('',#1650,#1652,#1654,.T.);
#1650 = VERTEX_POINT('',#1651);
#1651 = CARTESIAN_POINT('',(-13.49999999999,23.,2.5));
#1652 = VERTEX_POINT('',#1653);
#1653 = CARTESIAN_POINT('',(-15.49999999999,21.,2.5));
#1654 = CIRCLE('',#1655,2.);
#1655 = AXIS2_PLACEMENT_3D('',#1656,#1657,#1658);
#1656 = CARTESIAN_POINT('',(-13.49999999999,21.,2.5));
#1657 = DIRECTION('',(0.,0.,1.));
#1658 = DIRECTION('',(1.,0.,0.));
#1659 = ORIENTED_EDGE('',*,*,#1660,.T.);
#1660 = EDGE_CURVE('',#1652,#1661,#1663,.T.);
#1661 = VERTEX_POINT('',#1662);
#1662 = CARTESIAN_POINT('',(-15.49999999999,-21.,2.5));
#1663 = LINE('',#1664,#1665);
#1664 = CARTESIAN_POINT('',(-15.49999999999,21.,2.5));
#1665 = VECTOR('',#1666,1.);
#1666 = DIRECTION('',(0.,-1.,0.));
#1667 = ORIENTED_EDGE('',*,*,#1668,.T.);
#1668 = EDGE_CURVE('',#1661,#1669,#1671,.T.);
#1669 = VERTEX_POINT('',#1670);
#1670 = CARTESIAN_POINT('',(-13.49999999999,-23.,2.5));
#1671 = CIRCLE('',#1672,2.);
#1672 = AXIS2_PLACEMENT_3D('',#1673,#1674,#1675);
#1673 = CARTESIAN_POINT('',(-13.49999999999,-21.,2.5));
#1674 = DIRECTION('',(0.,0.,1.));
#1675 = DIRECTION('',(1.,0.,0.));
#1676 = ORIENTED_EDGE('',*,*,#1677,.T.);
#1677 = EDGE_CURVE('',#1669,#1678,#1680,.T.);
#1678 = VERTEX_POINT('',#1679);
#1679 = CARTESIAN_POINT('',(13.499999999999,-23.,2.5));
#1680 = LINE('',#1681,#1682);
#1681 = CARTESIAN_POINT('',(-13.49999999999,-23.,2.5));
#1682 = VECTOR('',#1683,1.);
#1683 = DIRECTION('',(1.,0.,0.));
#1684 = ORIENTED_EDGE('',*,*,#1685,.T.);
#1685 = EDGE_CURVE('',#1678,#1686,#1688,.T.);
#1686 = VERTEX_POINT('',#1687);
#1687 = CARTESIAN_POINT('',(15.499999999999,-21.,2.5));
#1688 = CIRCLE('',#1689,2.);
#1689 = AXIS2_PLACEMENT_3D('',#1690,#1691,#1692);
#1690 = CARTESIAN_POINT('',(13.499999999999,-21.,2.5));
#1691 = DIRECTION('',(0.,0.,1.));
#1692 = DIRECTION('',(1.,0.,0.));
#1693 = ORIENTED_EDGE('',*,*,#1694,.T.);
#1694 = EDGE_CURVE('',#1686,#711,#1695,.T.);
#1695 = LINE('',#1696,#1697);
#1696 = CARTESIAN_POINT('',(15.499999999999,-21.,2.5));
#1697 = VECTOR('',#1698,1.);
#1698 = DIRECTION('',(0.,1.,0.));
#1699 = ORIENTED_EDGE('',*,*,#718,.T.);
#1700 = ORIENTED_EDGE('',*,*,#1701,.F.);
#1701 = EDGE_CURVE('',#1702,#719,#1704,.T.);
#1702 = VERTEX_POINT('',#1703);
#1703 = CARTESIAN_POINT('',(13.999999999999,-21.,2.5));
#1704 = LINE('',#1705,#1706);
#1705 = CARTESIAN_POINT('',(13.999999999999,-21.,2.5));
#1706 = VECTOR('',#1707,1.);
#1707 = DIRECTION('',(0.,1.,0.));
#1708 = ORIENTED_EDGE('',*,*,#1709,.F.);
#1709 = EDGE_CURVE('',#1710,#1702,#1712,.T.);
#1710 = VERTEX_POINT('',#1711);
#1711 = CARTESIAN_POINT('',(13.499999999999,-21.5,2.5));
#1712 = CIRCLE('',#1713,0.5);
#1713 = AXIS2_PLACEMENT_3D('',#1714,#1715,#1716);
#1714 = CARTESIAN_POINT('',(13.499999999999,-21.,2.5));
#1715 = DIRECTION('',(0.,0.,1.));
#1716 = DIRECTION('',(1.,0.,0.));
#1717 = ORIENTED_EDGE('',*,*,#1718,.F.);
#1718 = EDGE_CURVE('',#1719,#1710,#1721,.T.);
#1719 = VERTEX_POINT('',#1720);
#1720 = CARTESIAN_POINT('',(-13.49999999999,-21.5,2.5));
#1721 = LINE('',#1722,#1723);
#1722 = CARTESIAN_POINT('',(-13.49999999999,-21.5,2.5));
#1723 = VECTOR('',#1724,1.);
#1724 = DIRECTION('',(1.,0.,0.));
#1725 = ORIENTED_EDGE('',*,*,#1726,.F.);
#1726 = EDGE_CURVE('',#1727,#1719,#1729,.T.);
#1727 = VERTEX_POINT('',#1728);
#1728 = CARTESIAN_POINT('',(-13.99999999999,-21.,2.5));
#1729 = CIRCLE('',#1730,0.5);
#1730 = AXIS2_PLACEMENT_3D('',#1731,#1732,#1733);
#1731 = CARTESIAN_POINT('',(-13.49999999999,-21.,2.5));
#1732 = DIRECTION('',(0.,0.,1.));
#1733 = DIRECTION('',(1.,0.,0.));
#1734 = ORIENTED_EDGE('',*,*,#1735,.F.);
#1735 = EDGE_CURVE('',#1736,#1727,#1738,.T.);
#1736 = VERTEX_POINT('',#1737);
#1737 = CARTESIAN_POINT('',(-13.99999999999,21.,2.5));
#1738 = LINE('',#1739,#1740);
#1739 = CARTESIAN_POINT('',(-13.99999999999,21.,2.5));
#1740 = VECTOR('',#1741,1.);
#1741 = DIRECTION('',(0.,-1.,0.));
#1742 = ORIENTED_EDGE('',*,*,#1743,.F.);
#1743 = EDGE_CURVE('',#1744,#1736,#1746,.T.);
#1744 = VERTEX_POINT('',#1745);
#1745 = CARTESIAN_POINT('',(-13.49999999999,21.5,2.5));
#1746 = CIRCLE('',#1747,0.5);
#1747 = AXIS2_PLACEMENT_3D('',#1748,#1749,#1750);
#1748 = CARTESIAN_POINT('',(-13.49999999999,21.,2.5));
#1749 = DIRECTION('',(0.,0.,1.));
#1750 = DIRECTION('',(1.,0.,0.));
#1751 = ORIENTED_EDGE('',*,*,#1752,.F.);
#1752 = EDGE_CURVE('',#977,#1744,#1753,.T.);
#1753 = LINE('',#1754,#1755);
#1754 = CARTESIAN_POINT('',(13.499999999999,21.5,2.5));
#1755 = VECTOR('',#1756,1.);
#1756 = DIRECTION('',(-1.,0.,0.));
#1757 = ORIENTED_EDGE('',*,*,#974,.F.);
#1758 = ORIENTED_EDGE('',*,*,#1759,.F.);
#1759 = EDGE_CURVE('',#1760,#975,#1762,.T.);
#1760 = VERTEX_POINT('',#1761);
#1761 = CARTESIAN_POINT('',(-2.5,18.99999999976,2.5));
#1762 = LINE('',#1763,#1764);
#1763 = CARTESIAN_POINT('',(-2.5,18.5,2.5));
#1764 = VECTOR('',#1765,1.);
#1765 = DIRECTION('',(0.,1.,0.));
#1766 = ORIENTED_EDGE('',*,*,#1767,.F.);
#1767 = EDGE_CURVE('',#1768,#1760,#1770,.T.);
#1768 = VERTEX_POINT('',#1769);
#1769 = CARTESIAN_POINT('',(2.5,18.99999999976,2.5));
#1770 = LINE('',#1771,#1772);
#1771 = CARTESIAN_POINT('',(2.5,18.99999999976,2.5));
#1772 = VECTOR('',#1773,1.);
#1773 = DIRECTION('',(-1.,-0.,-0.));
#1774 = ORIENTED_EDGE('',*,*,#1775,.T.);
#1775 = EDGE_CURVE('',#1768,#1031,#1776,.T.);
#1776 = LINE('',#1777,#1778);
#1777 = CARTESIAN_POINT('',(2.5,18.5,2.5));
#1778 = VECTOR('',#1779,1.);
#1779 = DIRECTION('',(0.,1.,0.));
#1780 = ORIENTED_EDGE('',*,*,#1230,.T.);
#1781 = ORIENTED_EDGE('',*,*,#1782,.F.);
#1782 = EDGE_CURVE('',#1783,#1231,#1785,.T.);
#1783 = VERTEX_POINT('',#1784);
#1784 = CARTESIAN_POINT('',(13.499999999999,21.5,2.5));
#1785 = LINE('',#1786,#1787);
#1786 = CARTESIAN_POINT('',(13.499999999999,21.5,2.5));
#1787 = VECTOR('',#1788,1.);
#1788 = DIRECTION('',(-1.,0.,0.));
#1789 = ORIENTED_EDGE('',*,*,#1790,.F.);
#1790 = EDGE_CURVE('',#1493,#1783,#1791,.T.);
#1791 = CIRCLE('',#1792,0.5);
#1792 = AXIS2_PLACEMENT_3D('',#1793,#1794,#1795);
#1793 = CARTESIAN_POINT('',(13.499999999999,21.,2.5));
#1794 = DIRECTION('',(0.,0.,1.));
#1795 = DIRECTION('',(1.,0.,0.));
#1796 = ORIENTED_EDGE('',*,*,#1492,.F.);
#1797 = ORIENTED_EDGE('',*,*,#635,.F.);
#1798 = ORIENTED_EDGE('',*,*,#1627,.T.);
#1799 = ORIENTED_EDGE('',*,*,#1800,.T.);
#1800 = EDGE_CURVE('',#1628,#1801,#1803,.T.);
#1801 = VERTEX_POINT('',#1802);
#1802 = CARTESIAN_POINT('',(13.499999999999,23.,2.5));
#1803 = CIRCLE('',#1804,2.);
#1804 = AXIS2_PLACEMENT_3D('',#1805,#1806,#1807);
#1805 = CARTESIAN_POINT('',(13.499999999999,21.,2.5));
#1806 = DIRECTION('',(0.,0.,1.));
#1807 = DIRECTION('',(1.,0.,0.));
#1808 = ORIENTED_EDGE('',*,*,#1809,.T.);
#1809 = EDGE_CURVE('',#1801,#1650,#1810,.T.);
#1810 = LINE('',#1811,#1812);
#1811 = CARTESIAN_POINT('',(13.499999999999,23.,2.5));
#1812 = VECTOR('',#1813,1.);
#1813 = DIRECTION('',(-1.,0.,0.));
#1814 = PLANE('',#1815);
#1815 = AXIS2_PLACEMENT_3D('',#1816,#1817,#1818);
#1816 = CARTESIAN_POINT('',(-0.897044213609,-0.260259088865,2.5));
#1817 = DIRECTION('',(0.,0.,1.));
#1818 = DIRECTION('',(1.,0.,0.));
#1819 = ADVANCED_FACE('',(#1820),#1831,.F.);
#1820 = FACE_BOUND('',#1821,.F.);
#1821 = EDGE_LOOP('',(#1822,#1823,#1829,#1830));
#1822 = ORIENTED_EDGE('',*,*,#1514,.F.);
#1823 = ORIENTED_EDGE('',*,*,#1824,.T.);
#1824 = EDGE_CURVE('',#1515,#658,#1825,.T.);
#1825 = LINE('',#1826,#1827);
#1826 = CARTESIAN_POINT('',(15.073091986265,5.,0.7));
#1827 = VECTOR('',#1828,1.);
#1828 = DIRECTION('',(-1.,-0.,-0.));
#1829 = ORIENTED_EDGE('',*,*,#657,.T.);
#1830 = ORIENTED_EDGE('',*,*,#1611,.F.);
#1831 = PLANE('',#1832);
#1832 = AXIS2_PLACEMENT_3D('',#1833,#1834,#1835);
#1833 = CARTESIAN_POINT('',(15.499999999999,4.5,0.7));
#1834 = DIRECTION('',(0.,0.,-1.));
#1835 = DIRECTION('',(0.,1.,0.));
#1836 = ADVANCED_FACE('',(#1837),#1843,.F.);
#1837 = FACE_BOUND('',#1838,.T.);
#1838 = EDGE_LOOP('',(#1839,#1840,#1841,#1842));
#1839 = ORIENTED_EDGE('',*,*,#1524,.T.);
#1840 = ORIENTED_EDGE('',*,*,#1824,.T.);
#1841 = ORIENTED_EDGE('',*,*,#684,.F.);
#1842 = ORIENTED_EDGE('',*,*,#743,.F.);
#1843 = CYLINDRICAL_SURFACE('',#1844,0.5);
#1844 = AXIS2_PLACEMENT_3D('',#1845,#1846,#1847);
#1845 = CARTESIAN_POINT('',(15.073091986265,5.,1.2));
#1846 = DIRECTION('',(-1.,-0.,-0.));
#1847 = DIRECTION('',(0.,-1.,0.));
#1848 = ADVANCED_FACE('',(#1849),#1860,.F.);
#1849 = FACE_BOUND('',#1850,.F.);
#1850 = EDGE_LOOP('',(#1851,#1852,#1858,#1859));
#1851 = ORIENTED_EDGE('',*,*,#1542,.F.);
#1852 = ORIENTED_EDGE('',*,*,#1853,.T.);
#1853 = EDGE_CURVE('',#1543,#1686,#1854,.T.);
#1854 = LINE('',#1855,#1856);
#1855 = CARTESIAN_POINT('',(15.499999999999,-21.,0.));
#1856 = VECTOR('',#1857,1.);
#1857 = DIRECTION('',(0.,0.,1.));
#1858 = ORIENTED_EDGE('',*,*,#1694,.T.);
#1859 = ORIENTED_EDGE('',*,*,#710,.T.);
#1860 = PLANE('',#1861);
#1861 = AXIS2_PLACEMENT_3D('',#1862,#1863,#1864);
#1862 = CARTESIAN_POINT('',(15.499999999999,-21.,0.));
#1863 = DIRECTION('',(-1.,0.,0.));
#1864 = DIRECTION('',(0.,1.,0.));
#1865 = ADVANCED_FACE('',(#1866),#1877,.T.);
#1866 = FACE_BOUND('',#1867,.T.);
#1867 = EDGE_LOOP('',(#1868,#1869,#1875,#1876));
#1868 = ORIENTED_EDGE('',*,*,#757,.F.);
#1869 = ORIENTED_EDGE('',*,*,#1870,.T.);
#1870 = EDGE_CURVE('',#758,#1702,#1871,.T.);
#1871 = LINE('',#1872,#1873);
#1872 = CARTESIAN_POINT('',(13.999999999999,-21.,0.));
#1873 = VECTOR('',#1874,1.);
#1874 = DIRECTION('',(0.,0.,1.));
#1875 = ORIENTED_EDGE('',*,*,#1701,.T.);
#1876 = ORIENTED_EDGE('',*,*,#726,.F.);
#1877 = PLANE('',#1878);
#1878 = AXIS2_PLACEMENT_3D('',#1879,#1880,#1881);
#1879 = CARTESIAN_POINT('',(13.999999999999,-21.,0.));
#1880 = DIRECTION('',(-1.,0.,0.));
#1881 = DIRECTION('',(0.,1.,0.));
#1882 = ADVANCED_FACE('',(#1883),#1894,.F.);
#1883 = FACE_BOUND('',#1884,.T.);
#1884 = EDGE_LOOP('',(#1885,#1886,#1892,#1893));
#1885 = ORIENTED_EDGE('',*,*,#791,.F.);
#1886 = ORIENTED_EDGE('',*,*,#1887,.T.);
#1887 = EDGE_CURVE('',#783,#1710,#1888,.T.);
#1888 = LINE('',#1889,#1890);
#1889 = CARTESIAN_POINT('',(13.499999999999,-21.5,0.));
#1890 = VECTOR('',#1891,1.);
#1891 = DIRECTION('',(0.,0.,1.));
#1892 = ORIENTED_EDGE('',*,*,#1709,.T.);
#1893 = ORIENTED_EDGE('',*,*,#1870,.F.);
#1894 = CYLINDRICAL_SURFACE('',#1895,0.5);
#1895 = AXIS2_PLACEMENT_3D('',#1896,#1897,#1898);
#1896 = CARTESIAN_POINT('',(13.499999999999,-21.,0.));
#1897 = DIRECTION('',(-0.,-0.,-1.));
#1898 = DIRECTION('',(1.,0.,0.));
#1899 = ADVANCED_FACE('',(#1900),#1911,.T.);
#1900 = FACE_BOUND('',#1901,.T.);
#1901 = EDGE_LOOP('',(#1902,#1903,#1909,#1910));
#1902 = ORIENTED_EDGE('',*,*,#832,.F.);
#1903 = ORIENTED_EDGE('',*,*,#1904,.T.);
#1904 = EDGE_CURVE('',#822,#1719,#1905,.T.);
#1905 = LINE('',#1906,#1907);
#1906 = CARTESIAN_POINT('',(-13.49999999999,-21.5,0.));
#1907 = VECTOR('',#1908,1.);
#1908 = DIRECTION('',(0.,0.,1.));
#1909 = ORIENTED_EDGE('',*,*,#1718,.T.);
#1910 = ORIENTED_EDGE('',*,*,#1887,.F.);
#1911 = PLANE('',#1912);
#1912 = AXIS2_PLACEMENT_3D('',#1913,#1914,#1915);
#1913 = CARTESIAN_POINT('',(-13.49999999999,-21.5,0.));
#1914 = DIRECTION('',(0.,1.,0.));
#1915 = DIRECTION('',(1.,0.,0.));
#1916 = ADVANCED_FACE('',(#1917),#1928,.F.);
#1917 = FACE_BOUND('',#1918,.T.);
#1918 = EDGE_LOOP('',(#1919,#1920,#1926,#1927));
#1919 = ORIENTED_EDGE('',*,*,#855,.F.);
#1920 = ORIENTED_EDGE('',*,*,#1921,.T.);
#1921 = EDGE_CURVE('',#847,#1727,#1922,.T.);
#1922 = LINE('',#1923,#1924);
#1923 = CARTESIAN_POINT('',(-13.99999999999,-21.,0.));
#1924 = VECTOR('',#1925,1.);
#1925 = DIRECTION('',(0.,0.,1.));
#1926 = ORIENTED_EDGE('',*,*,#1726,.T.);
#1927 = ORIENTED_EDGE('',*,*,#1904,.F.);
#1928 = CYLINDRICAL_SURFACE('',#1929,0.5);
#1929 = AXIS2_PLACEMENT_3D('',#1930,#1931,#1932);
#1930 = CARTESIAN_POINT('',(-13.49999999999,-21.,0.));
#1931 = DIRECTION('',(-0.,-0.,-1.));
#1932 = DIRECTION('',(1.,0.,0.));
#1933 = ADVANCED_FACE('',(#1934),#1945,.T.);
#1934 = FACE_BOUND('',#1935,.T.);
#1935 = EDGE_LOOP('',(#1936,#1942,#1943,#1944));
#1936 = ORIENTED_EDGE('',*,*,#1937,.T.);
#1937 = EDGE_CURVE('',#886,#1736,#1938,.T.);
#1938 = LINE('',#1939,#1940);
#1939 = CARTESIAN_POINT('',(-13.99999999999,21.,0.));
#1940 = VECTOR('',#1941,1.);
#1941 = DIRECTION('',(0.,0.,1.));
#1942 = ORIENTED_EDGE('',*,*,#1735,.T.);
#1943 = ORIENTED_EDGE('',*,*,#1921,.F.);
#1944 = ORIENTED_EDGE('',*,*,#896,.F.);
#1945 = PLANE('',#1946);
#1946 = AXIS2_PLACEMENT_3D('',#1947,#1948,#1949);
#1947 = CARTESIAN_POINT('',(-13.99999999999,21.,0.));
#1948 = DIRECTION('',(1.,0.,0.));
#1949 = DIRECTION('',(0.,-1.,0.));
#1950 = ADVANCED_FACE('',(#1951),#1962,.F.);
#1951 = FACE_BOUND('',#1952,.T.);
#1952 = EDGE_LOOP('',(#1953,#1954,#1960,#1961));
#1953 = ORIENTED_EDGE('',*,*,#919,.F.);
#1954 = ORIENTED_EDGE('',*,*,#1955,.T.);
#1955 = EDGE_CURVE('',#911,#1744,#1956,.T.);
#1956 = LINE('',#1957,#1958);
#1957 = CARTESIAN_POINT('',(-13.49999999999,21.5,0.));
#1958 = VECTOR('',#1959,1.);
#1959 = DIRECTION('',(0.,0.,1.));
#1960 = ORIENTED_EDGE('',*,*,#1743,.T.);
#1961 = ORIENTED_EDGE('',*,*,#1937,.F.);
#1962 = CYLINDRICAL_SURFACE('',#1963,0.5);
#1963 = AXIS2_PLACEMENT_3D('',#1964,#1965,#1966);
#1964 = CARTESIAN_POINT('',(-13.49999999999,21.,0.));
#1965 = DIRECTION('',(-0.,-0.,-1.));
#1966 = DIRECTION('',(1.,0.,0.));
#1967 = ADVANCED_FACE('',(#1968),#1974,.T.);
#1968 = FACE_BOUND('',#1969,.T.);
#1969 = EDGE_LOOP('',(#1970,#1971,#1972,#1973));
#1970 = ORIENTED_EDGE('',*,*,#949,.F.);
#1971 = ORIENTED_EDGE('',*,*,#984,.F.);
#1972 = ORIENTED_EDGE('',*,*,#1752,.T.);
#1973 = ORIENTED_EDGE('',*,*,#1955,.F.);
#1974 = PLANE('',#1975);
#1975 = AXIS2_PLACEMENT_3D('',#1976,#1977,#1978);
#1976 = CARTESIAN_POINT('',(13.499999999999,21.5,0.));
#1977 = DIRECTION('',(0.,-1.,0.));
#1978 = DIRECTION('',(-1.,0.,0.));
#1979 = ADVANCED_FACE('',(#1980),#1990,.T.);
#1980 = FACE_BOUND('',#1981,.T.);
#1981 = EDGE_LOOP('',(#1982,#1983,#1989));
#1982 = ORIENTED_EDGE('',*,*,#1070,.T.);
#1983 = ORIENTED_EDGE('',*,*,#1984,.T.);
#1984 = EDGE_CURVE('',#1063,#1760,#1985,.T.);
#1985 = LINE('',#1986,#1987);
#1986 = CARTESIAN_POINT('',(-2.5,21.5,5.));
#1987 = VECTOR('',#1988,1.);
#1988 = DIRECTION('',(0.,-0.70710678122,-0.707106781153));
#1989 = ORIENTED_EDGE('',*,*,#1759,.T.);
#1990 = PLANE('',#1991);
#1991 = AXIS2_PLACEMENT_3D('',#1992,#1993,#1994);
#1992 = CARTESIAN_POINT('',(-2.5,20.29289321887,3.207106781274));
#1993 = DIRECTION('',(1.,0.,0.));
#1994 = DIRECTION('',(0.,0.,1.));
#1995 = ADVANCED_FACE('',(#1996),#2021,.T.);
#1996 = FACE_BOUND('',#1997,.T.);
#1997 = EDGE_LOOP('',(#1998,#2006,#2014,#2020));
#1998 = ORIENTED_EDGE('',*,*,#1999,.F.);
#1999 = EDGE_CURVE('',#2000,#1055,#2002,.T.);
#2000 = VERTEX_POINT('',#2001);
#2001 = CARTESIAN_POINT('',(-2.5,21.5,6.5));
#2002 = LINE('',#2003,#2004);
#2003 = CARTESIAN_POINT('',(-2.5,21.5,6.5));
#2004 = VECTOR('',#2005,1.);
#2005 = DIRECTION('',(0.,-1.,0.));
#2006 = ORIENTED_EDGE('',*,*,#2007,.T.);
#2007 = EDGE_CURVE('',#2000,#2008,#2010,.T.);
#2008 = VERTEX_POINT('',#2009);
#2009 = CARTESIAN_POINT('',(-2.5,21.5,5.));
#2010 = LINE('',#2011,#2012);
#2011 = CARTESIAN_POINT('',(-2.5,21.5,6.5));
#2012 = VECTOR('',#2013,1.);
#2013 = DIRECTION('',(-0.,-0.,-1.));
#2014 = ORIENTED_EDGE('',*,*,#2015,.T.);
#2015 = EDGE_CURVE('',#2008,#1063,#2016,.T.);
#2016 = LINE('',#2017,#2018);
#2017 = CARTESIAN_POINT('',(-2.5,21.5,5.));
#2018 = VECTOR('',#2019,1.);
#2019 = DIRECTION('',(0.,-0.70710678122,-0.707106781153));
#2020 = ORIENTED_EDGE('',*,*,#1062,.T.);
#2021 = PLANE('',#2022);
#2022 = AXIS2_PLACEMENT_3D('',#2023,#2024,#2025);
#2023 = CARTESIAN_POINT('',(-2.5,21.5,6.5));
#2024 = DIRECTION('',(-1.,0.,0.));
#2025 = DIRECTION('',(0.,-1.,0.));
#2026 = ADVANCED_FACE('',(#2027),#2045,.T.);
#2027 = FACE_BOUND('',#2028,.T.);
#2028 = EDGE_LOOP('',(#2029,#2037,#2038,#2039));
#2029 = ORIENTED_EDGE('',*,*,#2030,.T.);
#2030 = EDGE_CURVE('',#2031,#2000,#2033,.T.);
#2031 = VERTEX_POINT('',#2032);
#2032 = CARTESIAN_POINT('',(2.5,21.5,6.5));
#2033 = LINE('',#2034,#2035);
#2034 = CARTESIAN_POINT('',(2.5,21.5,6.5));
#2035 = VECTOR('',#2036,1.);
#2036 = DIRECTION('',(-1.,0.,0.));
#2037 = ORIENTED_EDGE('',*,*,#1999,.T.);
#2038 = ORIENTED_EDGE('',*,*,#1054,.T.);
#2039 = ORIENTED_EDGE('',*,*,#2040,.T.);
#2040 = EDGE_CURVE('',#1047,#2031,#2041,.T.);
#2041 = LINE('',#2042,#2043);
#2042 = CARTESIAN_POINT('',(2.5,19.,6.5));
#2043 = VECTOR('',#2044,1.);
#2044 = DIRECTION('',(0.,1.,0.));
#2045 = PLANE('',#2046);
#2046 = AXIS2_PLACEMENT_3D('',#2047,#2048,#2049);
#2047 = CARTESIAN_POINT('',(0.,20.25,6.5));
#2048 = DIRECTION('',(0.,0.,1.));
#2049 = DIRECTION('',(1.,0.,0.));
#2050 = ADVANCED_FACE('',(#2051),#2069,.T.);
#2051 = FACE_BOUND('',#2052,.T.);
#2052 = EDGE_LOOP('',(#2053,#2054,#2055,#2063));
#2053 = ORIENTED_EDGE('',*,*,#2040,.F.);
#2054 = ORIENTED_EDGE('',*,*,#1046,.T.);
#2055 = ORIENTED_EDGE('',*,*,#2056,.F.);
#2056 = EDGE_CURVE('',#2057,#1039,#2059,.T.);
#2057 = VERTEX_POINT('',#2058);
#2058 = CARTESIAN_POINT('',(2.5,21.5,5.));
#2059 = LINE('',#2060,#2061);
#2060 = CARTESIAN_POINT('',(2.5,21.5,5.));
#2061 = VECTOR('',#2062,1.);
#2062 = DIRECTION('',(0.,-0.70710678122,-0.707106781153));
#2063 = ORIENTED_EDGE('',*,*,#2064,.F.);
#2064 = EDGE_CURVE('',#2031,#2057,#2065,.T.);
#2065 = LINE('',#2066,#2067);
#2066 = CARTESIAN_POINT('',(2.5,21.5,6.5));
#2067 = VECTOR('',#2068,1.);
#2068 = DIRECTION('',(-0.,-0.,-1.));
#2069 = PLANE('',#2070);
#2070 = AXIS2_PLACEMENT_3D('',#2071,#2072,#2073);
#2071 = CARTESIAN_POINT('',(2.5,19.,6.5));
#2072 = DIRECTION('',(1.,0.,0.));
#2073 = DIRECTION('',(0.,1.,0.));
#2074 = ADVANCED_FACE('',(#2075),#2085,.F.);
#2075 = FACE_BOUND('',#2076,.F.);
#2076 = EDGE_LOOP('',(#2077,#2078,#2084));
#2077 = ORIENTED_EDGE('',*,*,#1038,.F.);
#2078 = ORIENTED_EDGE('',*,*,#2079,.T.);
#2079 = EDGE_CURVE('',#1039,#1768,#2080,.T.);
#2080 = LINE('',#2081,#2082);
#2081 = CARTESIAN_POINT('',(2.5,21.5,5.));
#2082 = VECTOR('',#2083,1.);
#2083 = DIRECTION('',(0.,-0.70710678122,-0.707106781153));
#2084 = ORIENTED_EDGE('',*,*,#1775,.T.);
#2085 = PLANE('',#2086);
#2086 = AXIS2_PLACEMENT_3D('',#2087,#2088,#2089);
#2087 = CARTESIAN_POINT('',(2.5,20.29289321887,3.207106781274));
#2088 = DIRECTION('',(1.,0.,0.));
#2089 = DIRECTION('',(0.,0.,1.));
#2090 = ADVANCED_FACE('',(#2091),#2102,.T.);
#2091 = FACE_BOUND('',#2092,.F.);
#2092 = EDGE_LOOP('',(#2093,#2094,#2095,#2096));
#2093 = ORIENTED_EDGE('',*,*,#1095,.T.);
#2094 = ORIENTED_EDGE('',*,*,#1015,.T.);
#2095 = ORIENTED_EDGE('',*,*,#1200,.T.);
#2096 = ORIENTED_EDGE('',*,*,#2097,.F.);
#2097 = EDGE_CURVE('',#1088,#1201,#2098,.T.);
#2098 = LINE('',#2099,#2100);
#2099 = CARTESIAN_POINT('',(-3.749999999993,17.75,7.));
#2100 = VECTOR('',#2101,1.);
#2101 = DIRECTION('',(1.,0.,0.));
#2102 = PLANE('',#2103);
#2103 = AXIS2_PLACEMENT_3D('',#2104,#2105,#2106);
#2104 = CARTESIAN_POINT('',(-0.316258398779,9.5,7.));
#2105 = DIRECTION('',(0.,0.,1.));
#2106 = DIRECTION('',(1.,0.,0.));
#2107 = ADVANCED_FACE('',(#2108),#2119,.F.);
#2108 = FACE_BOUND('',#2109,.F.);
#2109 = EDGE_LOOP('',(#2110,#2111,#2117,#2118));
#2110 = ORIENTED_EDGE('',*,*,#1208,.F.);
#2111 = ORIENTED_EDGE('',*,*,#2112,.F.);
#2112 = EDGE_CURVE('',#1086,#1209,#2113,.T.);
#2113 = LINE('',#2114,#2115);
#2114 = CARTESIAN_POINT('',(-3.749999999993,17.75,6.6));
#2115 = VECTOR('',#2116,1.);
#2116 = DIRECTION('',(1.,0.,0.));
#2117 = ORIENTED_EDGE('',*,*,#1085,.T.);
#2118 = ORIENTED_EDGE('',*,*,#2097,.T.);
#2119 = PLANE('',#2120);
#2120 = AXIS2_PLACEMENT_3D('',#2121,#2122,#2123);
#2121 = CARTESIAN_POINT('',(-3.749999999993,17.75,1.5));
#2122 = DIRECTION('',(0.,1.,0.));
#2123 = DIRECTION('',(1.,0.,0.));
#2124 = ADVANCED_FACE('',(#2125),#2136,.T.);
#2125 = FACE_BOUND('',#2126,.F.);
#2126 = EDGE_LOOP('',(#2127,#2128,#2129,#2130));
#2127 = ORIENTED_EDGE('',*,*,#1135,.F.);
#2128 = ORIENTED_EDGE('',*,*,#2112,.T.);
#2129 = ORIENTED_EDGE('',*,*,#1216,.T.);
#2130 = ORIENTED_EDGE('',*,*,#2131,.F.);
#2131 = EDGE_CURVE('',#1128,#1176,#2132,.T.);
#2132 = LINE('',#2133,#2134);
#2133 = CARTESIAN_POINT('',(-3.749999999993,18.55,5.8));
#2134 = VECTOR('',#2135,1.);
#2135 = DIRECTION('',(1.,0.,0.));
#2136 = PLANE('',#2137);
#2137 = AXIS2_PLACEMENT_3D('',#2138,#2139,#2140);
#2138 = CARTESIAN_POINT('',(-3.749999999993,18.15,6.2));
#2139 = DIRECTION('',(6.983161618628E-18,-0.707106781187,-0.707106781187
    ));
#2140 = DIRECTION('',(-1.,-4.937840934654E-18,-4.937840934654E-18));
#2141 = ADVANCED_FACE('',(#2142),#2153,.F.);
#2142 = FACE_BOUND('',#2143,.F.);
#2143 = EDGE_LOOP('',(#2144,#2145,#2151,#2152));
#2144 = ORIENTED_EDGE('',*,*,#1173,.F.);
#2145 = ORIENTED_EDGE('',*,*,#2146,.T.);
#2146 = EDGE_CURVE('',#1174,#1120,#2147,.T.);
#2147 = LINE('',#2148,#2149);
#2148 = CARTESIAN_POINT('',(10.5,18.6,5.8));
#2149 = VECTOR('',#2150,1.);
#2150 = DIRECTION('',(-1.,0.,0.));
#2151 = ORIENTED_EDGE('',*,*,#1127,.F.);
#2152 = ORIENTED_EDGE('',*,*,#2131,.T.);
#2153 = PLANE('',#2154);
#2154 = AXIS2_PLACEMENT_3D('',#2155,#2156,#2157);
#2155 = CARTESIAN_POINT('',(1.5,9.5,5.8));
#2156 = DIRECTION('',(0.,0.,1.));
#2157 = DIRECTION('',(1.,0.,0.));
#2158 = ADVANCED_FACE('',(#2159),#2170,.T.);
#2159 = FACE_BOUND('',#2160,.T.);
#2160 = EDGE_LOOP('',(#2161,#2167,#2168,#2169));
#2161 = ORIENTED_EDGE('',*,*,#2162,.F.);
#2162 = EDGE_CURVE('',#1184,#1112,#2163,.T.);
#2163 = LINE('',#2164,#2165);
#2164 = CARTESIAN_POINT('',(10.5,18.6,4.1));
#2165 = VECTOR('',#2166,1.);
#2166 = DIRECTION('',(-1.,0.,0.));
#2167 = ORIENTED_EDGE('',*,*,#1183,.F.);
#2168 = ORIENTED_EDGE('',*,*,#2146,.T.);
#2169 = ORIENTED_EDGE('',*,*,#1119,.F.);
#2170 = PLANE('',#2171);
#2171 = AXIS2_PLACEMENT_3D('',#2172,#2173,#2174);
#2172 = CARTESIAN_POINT('',(10.5,18.6,4.1));
#2173 = DIRECTION('',(0.,-1.,0.));
#2174 = DIRECTION('',(-1.,0.,0.));
#2175 = ADVANCED_FACE('',(#2176),#2182,.T.);
#2176 = FACE_BOUND('',#2177,.T.);
#2177 = EDGE_LOOP('',(#2178,#2179,#2180,#2181));
#2178 = ORIENTED_EDGE('',*,*,#2162,.T.);
#2179 = ORIENTED_EDGE('',*,*,#1111,.F.);
#2180 = ORIENTED_EDGE('',*,*,#1151,.T.);
#2181 = ORIENTED_EDGE('',*,*,#1191,.F.);
#2182 = PLANE('',#2183);
#2183 = AXIS2_PLACEMENT_3D('',#2184,#2185,#2186);
#2184 = CARTESIAN_POINT('',(1.5,9.5,4.1));
#2185 = DIRECTION('',(0.,0.,1.));
#2186 = DIRECTION('',(1.,0.,0.));
#2187 = ADVANCED_FACE('',(#2188),#2199,.T.);
#2188 = FACE_BOUND('',#2189,.T.);
#2189 = EDGE_LOOP('',(#2190,#2191,#2197,#2198));
#2190 = ORIENTED_EDGE('',*,*,#1263,.F.);
#2191 = ORIENTED_EDGE('',*,*,#2192,.T.);
#2192 = EDGE_CURVE('',#1264,#1783,#2193,.T.);
#2193 = LINE('',#2194,#2195);
#2194 = CARTESIAN_POINT('',(13.499999999999,21.5,0.));
#2195 = VECTOR('',#2196,1.);
#2196 = DIRECTION('',(0.,0.,1.));
#2197 = ORIENTED_EDGE('',*,*,#1782,.T.);
#2198 = ORIENTED_EDGE('',*,*,#1249,.T.);
#2199 = PLANE('',#2200);
#2200 = AXIS2_PLACEMENT_3D('',#2201,#2202,#2203);
#2201 = CARTESIAN_POINT('',(13.499999999999,21.5,0.));
#2202 = DIRECTION('',(0.,-1.,0.));
#2203 = DIRECTION('',(-1.,0.,0.));
#2204 = ADVANCED_FACE('',(#2205),#2211,.F.);
#2205 = FACE_BOUND('',#2206,.T.);
#2206 = EDGE_LOOP('',(#2207,#2208,#2209,#2210));
#2207 = ORIENTED_EDGE('',*,*,#1289,.F.);
#2208 = ORIENTED_EDGE('',*,*,#1500,.T.);
#2209 = ORIENTED_EDGE('',*,*,#1790,.T.);
#2210 = ORIENTED_EDGE('',*,*,#2192,.F.);
#2211 = CYLINDRICAL_SURFACE('',#2212,0.5);
#2212 = AXIS2_PLACEMENT_3D('',#2213,#2214,#2215);
#2213 = CARTESIAN_POINT('',(13.499999999999,21.,0.));
#2214 = DIRECTION('',(-0.,-0.,-1.));
#2215 = DIRECTION('',(1.,0.,0.));
#2216 = ADVANCED_FACE('',(#2217,#2220),#2231,.T.);
#2217 = FACE_BOUND('',#2218,.T.);
#2218 = EDGE_LOOP('',(#2219));
#2219 = ORIENTED_EDGE('',*,*,#1328,.T.);
#2220 = FACE_BOUND('',#2221,.F.);
#2221 = EDGE_LOOP('',(#2222));
#2222 = ORIENTED_EDGE('',*,*,#2223,.T.);
#2223 = EDGE_CURVE('',#2224,#2224,#2226,.T.);
#2224 = VERTEX_POINT('',#2225);
#2225 = CARTESIAN_POINT('',(1.75,-16.5,3.));
#2226 = CIRCLE('',#2227,1.75);
#2227 = AXIS2_PLACEMENT_3D('',#2228,#2229,#2230);
#2228 = CARTESIAN_POINT('',(0.,-16.5,3.));
#2229 = DIRECTION('',(0.,0.,1.));
#2230 = DIRECTION('',(1.,0.,0.));
#2231 = PLANE('',#2232);
#2232 = AXIS2_PLACEMENT_3D('',#2233,#2234,#2235);
#2233 = CARTESIAN_POINT('',(-2.3E-16,-16.5,3.));
#2234 = DIRECTION('',(0.,0.,1.));
#2235 = DIRECTION('',(1.,0.,0.));
#2236 = ADVANCED_FACE('',(#2237),#2243,.T.);
#2237 = FACE_BOUND('',#2238,.T.);
#2238 = EDGE_LOOP('',(#2239,#2240,#2241,#2242));
#2239 = ORIENTED_EDGE('',*,*,#1352,.T.);
#2240 = ORIENTED_EDGE('',*,*,#1400,.T.);
#2241 = ORIENTED_EDGE('',*,*,#1424,.T.);
#2242 = ORIENTED_EDGE('',*,*,#1383,.T.);
#2243 = PLANE('',#2244);
#2244 = AXIS2_PLACEMENT_3D('',#2245,#2246,#2247);
#2245 = CARTESIAN_POINT('',(-0.316258398779,9.5,7.));
#2246 = DIRECTION('',(0.,0.,1.));
#2247 = DIRECTION('',(1.,0.,0.));
#2248 = ADVANCED_FACE('',(#2249,#2310,#2321,#2324),#2327,.F.);
#2249 = FACE_BOUND('',#2250,.F.);
#2250 = EDGE_LOOP('',(#2251,#2261,#2270,#2278,#2287,#2295,#2302,#2303));
#2251 = ORIENTED_EDGE('',*,*,#2252,.T.);
#2252 = EDGE_CURVE('',#2253,#2255,#2257,.T.);
#2253 = VERTEX_POINT('',#2254);
#2254 = CARTESIAN_POINT('',(13.499999999999,21.1,0.));
#2255 = VERTEX_POINT('',#2256);
#2256 = CARTESIAN_POINT('',(-13.49999999999,21.1,0.));
#2257 = LINE('',#2258,#2259);
#2258 = CARTESIAN_POINT('',(13.499999999999,21.1,-4.4E-16));
#2259 = VECTOR('',#2260,1.);
#2260 = DIRECTION('',(-1.,0.,0.));
#2261 = ORIENTED_EDGE('',*,*,#2262,.T.);
#2262 = EDGE_CURVE('',#2255,#2263,#2265,.T.);
#2263 = VERTEX_POINT('',#2264);
#2264 = CARTESIAN_POINT('',(-13.59999999999,21.,0.));
#2265 = CIRCLE('',#2266,0.1);
#2266 = AXIS2_PLACEMENT_3D('',#2267,#2268,#2269);
#2267 = CARTESIAN_POINT('',(-13.49999999999,21.,0.));
#2268 = DIRECTION('',(0.,-0.,1.));
#2269 = DIRECTION('',(3.642E-14,1.,0.));
#2270 = ORIENTED_EDGE('',*,*,#2271,.T.);
#2271 = EDGE_CURVE('',#2263,#2272,#2274,.T.);
#2272 = VERTEX_POINT('',#2273);
#2273 = CARTESIAN_POINT('',(-13.59999999999,-21.,0.));
#2274 = LINE('',#2275,#2276);
#2275 = CARTESIAN_POINT('',(-13.59999999999,21.,-4.4E-16));
#2276 = VECTOR('',#2277,1.);
#2277 = DIRECTION('',(0.,-1.,0.));
#2278 = ORIENTED_EDGE('',*,*,#2279,.T.);
#2279 = EDGE_CURVE('',#2272,#2280,#2282,.T.);
#2280 = VERTEX_POINT('',#2281);
#2281 = CARTESIAN_POINT('',(-13.49999999999,-21.1,0.));
#2282 = CIRCLE('',#2283,0.1);
#2283 = AXIS2_PLACEMENT_3D('',#2284,#2285,#2286);
#2284 = CARTESIAN_POINT('',(-13.49999999999,-21.,0.));
#2285 = DIRECTION('',(0.,0.,1.));
#2286 = DIRECTION('',(-1.,-5.33E-15,0.));
#2287 = ORIENTED_EDGE('',*,*,#2288,.T.);
#2288 = EDGE_CURVE('',#2280,#2289,#2291,.T.);
#2289 = VERTEX_POINT('',#2290);
#2290 = CARTESIAN_POINT('',(13.499999999999,-21.1,0.));
#2291 = LINE('',#2292,#2293);
#2292 = CARTESIAN_POINT('',(-13.49999999999,-21.1,-4.4E-16));
#2293 = VECTOR('',#2294,1.);
#2294 = DIRECTION('',(1.,0.,0.));
#2295 = ORIENTED_EDGE('',*,*,#2296,.T.);
#2296 = EDGE_CURVE('',#2289,#1551,#2297,.T.);
#2297 = CIRCLE('',#2298,0.1);
#2298 = AXIS2_PLACEMENT_3D('',#2299,#2300,#2301);
#2299 = CARTESIAN_POINT('',(13.499999999999,-21.,0.));
#2300 = DIRECTION('',(0.,0.,1.));
#2301 = DIRECTION('',(-3.73E-14,-1.,0.));
#2302 = ORIENTED_EDGE('',*,*,#1559,.T.);
#2303 = ORIENTED_EDGE('',*,*,#2304,.T.);
#2304 = EDGE_CURVE('',#1560,#2253,#2305,.T.);
#2305 = CIRCLE('',#2306,0.1);
#2306 = AXIS2_PLACEMENT_3D('',#2307,#2308,#2309);
#2307 = CARTESIAN_POINT('',(13.499999999999,21.,0.));
#2308 = DIRECTION('',(0.,-0.,1.));
#2309 = DIRECTION('',(1.,7.11E-15,0.));
#2310 = FACE_BOUND('',#2311,.F.);
#2311 = EDGE_LOOP('',(#2312));
#2312 = ORIENTED_EDGE('',*,*,#2313,.T.);
#2313 = EDGE_CURVE('',#2314,#2314,#2316,.T.);
#2314 = VERTEX_POINT('',#2315);
#2315 = CARTESIAN_POINT('',(3.,-16.5,0.));
#2316 = CIRCLE('',#2317,3.);
#2317 = AXIS2_PLACEMENT_3D('',#2318,#2319,#2320);
#2318 = CARTESIAN_POINT('',(0.,-16.5,0.));
#2319 = DIRECTION('',(0.,0.,-1.));
#2320 = DIRECTION('',(1.,0.,0.));
#2321 = FACE_BOUND('',#2322,.F.);
#2322 = EDGE_LOOP('',(#2323));
#2323 = ORIENTED_EDGE('',*,*,#1440,.T.);
#2324 = FACE_BOUND('',#2325,.F.);
#2325 = EDGE_LOOP('',(#2326));
#2326 = ORIENTED_EDGE('',*,*,#1465,.T.);
#2327 = PLANE('',#2328);
#2328 = AXIS2_PLACEMENT_3D('',#2329,#2330,#2331);
#2329 = CARTESIAN_POINT('',(1.7E-16,1.52E-15,0.));
#2330 = DIRECTION('',(0.,0.,1.));
#2331 = DIRECTION('',(1.,0.,0.));
#2332 = ADVANCED_FACE('',(#2333),#2353,.T.);
#2333 = FACE_BOUND('',#2334,.F.);
#2334 = EDGE_LOOP('',(#2335,#2336,#2345,#2352));
#2335 = ORIENTED_EDGE('',*,*,#1567,.F.);
#2336 = ORIENTED_EDGE('',*,*,#2337,.T.);
#2337 = EDGE_CURVE('',#1568,#2338,#2340,.T.);
#2338 = VERTEX_POINT('',#2339);
#2339 = CARTESIAN_POINT('',(13.499999999999,23.,1.9));
#2340 = CIRCLE('',#2341,2.);
#2341 = AXIS2_PLACEMENT_3D('',#2342,#2343,#2344);
#2342 = CARTESIAN_POINT('',(13.499999999999,21.,1.9));
#2343 = DIRECTION('',(0.,-0.,1.));
#2344 = DIRECTION('',(1.,7.11E-15,0.));
#2345 = ORIENTED_EDGE('',*,*,#2346,.T.);
#2346 = EDGE_CURVE('',#2338,#2253,#2347,.T.);
#2347 = CIRCLE('',#2348,1.9);
#2348 = AXIS2_PLACEMENT_3D('',#2349,#2350,#2351);
#2349 = CARTESIAN_POINT('',(13.499999999999,21.1,1.9));
#2350 = DIRECTION('',(-1.,0.,0.));
#2351 = DIRECTION('',(0.,1.,0.));
#2352 = ORIENTED_EDGE('',*,*,#2304,.F.);
#2353 = SURFACE_OF_REVOLUTION('',#2354,#2367);
#2354 = B_SPLINE_CURVE_WITH_KNOTS('',6,(#2355,#2356,#2357,#2358,#2359,
    #2360,#2361,#2362,#2363,#2364,#2365,#2366),.UNSPECIFIED.,.F.,.F.,(7,
    5,7),(0.,0.785398163397,1.570796326795),.UNSPECIFIED.);
#2355 = CARTESIAN_POINT('',(15.499999999999,21.,1.9));
#2356 = CARTESIAN_POINT('',(15.499999999999,21.,1.651290581591));
#2357 = CARTESIAN_POINT('',(15.460932969154,21.,1.402581578595));
#2358 = CARTESIAN_POINT('',(15.3827978897,21.,1.161540935116));
#2359 = CARTESIAN_POINT('',(15.267606260685,21.,0.93584961704));
#2360 = CARTESIAN_POINT('',(15.119367000556,21.,0.732361232048));
#2361 = CARTESIAN_POINT('',(14.767638767952,21.,0.380632999443));
#2362 = CARTESIAN_POINT('',(14.56415038296,21.,0.232393739314));
#2363 = CARTESIAN_POINT('',(14.338459064883,21.,0.117202110299));
#2364 = CARTESIAN_POINT('',(14.097418421405,21.,3.906703084475E-02));
#2365 = CARTESIAN_POINT('',(13.848709418408,21.,3.101260744808E-17));
#2366 = CARTESIAN_POINT('',(13.599999999999,21.,-1.26983314481E-31));
#2367 = AXIS1_PLACEMENT('',#2368,#2369);
#2368 = CARTESIAN_POINT('',(13.499999999999,21.,1.9));
#2369 = DIRECTION('',(-0.,-0.,-1.));
#2370 = ADVANCED_FACE('',(#2371),#2391,.T.);
#2371 = FACE_BOUND('',#2372,.F.);
#2372 = EDGE_LOOP('',(#2373,#2382,#2389,#2390));
#2373 = ORIENTED_EDGE('',*,*,#2374,.F.);
#2374 = EDGE_CURVE('',#2375,#2289,#2377,.T.);
#2375 = VERTEX_POINT('',#2376);
#2376 = CARTESIAN_POINT('',(13.499999999999,-23.,1.9));
#2377 = CIRCLE('',#2378,1.9);
#2378 = AXIS2_PLACEMENT_3D('',#2379,#2380,#2381);
#2379 = CARTESIAN_POINT('',(13.499999999999,-21.1,1.9));
#2380 = DIRECTION('',(1.,0.,0.));
#2381 = DIRECTION('',(0.,-1.,0.));
#2382 = ORIENTED_EDGE('',*,*,#2383,.T.);
#2383 = EDGE_CURVE('',#2375,#1543,#2384,.T.);
#2384 = CIRCLE('',#2385,2.);
#2385 = AXIS2_PLACEMENT_3D('',#2386,#2387,#2388);
#2386 = CARTESIAN_POINT('',(13.499999999999,-21.,1.9));
#2387 = DIRECTION('',(0.,0.,1.));
#2388 = DIRECTION('',(-3.73E-14,-1.,0.));
#2389 = ORIENTED_EDGE('',*,*,#1550,.T.);
#2390 = ORIENTED_EDGE('',*,*,#2296,.F.);
#2391 = SURFACE_OF_REVOLUTION('',#2392,#2405);
#2392 = B_SPLINE_CURVE_WITH_KNOTS('',6,(#2393,#2394,#2395,#2396,#2397,
    #2398,#2399,#2400,#2401,#2402,#2403,#2404),.UNSPECIFIED.,.F.,.F.,(7,
    5,7),(0.,0.785398163397,1.570796326795),.UNSPECIFIED.);
#2393 = CARTESIAN_POINT('',(13.499999999999,-23.,1.9));
#2394 = CARTESIAN_POINT('',(13.499999999999,-23.,1.651290581591));
#2395 = CARTESIAN_POINT('',(13.499999999999,-22.96093296915,
    1.402581578595));
#2396 = CARTESIAN_POINT('',(13.499999999999,-22.8827978897,
    1.161540935116));
#2397 = CARTESIAN_POINT('',(13.499999999999,-22.76760626068,
    0.93584961704));
#2398 = CARTESIAN_POINT('',(13.499999999999,-22.61936700055,
    0.732361232048));
#2399 = CARTESIAN_POINT('',(13.499999999999,-22.26763876795,
    0.380632999443));
#2400 = CARTESIAN_POINT('',(13.499999999999,-22.06415038296,
    0.232393739314));
#2401 = CARTESIAN_POINT('',(13.499999999999,-21.83845906488,
    0.117202110299));
#2402 = CARTESIAN_POINT('',(13.499999999999,-21.5974184214,
    3.906703084475E-02));
#2403 = CARTESIAN_POINT('',(13.499999999999,-21.3487094184,
    3.101260744808E-17));
#2404 = CARTESIAN_POINT('',(13.499999999999,-21.1,-1.26983314481E-31));
#2405 = AXIS1_PLACEMENT('',#2406,#2407);
#2406 = CARTESIAN_POINT('',(13.499999999999,-21.,1.9));
#2407 = DIRECTION('',(-0.,-0.,-1.));
#2408 = ADVANCED_FACE('',(#2409),#2420,.T.);
#2409 = FACE_BOUND('',#2410,.F.);
#2410 = EDGE_LOOP('',(#2411,#2412,#2413,#2419));
#2411 = ORIENTED_EDGE('',*,*,#1635,.T.);
#2412 = ORIENTED_EDGE('',*,*,#1800,.T.);
#2413 = ORIENTED_EDGE('',*,*,#2414,.F.);
#2414 = EDGE_CURVE('',#2338,#1801,#2415,.T.);
#2415 = LINE('',#2416,#2417);
#2416 = CARTESIAN_POINT('',(13.499999999999,23.,0.));
#2417 = VECTOR('',#2418,1.);
#2418 = DIRECTION('',(0.,0.,1.));
#2419 = ORIENTED_EDGE('',*,*,#2337,.F.);
#2420 = CYLINDRICAL_SURFACE('',#2421,2.);
#2421 = AXIS2_PLACEMENT_3D('',#2422,#2423,#2424);
#2422 = CARTESIAN_POINT('',(13.499999999999,21.,0.));
#2423 = DIRECTION('',(-0.,-0.,-1.));
#2424 = DIRECTION('',(1.,0.,0.));
#2425 = ADVANCED_FACE('',(#2426),#2452,.T.);
#2426 = FACE_BOUND('',#2427,.F.);
#2427 = EDGE_LOOP('',(#2428,#2436,#2437,#2445));
#2428 = ORIENTED_EDGE('',*,*,#2429,.T.);
#2429 = EDGE_CURVE('',#2430,#1650,#2432,.T.);
#2430 = VERTEX_POINT('',#2431);
#2431 = CARTESIAN_POINT('',(-13.49999999999,23.,1.9));
#2432 = LINE('',#2433,#2434);
#2433 = CARTESIAN_POINT('',(-13.49999999999,23.,0.));
#2434 = VECTOR('',#2435,1.);
#2435 = DIRECTION('',(0.,0.,1.));
#2436 = ORIENTED_EDGE('',*,*,#1649,.T.);
#2437 = ORIENTED_EDGE('',*,*,#2438,.F.);
#2438 = EDGE_CURVE('',#2439,#1652,#2441,.T.);
#2439 = VERTEX_POINT('',#2440);
#2440 = CARTESIAN_POINT('',(-15.49999999999,21.,1.9));
#2441 = LINE('',#2442,#2443);
#2442 = CARTESIAN_POINT('',(-15.49999999999,21.,0.));
#2443 = VECTOR('',#2444,1.);
#2444 = DIRECTION('',(0.,0.,1.));
#2445 = ORIENTED_EDGE('',*,*,#2446,.F.);
#2446 = EDGE_CURVE('',#2430,#2439,#2447,.T.);
#2447 = CIRCLE('',#2448,2.);
#2448 = AXIS2_PLACEMENT_3D('',#2449,#2450,#2451);
#2449 = CARTESIAN_POINT('',(-13.49999999999,21.,1.9));
#2450 = DIRECTION('',(0.,-0.,1.));
#2451 = DIRECTION('',(3.642E-14,1.,0.));
#2452 = CYLINDRICAL_SURFACE('',#2453,2.);
#2453 = AXIS2_PLACEMENT_3D('',#2454,#2455,#2456);
#2454 = CARTESIAN_POINT('',(-13.49999999999,21.,0.));
#2455 = DIRECTION('',(-0.,-0.,-1.));
#2456 = DIRECTION('',(1.,0.,0.));
#2457 = ADVANCED_FACE('',(#2458),#2476,.F.);
#2458 = FACE_BOUND('',#2459,.F.);
#2459 = EDGE_LOOP('',(#2460,#2461,#2462,#2470));
#2460 = ORIENTED_EDGE('',*,*,#2438,.T.);
#2461 = ORIENTED_EDGE('',*,*,#1660,.T.);
#2462 = ORIENTED_EDGE('',*,*,#2463,.F.);
#2463 = EDGE_CURVE('',#2464,#1661,#2466,.T.);
#2464 = VERTEX_POINT('',#2465);
#2465 = CARTESIAN_POINT('',(-15.49999999999,-21.,1.9));
#2466 = LINE('',#2467,#2468);
#2467 = CARTESIAN_POINT('',(-15.49999999999,-21.,0.));
#2468 = VECTOR('',#2469,1.);
#2469 = DIRECTION('',(0.,0.,1.));
#2470 = ORIENTED_EDGE('',*,*,#2471,.F.);
#2471 = EDGE_CURVE('',#2439,#2464,#2472,.T.);
#2472 = LINE('',#2473,#2474);
#2473 = CARTESIAN_POINT('',(-15.49999999999,21.,1.9));
#2474 = VECTOR('',#2475,1.);
#2475 = DIRECTION('',(0.,-1.,0.));
#2476 = PLANE('',#2477);
#2477 = AXIS2_PLACEMENT_3D('',#2478,#2479,#2480);
#2478 = CARTESIAN_POINT('',(-15.49999999999,21.,0.));
#2479 = DIRECTION('',(1.,0.,0.));
#2480 = DIRECTION('',(0.,-1.,0.));
#2481 = ADVANCED_FACE('',(#2482),#2501,.T.);
#2482 = FACE_BOUND('',#2483,.F.);
#2483 = EDGE_LOOP('',(#2484,#2485,#2486,#2494));
#2484 = ORIENTED_EDGE('',*,*,#2463,.T.);
#2485 = ORIENTED_EDGE('',*,*,#1668,.T.);
#2486 = ORIENTED_EDGE('',*,*,#2487,.F.);
#2487 = EDGE_CURVE('',#2488,#1669,#2490,.T.);
#2488 = VERTEX_POINT('',#2489);
#2489 = CARTESIAN_POINT('',(-13.49999999999,-23.,1.9));
#2490 = LINE('',#2491,#2492);
#2491 = CARTESIAN_POINT('',(-13.49999999999,-23.,0.));
#2492 = VECTOR('',#2493,1.);
#2493 = DIRECTION('',(0.,0.,1.));
#2494 = ORIENTED_EDGE('',*,*,#2495,.F.);
#2495 = EDGE_CURVE('',#2464,#2488,#2496,.T.);
#2496 = CIRCLE('',#2497,2.);
#2497 = AXIS2_PLACEMENT_3D('',#2498,#2499,#2500);
#2498 = CARTESIAN_POINT('',(-13.49999999999,-21.,1.9));
#2499 = DIRECTION('',(0.,0.,1.));
#2500 = DIRECTION('',(-1.,-5.33E-15,0.));
#2501 = CYLINDRICAL_SURFACE('',#2502,2.);
#2502 = AXIS2_PLACEMENT_3D('',#2503,#2504,#2505);
#2503 = CARTESIAN_POINT('',(-13.49999999999,-21.,0.));
#2504 = DIRECTION('',(-0.,-0.,-1.));
#2505 = DIRECTION('',(1.,0.,0.));
#2506 = ADVANCED_FACE('',(#2507),#2523,.F.);
#2507 = FACE_BOUND('',#2508,.F.);
#2508 = EDGE_LOOP('',(#2509,#2510,#2511,#2517));
#2509 = ORIENTED_EDGE('',*,*,#2487,.T.);
#2510 = ORIENTED_EDGE('',*,*,#1677,.T.);
#2511 = ORIENTED_EDGE('',*,*,#2512,.F.);
#2512 = EDGE_CURVE('',#2375,#1678,#2513,.T.);
#2513 = LINE('',#2514,#2515);
#2514 = CARTESIAN_POINT('',(13.499999999999,-23.,0.));
#2515 = VECTOR('',#2516,1.);
#2516 = DIRECTION('',(0.,0.,1.));
#2517 = ORIENTED_EDGE('',*,*,#2518,.F.);
#2518 = EDGE_CURVE('',#2488,#2375,#2519,.T.);
#2519 = LINE('',#2520,#2521);
#2520 = CARTESIAN_POINT('',(-13.49999999999,-23.,1.9));
#2521 = VECTOR('',#2522,1.);
#2522 = DIRECTION('',(1.,0.,0.));
#2523 = PLANE('',#2524);
#2524 = AXIS2_PLACEMENT_3D('',#2525,#2526,#2527);
#2525 = CARTESIAN_POINT('',(-13.49999999999,-23.,0.));
#2526 = DIRECTION('',(0.,1.,0.));
#2527 = DIRECTION('',(1.,0.,0.));
#2528 = ADVANCED_FACE('',(#2529),#2535,.T.);
#2529 = FACE_BOUND('',#2530,.F.);
#2530 = EDGE_LOOP('',(#2531,#2532,#2533,#2534));
#2531 = ORIENTED_EDGE('',*,*,#2512,.T.);
#2532 = ORIENTED_EDGE('',*,*,#1685,.T.);
#2533 = ORIENTED_EDGE('',*,*,#1853,.F.);
#2534 = ORIENTED_EDGE('',*,*,#2383,.F.);
#2535 = CYLINDRICAL_SURFACE('',#2536,2.);
#2536 = AXIS2_PLACEMENT_3D('',#2537,#2538,#2539);
#2537 = CARTESIAN_POINT('',(13.499999999999,-21.,0.));
#2538 = DIRECTION('',(-0.,-0.,-1.));
#2539 = DIRECTION('',(1.,0.,0.));
#2540 = ADVANCED_FACE('',(#2541),#2554,.F.);
#2541 = FACE_BOUND('',#2542,.F.);
#2542 = EDGE_LOOP('',(#2543,#2549,#2550,#2551,#2552,#2553));
#2543 = ORIENTED_EDGE('',*,*,#2544,.T.);
#2544 = EDGE_CURVE('',#2057,#2008,#2545,.T.);
#2545 = LINE('',#2546,#2547);
#2546 = CARTESIAN_POINT('',(2.5,21.5,5.));
#2547 = VECTOR('',#2548,1.);
#2548 = DIRECTION('',(-1.,-0.,-0.));
#2549 = ORIENTED_EDGE('',*,*,#2015,.T.);
#2550 = ORIENTED_EDGE('',*,*,#1984,.T.);
#2551 = ORIENTED_EDGE('',*,*,#1767,.F.);
#2552 = ORIENTED_EDGE('',*,*,#2079,.F.);
#2553 = ORIENTED_EDGE('',*,*,#2056,.F.);
#2554 = PLANE('',#2555);
#2555 = AXIS2_PLACEMENT_3D('',#2556,#2557,#2558);
#2556 = CARTESIAN_POINT('',(2.5,21.5,5.));
#2557 = DIRECTION('',(0.,-0.707106781153,0.70710678122));
#2558 = DIRECTION('',(0.,-0.70710678122,-0.707106781153));
#2559 = ADVANCED_FACE('',(#2560),#2571,.F.);
#2560 = FACE_BOUND('',#2561,.F.);
#2561 = EDGE_LOOP('',(#2562,#2563,#2564,#2565));
#2562 = ORIENTED_EDGE('',*,*,#2414,.T.);
#2563 = ORIENTED_EDGE('',*,*,#1809,.T.);
#2564 = ORIENTED_EDGE('',*,*,#2429,.F.);
#2565 = ORIENTED_EDGE('',*,*,#2566,.F.);
#2566 = EDGE_CURVE('',#2338,#2430,#2567,.T.);
#2567 = LINE('',#2568,#2569);
#2568 = CARTESIAN_POINT('',(13.499999999999,23.,1.9));
#2569 = VECTOR('',#2570,1.);
#2570 = DIRECTION('',(-1.,0.,0.));
#2571 = PLANE('',#2572);
#2572 = AXIS2_PLACEMENT_3D('',#2573,#2574,#2575);
#2573 = CARTESIAN_POINT('',(13.499999999999,23.,0.));
#2574 = DIRECTION('',(0.,-1.,0.));
#2575 = DIRECTION('',(-1.,0.,0.));
#2576 = ADVANCED_FACE('',(#2577),#2583,.T.);
#2577 = FACE_BOUND('',#2578,.T.);
#2578 = EDGE_LOOP('',(#2579,#2580,#2581,#2582));
#2579 = ORIENTED_EDGE('',*,*,#2030,.F.);
#2580 = ORIENTED_EDGE('',*,*,#2064,.T.);
#2581 = ORIENTED_EDGE('',*,*,#2544,.T.);
#2582 = ORIENTED_EDGE('',*,*,#2007,.F.);
#2583 = PLANE('',#2584);
#2584 = AXIS2_PLACEMENT_3D('',#2585,#2586,#2587);
#2585 = CARTESIAN_POINT('',(2.5,21.5,6.5));
#2586 = DIRECTION('',(0.,1.,0.));
#2587 = DIRECTION('',(-1.,0.,0.));
#2588 = ADVANCED_FACE('',(#2589),#2607,.F.);
#2589 = FACE_BOUND('',#2590,.T.);
#2590 = EDGE_LOOP('',(#2591,#2598,#2599,#2600));
#2591 = ORIENTED_EDGE('',*,*,#2592,.F.);
#2592 = EDGE_CURVE('',#2224,#2593,#2595,.T.);
#2593 = VERTEX_POINT('',#2594);
#2594 = CARTESIAN_POINT('',(1.75,-16.5,2.5));
#2595 = B_SPLINE_CURVE_WITH_KNOTS('',1,(#2596,#2597),.UNSPECIFIED.,.F.,
  .F.,(2,2),(-115.9394988478,-112.9394988478),.PIECEWISE_BEZIER_KNOTS.);
#2596 = CARTESIAN_POINT('',(1.75,-16.5,3.));
#2597 = CARTESIAN_POINT('',(1.75,-16.5,0.));
#2598 = ORIENTED_EDGE('',*,*,#2223,.T.);
#2599 = ORIENTED_EDGE('',*,*,#2592,.T.);
#2600 = ORIENTED_EDGE('',*,*,#2601,.T.);
#2601 = EDGE_CURVE('',#2593,#2593,#2602,.T.);
#2602 = CIRCLE('',#2603,1.75);
#2603 = AXIS2_PLACEMENT_3D('',#2604,#2605,#2606);
#2604 = CARTESIAN_POINT('',(0.,-16.5,2.5));
#2605 = DIRECTION('',(0.,0.,-1.));
#2606 = DIRECTION('',(1.,0.,0.));
#2607 = CYLINDRICAL_SURFACE('',#2608,1.75);
#2608 = AXIS2_PLACEMENT_3D('',#2609,#2610,#2611);
#2609 = CARTESIAN_POINT('',(0.,-16.5,-112.9394988478));
#2610 = DIRECTION('',(-0.,-0.,-1.));
#2611 = DIRECTION('',(1.,0.,0.));
#2612 = ADVANCED_FACE('',(#2613),#2625,.T.);
#2613 = FACE_BOUND('',#2614,.T.);
#2614 = EDGE_LOOP('',(#2615,#2616,#2617,#2624));
#2615 = ORIENTED_EDGE('',*,*,#2346,.T.);
#2616 = ORIENTED_EDGE('',*,*,#2252,.T.);
#2617 = ORIENTED_EDGE('',*,*,#2618,.F.);
#2618 = EDGE_CURVE('',#2430,#2255,#2619,.T.);
#2619 = CIRCLE('',#2620,1.9);
#2620 = AXIS2_PLACEMENT_3D('',#2621,#2622,#2623);
#2621 = CARTESIAN_POINT('',(-13.49999999999,21.1,1.9));
#2622 = DIRECTION('',(-1.,0.,0.));
#2623 = DIRECTION('',(0.,1.,0.));
#2624 = ORIENTED_EDGE('',*,*,#2566,.F.);
#2625 = CYLINDRICAL_SURFACE('',#2626,1.9);
#2626 = AXIS2_PLACEMENT_3D('',#2627,#2628,#2629);
#2627 = CARTESIAN_POINT('',(13.499999999999,21.1,1.9));
#2628 = DIRECTION('',(-1.,0.,0.));
#2629 = DIRECTION('',(0.,1.,0.));
#2630 = ADVANCED_FACE('',(#2631),#2643,.T.);
#2631 = FACE_BOUND('',#2632,.F.);
#2632 = EDGE_LOOP('',(#2633,#2634,#2635,#2642));
#2633 = ORIENTED_EDGE('',*,*,#2618,.F.);
#2634 = ORIENTED_EDGE('',*,*,#2446,.T.);
#2635 = ORIENTED_EDGE('',*,*,#2636,.T.);
#2636 = EDGE_CURVE('',#2439,#2263,#2637,.T.);
#2637 = CIRCLE('',#2638,1.9);
#2638 = AXIS2_PLACEMENT_3D('',#2639,#2640,#2641);
#2639 = CARTESIAN_POINT('',(-13.59999999999,21.,1.9));
#2640 = DIRECTION('',(-5.83E-15,-1.,-0.));
#2641 = DIRECTION('',(-1.,5.83E-15,0.));
#2642 = ORIENTED_EDGE('',*,*,#2262,.F.);
#2643 = SURFACE_OF_REVOLUTION('',#2644,#2657);
#2644 = B_SPLINE_CURVE_WITH_KNOTS('',6,(#2645,#2646,#2647,#2648,#2649,
    #2650,#2651,#2652,#2653,#2654,#2655,#2656),.UNSPECIFIED.,.F.,.F.,(7,
    5,7),(0.,0.785398163397,1.570796326795),.UNSPECIFIED.);
#2645 = CARTESIAN_POINT('',(-13.49999999999,23.,1.9));
#2646 = CARTESIAN_POINT('',(-13.49999999999,23.,1.651290581591));
#2647 = CARTESIAN_POINT('',(-13.49999999999,22.960932969155,
    1.402581578595));
#2648 = CARTESIAN_POINT('',(-13.49999999999,22.882797889701,
    1.161540935116));
#2649 = CARTESIAN_POINT('',(-13.49999999999,22.767606260686,
    0.93584961704));
#2650 = CARTESIAN_POINT('',(-13.49999999999,22.619367000557,
    0.732361232048));
#2651 = CARTESIAN_POINT('',(-13.49999999999,22.267638767952,
    0.380632999443));
#2652 = CARTESIAN_POINT('',(-13.49999999999,22.06415038296,
    0.232393739314));
#2653 = CARTESIAN_POINT('',(-13.49999999999,21.838459064884,
    0.117202110299));
#2654 = CARTESIAN_POINT('',(-13.49999999999,21.597418421405,
    3.906703084475E-02));
#2655 = CARTESIAN_POINT('',(-13.49999999999,21.348709418409,
    3.101260744808E-17));
#2656 = CARTESIAN_POINT('',(-13.49999999999,21.1,-1.26983314481E-31));
#2657 = AXIS1_PLACEMENT('',#2658,#2659);
#2658 = CARTESIAN_POINT('',(-13.49999999999,21.,1.9));
#2659 = DIRECTION('',(-0.,-0.,-1.));
#2660 = ADVANCED_FACE('',(#2661),#2673,.T.);
#2661 = FACE_BOUND('',#2662,.T.);
#2662 = EDGE_LOOP('',(#2663,#2664,#2665,#2672));
#2663 = ORIENTED_EDGE('',*,*,#2636,.T.);
#2664 = ORIENTED_EDGE('',*,*,#2271,.T.);
#2665 = ORIENTED_EDGE('',*,*,#2666,.F.);
#2666 = EDGE_CURVE('',#2464,#2272,#2667,.T.);
#2667 = CIRCLE('',#2668,1.9);
#2668 = AXIS2_PLACEMENT_3D('',#2669,#2670,#2671);
#2669 = CARTESIAN_POINT('',(-13.59999999999,-21.,1.9));
#2670 = DIRECTION('',(0.,-1.,0.));
#2671 = DIRECTION('',(-1.,0.,0.));
#2672 = ORIENTED_EDGE('',*,*,#2471,.F.);
#2673 = CYLINDRICAL_SURFACE('',#2674,1.9);
#2674 = AXIS2_PLACEMENT_3D('',#2675,#2676,#2677);
#2675 = CARTESIAN_POINT('',(-13.59999999999,21.,1.9));
#2676 = DIRECTION('',(0.,-1.,0.));
#2677 = DIRECTION('',(-1.,0.,0.));
#2678 = ADVANCED_FACE('',(#2679),#2691,.T.);
#2679 = FACE_BOUND('',#2680,.F.);
#2680 = EDGE_LOOP('',(#2681,#2682,#2683,#2690));
#2681 = ORIENTED_EDGE('',*,*,#2666,.F.);
#2682 = ORIENTED_EDGE('',*,*,#2495,.T.);
#2683 = ORIENTED_EDGE('',*,*,#2684,.T.);
#2684 = EDGE_CURVE('',#2488,#2280,#2685,.T.);
#2685 = CIRCLE('',#2686,1.9);
#2686 = AXIS2_PLACEMENT_3D('',#2687,#2688,#2689);
#2687 = CARTESIAN_POINT('',(-13.49999999999,-21.1,1.9));
#2688 = DIRECTION('',(1.,3.635E-14,0.));
#2689 = DIRECTION('',(3.635E-14,-1.,0.));
#2690 = ORIENTED_EDGE('',*,*,#2279,.F.);
#2691 = SURFACE_OF_REVOLUTION('',#2692,#2705);
#2692 = B_SPLINE_CURVE_WITH_KNOTS('',6,(#2693,#2694,#2695,#2696,#2697,
    #2698,#2699,#2700,#2701,#2702,#2703,#2704),.UNSPECIFIED.,.F.,.F.,(7,
    5,7),(0.,0.785398163397,1.570796326795),.UNSPECIFIED.);
#2693 = CARTESIAN_POINT('',(-15.49999999999,-21.,1.9));
#2694 = CARTESIAN_POINT('',(-15.49999999999,-21.,1.651290581591));
#2695 = CARTESIAN_POINT('',(-15.46093296915,-21.,1.402581578595));
#2696 = CARTESIAN_POINT('',(-15.3827978897,-21.,1.161540935116));
#2697 = CARTESIAN_POINT('',(-15.26760626068,-21.,0.93584961704));
#2698 = CARTESIAN_POINT('',(-15.11936700055,-21.,0.732361232048));
#2699 = CARTESIAN_POINT('',(-14.76763876795,-21.,0.380632999443));
#2700 = CARTESIAN_POINT('',(-14.56415038296,-21.,0.232393739314));
#2701 = CARTESIAN_POINT('',(-14.33845906488,-21.,0.117202110299));
#2702 = CARTESIAN_POINT('',(-14.0974184214,-21.,3.906703084475E-02));
#2703 = CARTESIAN_POINT('',(-13.8487094184,-21.,3.101260744808E-17));
#2704 = CARTESIAN_POINT('',(-13.59999999999,-21.,-1.26983314481E-31));
#2705 = AXIS1_PLACEMENT('',#2706,#2707);
#2706 = CARTESIAN_POINT('',(-13.49999999999,-21.,1.9));
#2707 = DIRECTION('',(-0.,-0.,-1.));
#2708 = ADVANCED_FACE('',(#2709),#2715,.T.);
#2709 = FACE_BOUND('',#2710,.T.);
#2710 = EDGE_LOOP('',(#2711,#2712,#2713,#2714));
#2711 = ORIENTED_EDGE('',*,*,#2684,.T.);
#2712 = ORIENTED_EDGE('',*,*,#2288,.T.);
#2713 = ORIENTED_EDGE('',*,*,#2374,.F.);
#2714 = ORIENTED_EDGE('',*,*,#2518,.F.);
#2715 = CYLINDRICAL_SURFACE('',#2716,1.9);
#2716 = AXIS2_PLACEMENT_3D('',#2717,#2718,#2719);
#2717 = CARTESIAN_POINT('',(-13.49999999999,-21.1,1.9));
#2718 = DIRECTION('',(1.,0.,0.));
#2719 = DIRECTION('',(0.,-1.,0.));
#2720 = ADVANCED_FACE('',(#2721),#2740,.F.);
#2721 = FACE_BOUND('',#2722,.F.);
#2722 = EDGE_LOOP('',(#2723,#2731,#2738,#2739));
#2723 = ORIENTED_EDGE('',*,*,#2724,.T.);
#2724 = EDGE_CURVE('',#2314,#2725,#2727,.T.);
#2725 = VERTEX_POINT('',#2726);
#2726 = CARTESIAN_POINT('',(3.,-16.5,1.5));
#2727 = LINE('',#2728,#2729);
#2728 = CARTESIAN_POINT('',(3.,-16.5,0.));
#2729 = VECTOR('',#2730,1.);
#2730 = DIRECTION('',(0.,0.,1.));
#2731 = ORIENTED_EDGE('',*,*,#2732,.T.);
#2732 = EDGE_CURVE('',#2725,#2725,#2733,.T.);
#2733 = CIRCLE('',#2734,3.);
#2734 = AXIS2_PLACEMENT_3D('',#2735,#2736,#2737);
#2735 = CARTESIAN_POINT('',(0.,-16.5,1.5));
#2736 = DIRECTION('',(0.,0.,-1.));
#2737 = DIRECTION('',(1.,0.,0.));
#2738 = ORIENTED_EDGE('',*,*,#2724,.F.);
#2739 = ORIENTED_EDGE('',*,*,#2313,.F.);
#2740 = CYLINDRICAL_SURFACE('',#2741,3.);
#2741 = AXIS2_PLACEMENT_3D('',#2742,#2743,#2744);
#2742 = CARTESIAN_POINT('',(0.,-16.5,0.));
#2743 = DIRECTION('',(0.,0.,-1.));
#2744 = DIRECTION('',(1.,0.,0.));
#2745 = ADVANCED_FACE('',(#2746,#2757),#2760,.F.);
#2746 = FACE_BOUND('',#2747,.F.);
#2747 = EDGE_LOOP('',(#2748));
#2748 = ORIENTED_EDGE('',*,*,#2749,.F.);
#2749 = EDGE_CURVE('',#2750,#2750,#2752,.T.);
#2750 = VERTEX_POINT('',#2751);
#2751 = CARTESIAN_POINT('',(2.,-16.5,2.5));
#2752 = CIRCLE('',#2753,2.);
#2753 = AXIS2_PLACEMENT_3D('',#2754,#2755,#2756);
#2754 = CARTESIAN_POINT('',(0.,-16.5,2.5));
#2755 = DIRECTION('',(0.,0.,-1.));
#2756 = DIRECTION('',(1.,0.,0.));
#2757 = FACE_BOUND('',#2758,.F.);
#2758 = EDGE_LOOP('',(#2759));
#2759 = ORIENTED_EDGE('',*,*,#2601,.T.);
#2760 = PLANE('',#2761);
#2761 = AXIS2_PLACEMENT_3D('',#2762,#2763,#2764);
#2762 = CARTESIAN_POINT('',(-2.279066887566E-16,-16.5,2.5));
#2763 = DIRECTION('',(0.,0.,1.));
#2764 = DIRECTION('',(1.,0.,0.));
#2765 = ADVANCED_FACE('',(#2766),#2778,.F.);
#2766 = FACE_BOUND('',#2767,.T.);
#2767 = EDGE_LOOP('',(#2768,#2775,#2776,#2777));
#2768 = ORIENTED_EDGE('',*,*,#2769,.F.);
#2769 = EDGE_CURVE('',#2725,#2750,#2770,.T.);
#2770 = CIRCLE('',#2771,1.);
#2771 = AXIS2_PLACEMENT_3D('',#2772,#2773,#2774);
#2772 = CARTESIAN_POINT('',(2.,-16.5,1.5));
#2773 = DIRECTION('',(0.,-1.,0.));
#2774 = DIRECTION('',(1.,0.,0.));
#2775 = ORIENTED_EDGE('',*,*,#2732,.F.);
#2776 = ORIENTED_EDGE('',*,*,#2769,.T.);
#2777 = ORIENTED_EDGE('',*,*,#2749,.T.);
#2778 = TOROIDAL_SURFACE('',#2779,2.,1.);
#2779 = AXIS2_PLACEMENT_3D('',#2780,#2781,#2782);
#2780 = CARTESIAN_POINT('',(0.,-16.5,1.5));
#2781 = DIRECTION('',(0.,0.,1.));
#2782 = DIRECTION('',(1.,0.,0.));
#2783 = ( GEOMETRIC_REPRESENTATION_CONTEXT(3) 
GLOBAL_UNCERTAINTY_ASSIGNED_CONTEXT((#2787)) 
GLOBAL_UNIT_ASSIGNED_CONTEXT((#2784,#2785,#2786)) REPRESENTATION_CONTEXT
('Context #1','3D Context with UNIT and UNCERTAINTY') );
#2784 = ( LENGTH_UNIT() NAMED_UNIT(*) SI_UNIT(.MILLI.,.METRE.) );
#2785 = ( NAMED_UNIT(*) PLANE_ANGLE_UNIT() SI_UNIT($,.RADIAN.) );
#2786 = ( NAMED_UNIT(*) SI_UNIT($,.STERADIAN.) SOLID_ANGLE_UNIT() );
#2787 = UNCERTAINTY_MEASURE_WITH_UNIT(LENGTH_MEASURE(5.E-06),#2784,
  'distance_accuracy_value','confusion accuracy');
#2788 = PRODUCT_RELATED_PRODUCT_CATEGORY('part',$,(#7));
#2789 = MECHANICAL_DESIGN_GEOMETRIC_PRESENTATION_REPRESENTATION('',(
    #2790),#2783);
#2790 = STYLED_ITEM('color',(#2791),#15);
#2791 = PRESENTATION_STYLE_ASSIGNMENT((#2792,#2798));
#2792 = SURFACE_STYLE_USAGE(.BOTH.,#2793);
#2793 = SURFACE_SIDE_STYLE('',(#2794));
#2794 = SURFACE_STYLE_FILL_AREA(#2795);
#2795 = FILL_AREA_STYLE('',(#2796));
#2796 = FILL_AREA_STYLE_COLOUR('',#2797);
#2797 = COLOUR_RGB('',0.678431390124,0.709803936702,0.741176476869);
#2798 = CURVE_STYLE('',#2799,POSITIVE_LENGTH_MEASURE(0.1),#2800);
#2799 = DRAUGHTING_PRE_DEFINED_CURVE_FONT('continuous');
#2800 = COLOUR_RGB('',9.803921802644E-02,9.803921802644E-02,
  9.803921802644E-02);
ENDSEC;
END-ISO-10303-21;
